path	bytes	sha256	archive	licence	attribution	source_url	inputs	generation	format
27-game-assets/audio/kenney-sfx/impact-sounds/footstep_carpet_003.ogg	6301	4ae7454338d57c7d102145919ae653c7d010eb542797c4f25a1c7470be3a7e4c	27-game-assets_audio.zip	CC0-1.0	none required (courtesy credit in README)	https://kenney.nl/assets/impact-sounds	file as published		Ogg data, Vorbis audio, stereo, 44100 Hz, ~160000 bps, created by: Xiph.Org libVorbis I (1.3.3)
27-game-assets/audio/kenney-sfx/impact-sounds/impactBell_heavy_001.ogg	15577	9df61e3ae9a83dc65e5a1fd3ed19d480876f3b22b963a1b9ef6fa293592dcec4	27-game-assets_audio.zip	CC0-1.0	none required (courtesy credit in README)	https://kenney.nl/assets/impact-sounds	file as published		Ogg data, Vorbis audio, stereo, 44100 Hz, ~160000 bps, created by: Xiph.Org libVorbis I (1.3.3)
27-game-assets/audio/kenney-sfx/impact-sounds/impactBell_heavy_003.ogg	9429	5572ccdeb3b62373b86fa955355b3a222c36e815f0636ba16165189a21cf2514	27-game-assets_audio.zip	CC0-1.0	none required (courtesy credit in README)	https://kenney.nl/assets/impact-sounds	file as published		Ogg data, Vorbis audio, stereo, 44100 Hz, ~160000 bps, created by: Xiph.Org libVorbis I (1.3.3)
27-game-assets/audio/kenney-sfx/impact-sounds/impactGlass_heavy_003.ogg	6956	aed07b154f24410c17e5262bbef832842fb275d41fe297f721af7501d0e9c23a	27-game-assets_audio.zip	CC0-1.0	none required (courtesy credit in README)	https://kenney.nl/assets/impact-sounds	file as published		Ogg data, Vorbis audio, stereo, 44100 Hz, ~160000 bps, created by: Xiph.Org libVorbis I (1.3.3)
27-game-assets/audio/kenney-sfx/impact-sounds/impactSoft_medium_000.ogg	5351	7d3ba0bb5e60a11b5d3e558c141303dcf494256675fbf753c0d252d2cf0481e3	27-game-assets_audio.zip	CC0-1.0	none required (courtesy credit in README)	https://kenney.nl/assets/impact-sounds	file as published		Ogg data, Vorbis audio, stereo, 44100 Hz, ~160000 bps, created by: Xiph.Org libVorbis I (1.3.3)
27-game-assets/audio/kenney-sfx/interface-sounds/click_002.ogg	4275	adcd1f4adc35f1b41bc1b5bbefeff7aa44f2f3f0d96d3199b544140c7c1e761c	27-game-assets_audio.zip	CC0-1.0	none required (courtesy credit in README)	https://kenney.nl/assets/interface-sounds	file as published		Ogg data, Vorbis audio, mono, 44100 Hz, ~96000 bps, created by: Xiph.Org libVorbis I (1.3.3)
27-game-assets/audio/kenney-sfx/interface-sounds/question_001.ogg	11700	abb8f9e4eb2071491b0b15f84ee302386b1847609310c1b000ae174639a6cc5a	27-game-assets_audio.zip	CC0-1.0	none required (courtesy credit in README)	https://kenney.nl/assets/interface-sounds	file as published		Ogg data, Vorbis audio, mono, 44100 Hz, ~239920 bps, created by: Xiph.Org libVorbis I (1.3.3)
27-game-assets/audio/kenney-sfx/interface-sounds/scroll_003.ogg	29488	c2fecaa6e37c73d7141d0bd303d1c2231428d97c19ce83d50236a56804818643	27-game-assets_audio.zip	CC0-1.0	none required (courtesy credit in README)	https://kenney.nl/assets/interface-sounds	file as published		Ogg data, Vorbis audio, mono, 44100 Hz, ~239920 bps, created by: Xiph.Org libVorbis I (1.3.3)
27-game-assets/audio/kenney-sfx/interface-sounds/select_007.ogg	6580	cd4390dd2b24f09016a5fa1be63334fa0f1859811f4cf29c02e8e2750f6a2cd0	27-game-assets_audio.zip	CC0-1.0	none required (courtesy credit in README)	https://kenney.nl/assets/interface-sounds	file as published		Ogg data, Vorbis audio, mono, 44100 Hz, ~239920 bps, created by: Xiph.Org libVorbis I (1.3.3)
27-game-assets/audio/kenney-sfx/interface-sounds/toggle_002.ogg	8056	1f564f5520cfa0764028ce245ad97599d3ece8f0ab504554c403af92ac72b900	27-game-assets_audio.zip	CC0-1.0	none required (courtesy credit in README)	https://kenney.nl/assets/interface-sounds	file as published		Ogg data, Vorbis audio, mono, 44100 Hz, ~239920 bps, created by: Xiph.Org libVorbis I (1.3.3)
27-game-assets/audio/kenney-sfx/kenney_impact-sounds.tar	1146880	67c15432cc2e0d35f385d9861a26ff7c0e339a4fad9a1841c1b6618b9205b7de	27-game-assets_audio.zip	CC0-1.0	none required (courtesy credit in README)	https://kenney.nl/assets/impact-sounds	kenney_impact-sounds.zip sha256:029d734af1582474edf3a694d1b0cebc97c1c152f2f39fa34d4c2bafc5de77f8 (https://kenney.nl/assets/impact-sounds)	Python 3 tarfile: POSIX ustar, no compression, mtime 0, uid / gid 0, empty owner names, mode 0644, members sorted by name, of the OGG files of kenney_impact-sounds.zip	POSIX tar archive
27-game-assets/audio/kenney-sfx/kenney_interface-sounds.tar	1044480	c2d78ec07173169217789d5548693b00b1c947f6216178f1de9012e06e3b1301	27-game-assets_audio.zip	CC0-1.0	none required (courtesy credit in README)	https://kenney.nl/assets/interface-sounds	kenney_interface-sounds.zip sha256:f2193d072726d6758a5f7871b2dcc54dcce0d5c35c6f0a62f92549b327c81232 (https://kenney.nl/assets/interface-sounds)	Python 3 tarfile: POSIX ustar, no compression, mtime 0, uid / gid 0, empty owner names, mode 0644, members sorted by name, of the OGG files of kenney_interface-sounds.zip	POSIX tar archive
27-game-assets/audio/kenney-sfx/kenney_rpg-audio.tar	1095680	5a7326b6f671577f173f8b37db484ae97c2f4a805b0d8b76c2777cc64e008de2	27-game-assets_audio.zip	CC0-1.0	none required (courtesy credit in README)	https://kenney.nl/assets/rpg-audio	kenney_rpg-audio.zip sha256:6dbeaf8544da958d8f2adcb4a4a4b76c1ade34a05f8ab9edccd327da7375f38b (https://kenney.nl/assets/rpg-audio)	Python 3 tarfile: POSIX ustar, no compression, mtime 0, uid / gid 0, empty owner names, mode 0644, members sorted by name, of the OGG files of kenney_rpg-audio.zip	POSIX tar archive
27-game-assets/audio/kenney-sfx/rpg-audio/Preview.ogg	321120	631d554d100779c7896699bb4727807d4ca365ca850dc79216157cf31dae4b6a	27-game-assets_audio.zip	CC0-1.0	none required (courtesy credit in README)	https://kenney.nl/assets/rpg-audio	file as published		Ogg data, Vorbis audio, stereo, 48000 Hz, ~96000 bps, created by: Xiph.Org libVorbis I (1.0)
27-game-assets/audio/kenney-sfx/rpg-audio/bookFlip1.ogg	18248	fa81ac2fedc8c641661b87e349630a36c9800e795e0c800e029214efdbe26a7d	27-game-assets_audio.zip	CC0-1.0	none required (courtesy credit in README)	https://kenney.nl/assets/rpg-audio	file as published		Ogg data, Vorbis audio, stereo, 48000 Hz, ~160000 bps, created by: Xiph.Org libVorbis I (1.2.0)
27-game-assets/audio/kenney-sfx/rpg-audio/bookFlip2.ogg	12393	3409042acbfaebc24c1a6327dc073e36f9250841712e96c5040da566a97df73c	27-game-assets_audio.zip	CC0-1.0	none required (courtesy credit in README)	https://kenney.nl/assets/rpg-audio	file as published		Ogg data, Vorbis audio, stereo, 48000 Hz, ~160000 bps, created by: Xiph.Org libVorbis I (1.2.0)
27-game-assets/audio/kenney-sfx/rpg-audio/bookOpen.ogg	8273	953390534377222bee89ac8cd9e60a58fdc037c71a4d7c18c43cd647c7f34ba8	27-game-assets_audio.zip	CC0-1.0	none required (courtesy credit in README)	https://kenney.nl/assets/rpg-audio	file as published		Ogg data, Vorbis audio, stereo, 48000 Hz, ~160000 bps, created by: Xiph.Org libVorbis I (1.2.0)
27-game-assets/audio/kenney-sfx/rpg-audio/metalLatch.ogg	10208	ba9ba60b172b3ebc131a940f25793cd2e207aca7af73dc80d637277f060f1708	27-game-assets_audio.zip	CC0-1.0	none required (courtesy credit in README)	https://kenney.nl/assets/rpg-audio	file as published		Ogg data, Vorbis audio, stereo, 48000 Hz, ~160000 bps, created by: Xiph.Org libVorbis I (1.2.0)
27-game-assets/meshes/Avocado/glTF-Binary/Avocado.glb	8110040	ccc9c3ce56423720b09399c2351537207cd5a65f859f9e6e2f30922762f3abd4	27-game-assets_meshes.zip	CC0-1.0	none required (courtesy credit in README)	https://raw.githubusercontent.com/KhronosGroup/glTF-Sample-Assets/main/Models/Avocado/glTF-Binary/Avocado.glb	file as published		glTF binary model, version 2, length 8110040 bytes
27-game-assets/meshes/Avocado/glTF-Draco/Avocado.bin	8724	535123a66a19c0427298d0bbe81b0ba5efa6d8155b7c659e11c23d8c6d6fe2c6	27-game-assets_meshes.zip	CC0-1.0	none required (courtesy credit in README)	https://raw.githubusercontent.com/KhronosGroup/glTF-Sample-Assets/main/Models/Avocado/glTF-Draco/Avocado.bin	file as published		data
27-game-assets/meshes/Avocado/glTF-Draco/Avocado.gltf	3083	63ec45999c1df77adc3837857c95d16dde7aee062b4a1d4475ca968514ec8609	27-game-assets_meshes.zip	CC0-1.0	none required (courtesy credit in README)	https://raw.githubusercontent.com/KhronosGroup/glTF-Sample-Assets/main/Models/Avocado/glTF-Draco/Avocado.gltf	file as published		JSON text data
27-game-assets/meshes/Avocado/glTF-Quantized/Avocado.bin	12212	ec991f94879b1987d82e57e4edb13c0b48be65092177a541f146c2c71de27422	27-game-assets_meshes.zip	CC0-1.0	none required (courtesy credit in README)	https://raw.githubusercontent.com/KhronosGroup/glTF-Sample-Assets/main/Models/Avocado/glTF-Quantized/Avocado.bin	file as published		data
27-game-assets/meshes/Avocado/glTF-Quantized/Avocado.gltf	3817	0cb153be897b36ca62e7c08f6f9921c764063d791e4cef249b95c928bc324b85	27-game-assets_meshes.zip	CC0-1.0	none required (courtesy credit in README)	https://raw.githubusercontent.com/KhronosGroup/glTF-Sample-Assets/main/Models/Avocado/glTF-Quantized/Avocado.gltf	file as published		JSON text data
27-game-assets/meshes/Avocado/glTF/Avocado.bin	23580	3bf7ce0ec994562eabf0cb72a52bbc7976818d630d62609a966b53a5ff9b9180	27-game-assets_meshes.zip	CC0-1.0	none required (courtesy credit in README)	https://raw.githubusercontent.com/KhronosGroup/glTF-Sample-Assets/main/Models/Avocado/glTF/Avocado.bin	file as published		data
27-game-assets/meshes/Avocado/glTF/Avocado.gltf	2413	c9bde1d2f09514dad0a16971df2222beb582fad5dfc86203de1d56389d52feda	27-game-assets_meshes.zip	CC0-1.0	none required (courtesy credit in README)	https://raw.githubusercontent.com/KhronosGroup/glTF-Sample-Assets/main/Models/Avocado/glTF/Avocado.gltf	file as published		JSON text data
27-game-assets/meshes/BarramundiFish/glTF-Binary/BarramundiFish.glb	12488144	ecc3bafb6b00f2c8b810863c388e3768a7b7ea0d0335e8cb8c574c266e571f4a	27-game-assets_meshes.zip	CC0-1.0	none required (courtesy credit in README)	https://raw.githubusercontent.com/KhronosGroup/glTF-Sample-Assets/main/Models/BarramundiFish/glTF-Binary/BarramundiFish.glb	file as published		glTF binary model, version 2, length 12488144 bytes
27-game-assets/meshes/BarramundiFish/glTF-Draco/BarramundiFish.bin	43300	62dc36deb0f58f0f448a9c16376bb6f1f04665e127aa757bf845d4c600b0258a	27-game-assets_meshes.zip	CC0-1.0	none required (courtesy credit in README)	https://raw.githubusercontent.com/KhronosGroup/glTF-Sample-Assets/main/Models/BarramundiFish/glTF-Draco/BarramundiFish.bin	file as published		data
27-game-assets/meshes/BarramundiFish/glTF-Draco/BarramundiFish.gltf	3266	468d8ce5dcc6f001001e27f84a28a4c8a6a1f4efb926ee29d568bbe36921e897	27-game-assets_meshes.zip	CC0-1.0	none required (courtesy credit in README)	https://raw.githubusercontent.com/KhronosGroup/glTF-Sample-Assets/main/Models/BarramundiFish/glTF-Draco/BarramundiFish.gltf	file as published		JSON text data
27-game-assets/meshes/BarramundiFish/glTF/BarramundiFish.bin	128208	5d6ca35ff4e498d84597956091cf5de8ce0f236cd9b8ebf48e19d372e4187112	27-game-assets_meshes.zip	CC0-1.0	none required (courtesy credit in README)	https://raw.githubusercontent.com/KhronosGroup/glTF-Sample-Assets/main/Models/BarramundiFish/glTF/BarramundiFish.bin	file as published		data
27-game-assets/meshes/BarramundiFish/glTF/BarramundiFish.gltf	2554	15e2c26d308ef73f227655703ba88c37cf817e60e25229fab5cbfd0bf6888d2e	27-game-assets_meshes.zip	CC0-1.0	none required (courtesy credit in README)	https://raw.githubusercontent.com/KhronosGroup/glTF-Sample-Assets/main/Models/BarramundiFish/glTF/BarramundiFish.gltf	file as published		JSON text data
27-game-assets/meshes/BoomBox/glTF-Binary/BoomBox.glb	10614184	f8b918445ebdd006768232205a62f5182d2208ca57f84c6ccc084943c0bc8f15	27-game-assets_meshes.zip	CC0-1.0	none required (courtesy credit in README)	https://raw.githubusercontent.com/KhronosGroup/glTF-Sample-Assets/main/Models/BoomBox/glTF-Binary/BoomBox.glb	file as published		glTF binary model, version 2, length 10614184 bytes
27-game-assets/meshes/BoomBox/glTF-Draco/BoomBox.bin	71144	a619055105a510746d14a599074373ab38fb3c0a04486465f662ae79114f536e	27-game-assets_meshes.zip	CC0-1.0	none required (courtesy credit in README)	https://raw.githubusercontent.com/KhronosGroup/glTF-Sample-Assets/main/Models/BoomBox/glTF-Draco/BoomBox.bin	file as published		data
27-game-assets/meshes/BoomBox/glTF-Draco/BoomBox.gltf	3371	aa0c0eaeeedd1ab0d30f89b19acd0b7ca5caf2c04f07e2041680e5ea6aca7b42	27-game-assets_meshes.zip	CC0-1.0	none required (courtesy credit in README)	https://raw.githubusercontent.com/KhronosGroup/glTF-Sample-Assets/main/Models/BoomBox/glTF-Draco/BoomBox.gltf	file as published		JSON text data
27-game-assets/meshes/BoomBox/glTF/BoomBox.bin	207816	f6c61a95af3e0e2462a9ac01d1e681706149452e0191930e0591a81d50b5b944	27-game-assets_meshes.zip	CC0-1.0	none required (courtesy credit in README)	https://raw.githubusercontent.com/KhronosGroup/glTF-Sample-Assets/main/Models/BoomBox/glTF/BoomBox.bin	file as published		data
27-game-assets/meshes/BoomBox/glTF/BoomBox.gltf	2702	b1d2e0e56864c71a4b65fc560bfc1572b1eb32cfb9c8e86d06e6f9ace2803a43	27-game-assets_meshes.zip	CC0-1.0	none required (courtesy credit in README)	https://raw.githubusercontent.com/KhronosGroup/glTF-Sample-Assets/main/Models/BoomBox/glTF/BoomBox.gltf	file as published		JSON text data
27-game-assets/meshes/Lantern/glTF-Binary/Lantern.glb	9564264	a79458c4b02d695187a952f23a63b8bf278e7bc3d316a3c2a314f2d6974181f1	27-game-assets_meshes.zip	CC0-1.0	none required (courtesy credit in README)	https://raw.githubusercontent.com/KhronosGroup/glTF-Sample-Assets/main/Models/Lantern/glTF-Binary/Lantern.glb	file as published		glTF binary model, version 2, length 9564264 bytes
27-game-assets/meshes/Lantern/glTF-Draco/Lantern.bin	80968	d1fd7356f178e69480fbec43dfcf029f5e94c4d9d1db124886391fe3279c138b	27-game-assets_meshes.zip	CC0-1.0	none required (courtesy credit in README)	https://raw.githubusercontent.com/KhronosGroup/glTF-Sample-Assets/main/Models/Lantern/glTF-Draco/Lantern.bin	file as published		data
27-game-assets/meshes/Lantern/glTF-Draco/Lantern.gltf	6806	8539e26c7547bcd72374f1aad72090506d1dd8a2435e11531f30093078818038	27-game-assets_meshes.zip	CC0-1.0	none required (courtesy credit in README)	https://raw.githubusercontent.com/KhronosGroup/glTF-Sample-Assets/main/Models/Lantern/glTF-Draco/Lantern.gltf	file as published		JSON text data
27-game-assets/meshes/Lantern/glTF-Quantized/Lantern.bin	115264	98d081fd37f63702ac9d8578a2c13f432caffe3d9adba6f86e292085b6873823	27-game-assets_meshes.zip	CC0-1.0	none required (courtesy credit in README)	https://raw.githubusercontent.com/KhronosGroup/glTF-Sample-Assets/main/Models/Lantern/glTF-Quantized/Lantern.bin	file as published		data
27-game-assets/meshes/Lantern/glTF-Quantized/Lantern.gltf	4313	f96fcbcf0da532749f1f8ae1071bc4ffc2ba1a43ed387784fa939d0db08ab67b	27-game-assets_meshes.zip	CC0-1.0	none required (courtesy credit in README)	https://raw.githubusercontent.com/KhronosGroup/glTF-Sample-Assets/main/Models/Lantern/glTF-Quantized/Lantern.gltf	file as published		JSON text data
27-game-assets/meshes/Lantern/glTF/Lantern.bin	231324	ef0e2e89e4b14ff9035b43867a16dc3218569b29363ccb16b283b86f1dc50eb0	27-game-assets_meshes.zip	CC0-1.0	none required (courtesy credit in README)	https://raw.githubusercontent.com/KhronosGroup/glTF-Sample-Assets/main/Models/Lantern/glTF/Lantern.bin	file as published		data
27-game-assets/meshes/Lantern/glTF/Lantern.gltf	5970	2106fea76c458caf43078c34ae7da7016cedd1f22e6f4badf94590be590f53d6	27-game-assets_meshes.zip	CC0-1.0	none required (courtesy credit in README)	https://raw.githubusercontent.com/KhronosGroup/glTF-Sample-Assets/main/Models/Lantern/glTF/Lantern.gltf	file as published		JSON text data
27-game-assets/meshes/SheenCloth/glTF/SheenCloth.bin	3479088	4ed1f49797ce52b9f653b8650a31fa249fac99524303b0e153804365fb7e45b1	27-game-assets_meshes.zip	CC0-1.0	none required (courtesy credit in README)	https://raw.githubusercontent.com/KhronosGroup/glTF-Sample-Assets/main/Models/SheenCloth/glTF/SheenCloth.bin	file as published		data
27-game-assets/meshes/SheenCloth/glTF/SheenCloth.gltf	6854	00a2cbc0d2ad4788dbfc00da3c51f252fd8e6003dbfda80b087a548fe3550f02	27-game-assets_meshes.zip	CC0-1.0	none required (courtesy credit in README)	https://raw.githubusercontent.com/KhronosGroup/glTF-Sample-Assets/main/Models/SheenCloth/glTF/SheenCloth.gltf	file as published		JSON text data
27-game-assets/meshes/ToyCar/glTF-Binary/ToyCar.glb	5422412	01a60862de55cd4b9f3acfab0b0def86451800f9c42467fcd61052c16cb9838c	27-game-assets_meshes.zip	CC0-1.0	none required (courtesy credit in README)	https://raw.githubusercontent.com/KhronosGroup/glTF-Sample-Assets/main/Models/ToyCar/glTF-Binary/ToyCar.glb	file as published		glTF binary model, version 2, length 5422412 bytes
27-game-assets/meshes/ToyCar/glTF/ToyCar.bin	3664368	2f264fe41cedb20914817b891a9f02438f2e5049e17f0983b13245f93aeb9ceb	27-game-assets_meshes.zip	CC0-1.0	none required (courtesy credit in README)	https://raw.githubusercontent.com/KhronosGroup/glTF-Sample-Assets/main/Models/ToyCar/glTF/ToyCar.bin	file as published		data
27-game-assets/meshes/ToyCar/glTF/ToyCar.gltf	17626	8e7341dfb0429663d0e93455757ea151cfd4fc5e4a7bc9e55d577bb5b498beb5	27-game-assets_meshes.zip	CC0-1.0	none required (courtesy credit in README)	https://raw.githubusercontent.com/KhronosGroup/glTF-Sample-Assets/main/Models/ToyCar/glTF/ToyCar.gltf	file as published		JSON text data
27-game-assets/textures-astc/acg_ground112_ao/acg_ground112_ao.astc4x4.astcenc-medium.astc	1048592	a6d2a12c902e92c77ce9aeee1284030d58be2fd696141184f20fc4089ea02451	27-game-assets_textures-astc.zip	CC0-1.0	none required (courtesy credit in README)	https://ambientcg.com/get?file=Ground112_1K-PNG.zip	Ground112_1K-PNG_AmbientOcclusion.png sha256:994cc14a378d6f4c22e694663769da8a22548c8e34439f18f4eadda41d682bb1 (8-bit RGBA work image sha256:e892fe420d06302f)	astcenc 5.7.0 avx2 (Apache-2.0); -cl <in> <out.astc> 4x4 -medium -silent -j 4 (level 0 only: a .astc file has no mip chain)	ASTC .astc file, block 4x4, 1024x1024, one image, no mips
27-game-assets/textures-astc/acg_ground112_ao/acg_ground112_ao.astc6x6.astcenc-medium.astc	467872	2900ce4e01720f8554df21535714c62d8bd7886a4d551a59496d0ff3eda536eb	27-game-assets_textures-astc.zip	CC0-1.0	none required (courtesy credit in README)	https://ambientcg.com/get?file=Ground112_1K-PNG.zip	Ground112_1K-PNG_AmbientOcclusion.png sha256:994cc14a378d6f4c22e694663769da8a22548c8e34439f18f4eadda41d682bb1 (8-bit RGBA work image sha256:e892fe420d06302f)	astcenc 5.7.0 avx2 (Apache-2.0); -cl <in> <out.astc> 6x6 -medium -silent -j 4 (level 0 only: a .astc file has no mip chain)	ASTC .astc file, block 6x6, 1024x1024, one image, no mips
27-game-assets/textures-astc/acg_ground112_ao/acg_ground112_ao.astc8x8.astcenc-medium.astc	262160	0fef4655f7abdc485323986dd8569d7560a6898ef736cd1ea18e4b36cd038220	27-game-assets_textures-astc.zip	CC0-1.0	none required (courtesy credit in README)	https://ambientcg.com/get?file=Ground112_1K-PNG.zip	Ground112_1K-PNG_AmbientOcclusion.png sha256:994cc14a378d6f4c22e694663769da8a22548c8e34439f18f4eadda41d682bb1 (8-bit RGBA work image sha256:e892fe420d06302f)	astcenc 5.7.0 avx2 (Apache-2.0); -cl <in> <out.astc> 8x8 -medium -silent -j 4 (level 0 only: a .astc file has no mip chain)	ASTC .astc file, block 8x8, 1024x1024, one image, no mips
27-game-assets/textures-astc/acg_ground112_color/acg_ground112_color.astc4x4.astcenc-medium.astc	1048592	615812e36f23f7dd7000901f4e9bd9c59cd77b05963b8122bf63bb3e2a01b1d8	27-game-assets_textures-astc.zip	CC0-1.0	none required (courtesy credit in README)	https://ambientcg.com/get?file=Ground112_1K-PNG.zip	Ground112_1K-PNG_Color.png sha256:9b2ac7ff6b6d0298342d8ca52bb51a7c5d5faa7d7d483fccbe7225772e9b3937 (8-bit RGBA work image sha256:94189c76ba004586)	astcenc 5.7.0 avx2 (Apache-2.0); -cs <in> <out.astc> 4x4 -medium -silent -j 4 (level 0 only: a .astc file has no mip chain)	ASTC .astc file, block 4x4, 1024x1024, one image, no mips
27-game-assets/textures-astc/acg_ground112_color/acg_ground112_color.astc4x4.astcenc-thorough.astc	1048592	1d24dcddfce1fa5c736ad475584276b78e90db9256bd1419519a64c8e022ab38	27-game-assets_textures-astc.zip	CC0-1.0	none required (courtesy credit in README)	https://ambientcg.com/get?file=Ground112_1K-PNG.zip	Ground112_1K-PNG_Color.png sha256:9b2ac7ff6b6d0298342d8ca52bb51a7c5d5faa7d7d483fccbe7225772e9b3937 (8-bit RGBA work image sha256:94189c76ba004586)	astcenc 5.7.0 avx2 (Apache-2.0); -cs <in> <out.astc> 4x4 -thorough -silent -j 4 (level 0 only: a .astc file has no mip chain)	ASTC .astc file, block 4x4, 1024x1024, one image, no mips
27-game-assets/textures-astc/acg_ground112_color/acg_ground112_color.astc6x6.astcenc-medium.astc	467872	ead16af28934a6476208fa85123ccce4223f2bd870c346cbe1709e2b993022d0	27-game-assets_textures-astc.zip	CC0-1.0	none required (courtesy credit in README)	https://ambientcg.com/get?file=Ground112_1K-PNG.zip	Ground112_1K-PNG_Color.png sha256:9b2ac7ff6b6d0298342d8ca52bb51a7c5d5faa7d7d483fccbe7225772e9b3937 (8-bit RGBA work image sha256:94189c76ba004586)	astcenc 5.7.0 avx2 (Apache-2.0); -cs <in> <out.astc> 6x6 -medium -silent -j 4 (level 0 only: a .astc file has no mip chain)	ASTC .astc file, block 6x6, 1024x1024, one image, no mips
27-game-assets/textures-astc/acg_ground112_color/acg_ground112_color.astc6x6.astcenc-thorough.astc	467872	11b85f06d5171b8f8bcef129c77c44eaabe7051ab988075e8211638670e3f5b2	27-game-assets_textures-astc.zip	CC0-1.0	none required (courtesy credit in README)	https://ambientcg.com/get?file=Ground112_1K-PNG.zip	Ground112_1K-PNG_Color.png sha256:9b2ac7ff6b6d0298342d8ca52bb51a7c5d5faa7d7d483fccbe7225772e9b3937 (8-bit RGBA work image sha256:94189c76ba004586)	astcenc 5.7.0 avx2 (Apache-2.0); -cs <in> <out.astc> 6x6 -thorough -silent -j 4 (level 0 only: a .astc file has no mip chain)	ASTC .astc file, block 6x6, 1024x1024, one image, no mips
27-game-assets/textures-astc/acg_ground112_color/acg_ground112_color.astc8x8.astcenc-medium.astc	262160	b617ff2007a642111c5deb3409971f9337a42380b859f72ecfa334cc77174045	27-game-assets_textures-astc.zip	CC0-1.0	none required (courtesy credit in README)	https://ambientcg.com/get?file=Ground112_1K-PNG.zip	Ground112_1K-PNG_Color.png sha256:9b2ac7ff6b6d0298342d8ca52bb51a7c5d5faa7d7d483fccbe7225772e9b3937 (8-bit RGBA work image sha256:94189c76ba004586)	astcenc 5.7.0 avx2 (Apache-2.0); -cs <in> <out.astc> 8x8 -medium -silent -j 4 (level 0 only: a .astc file has no mip chain)	ASTC .astc file, block 8x8, 1024x1024, one image, no mips
27-game-assets/textures-astc/acg_ground112_color/acg_ground112_color.astc8x8.astcenc-thorough.astc	262160	955027b13a1c7d346d70d1b6f9d9761858a44fc031e2f55fff71daaf20e86a80	27-game-assets_textures-astc.zip	CC0-1.0	none required (courtesy credit in README)	https://ambientcg.com/get?file=Ground112_1K-PNG.zip	Ground112_1K-PNG_Color.png sha256:9b2ac7ff6b6d0298342d8ca52bb51a7c5d5faa7d7d483fccbe7225772e9b3937 (8-bit RGBA work image sha256:94189c76ba004586)	astcenc 5.7.0 avx2 (Apache-2.0); -cs <in> <out.astc> 8x8 -thorough -silent -j 4 (level 0 only: a .astc file has no mip chain)	ASTC .astc file, block 8x8, 1024x1024, one image, no mips
27-game-assets/textures-astc/acg_ground112_disp/acg_ground112_disp.astc4x4.astcenc-medium.astc	1048592	294c037c1e66ebd0f77de1cd256c9b485760586690f81a56e4b462bdf08e8bd1	27-game-assets_textures-astc.zip	CC0-1.0	none required (courtesy credit in README)	https://ambientcg.com/get?file=Ground112_1K-PNG.zip	Ground112_1K-PNG_Displacement.png sha256:104f45eb18f18801f9f48b28b635e7eeece8ca43f3c2a11b3e6e09135443a150 (8-bit RGBA work image sha256:67fa9599388833ba)	astcenc 5.7.0 avx2 (Apache-2.0); -cl <in> <out.astc> 4x4 -medium -silent -j 4 (level 0 only: a .astc file has no mip chain)	ASTC .astc file, block 4x4, 1024x1024, one image, no mips
27-game-assets/textures-astc/acg_ground112_disp/acg_ground112_disp.astc6x6.astcenc-medium.astc	467872	288e35e5ceb5d136514f0fcab81666b3286bcbd565bafb7836f83c19178a3b12	27-game-assets_textures-astc.zip	CC0-1.0	none required (courtesy credit in README)	https://ambientcg.com/get?file=Ground112_1K-PNG.zip	Ground112_1K-PNG_Displacement.png sha256:104f45eb18f18801f9f48b28b635e7eeece8ca43f3c2a11b3e6e09135443a150 (8-bit RGBA work image sha256:67fa9599388833ba)	astcenc 5.7.0 avx2 (Apache-2.0); -cl <in> <out.astc> 6x6 -medium -silent -j 4 (level 0 only: a .astc file has no mip chain)	ASTC .astc file, block 6x6, 1024x1024, one image, no mips
27-game-assets/textures-astc/acg_ground112_disp/acg_ground112_disp.astc8x8.astcenc-medium.astc	262160	a37ee111dd8931d07ff412022edb1c8580351cfadcdbf723f47ca4c43e991762	27-game-assets_textures-astc.zip	CC0-1.0	none required (courtesy credit in README)	https://ambientcg.com/get?file=Ground112_1K-PNG.zip	Ground112_1K-PNG_Displacement.png sha256:104f45eb18f18801f9f48b28b635e7eeece8ca43f3c2a11b3e6e09135443a150 (8-bit RGBA work image sha256:67fa9599388833ba)	astcenc 5.7.0 avx2 (Apache-2.0); -cl <in> <out.astc> 8x8 -medium -silent -j 4 (level 0 only: a .astc file has no mip chain)	ASTC .astc file, block 8x8, 1024x1024, one image, no mips
27-game-assets/textures-astc/acg_ground112_normal/acg_ground112_normal.astc4x4.astcenc-medium.astc	1048592	28fbe1698cdd95165f21226779d655234d7bf9c0f70be96b5ea4e08134205fe3	27-game-assets_textures-astc.zip	CC0-1.0	none required (courtesy credit in README)	https://ambientcg.com/get?file=Ground112_1K-PNG.zip	Ground112_1K-PNG_NormalGL.png sha256:7d898750ef8806cca1d57a6597f3a95c63d1ad6ed9748a1424f483ce941f4ce1 (8-bit RGBA work image sha256:97c7747519216633)	astcenc 5.7.0 avx2 (Apache-2.0); -cl <in> <out.astc> 4x4 -medium -silent -j 4 (level 0 only: a .astc file has no mip chain)	ASTC .astc file, block 4x4, 1024x1024, one image, no mips
27-game-assets/textures-astc/acg_ground112_normal/acg_ground112_normal.astc4x4.astcenc-thorough.astc	1048592	4c6303106228e759a7f33a161f9ec45792bbe5d8add1a0ee12a352bd9efac480	27-game-assets_textures-astc.zip	CC0-1.0	none required (courtesy credit in README)	https://ambientcg.com/get?file=Ground112_1K-PNG.zip	Ground112_1K-PNG_NormalGL.png sha256:7d898750ef8806cca1d57a6597f3a95c63d1ad6ed9748a1424f483ce941f4ce1 (8-bit RGBA work image sha256:97c7747519216633)	astcenc 5.7.0 avx2 (Apache-2.0); -cl <in> <out.astc> 4x4 -thorough -silent -j 4 (level 0 only: a .astc file has no mip chain)	ASTC .astc file, block 4x4, 1024x1024, one image, no mips
27-game-assets/textures-astc/acg_ground112_normal/acg_ground112_normal.astc6x6.astcenc-medium.astc	467872	62c6bb258d50a017d3398e8dd3dd5e654592910eb9c039a6be4005f2ef0827f8	27-game-assets_textures-astc.zip	CC0-1.0	none required (courtesy credit in README)	https://ambientcg.com/get?file=Ground112_1K-PNG.zip	Ground112_1K-PNG_NormalGL.png sha256:7d898750ef8806cca1d57a6597f3a95c63d1ad6ed9748a1424f483ce941f4ce1 (8-bit RGBA work image sha256:97c7747519216633)	astcenc 5.7.0 avx2 (Apache-2.0); -cl <in> <out.astc> 6x6 -medium -silent -j 4 (level 0 only: a .astc file has no mip chain)	ASTC .astc file, block 6x6, 1024x1024, one image, no mips
27-game-assets/textures-astc/acg_ground112_normal/acg_ground112_normal.astc6x6.astcenc-thorough.astc	467872	6ab6b695f1ec796182627c67c231cabcec4dbb8ddad3940d465428df0495f291	27-game-assets_textures-astc.zip	CC0-1.0	none required (courtesy credit in README)	https://ambientcg.com/get?file=Ground112_1K-PNG.zip	Ground112_1K-PNG_NormalGL.png sha256:7d898750ef8806cca1d57a6597f3a95c63d1ad6ed9748a1424f483ce941f4ce1 (8-bit RGBA work image sha256:97c7747519216633)	astcenc 5.7.0 avx2 (Apache-2.0); -cl <in> <out.astc> 6x6 -thorough -silent -j 4 (level 0 only: a .astc file has no mip chain)	ASTC .astc file, block 6x6, 1024x1024, one image, no mips
27-game-assets/textures-astc/acg_ground112_normal/acg_ground112_normal.astc8x8.astcenc-medium.astc	262160	b8c0323ed179891eea41ac2b5abfe9ad92a5225ed05ef22e4cb7d1ea265b5b11	27-game-assets_textures-astc.zip	CC0-1.0	none required (courtesy credit in README)	https://ambientcg.com/get?file=Ground112_1K-PNG.zip	Ground112_1K-PNG_NormalGL.png sha256:7d898750ef8806cca1d57a6597f3a95c63d1ad6ed9748a1424f483ce941f4ce1 (8-bit RGBA work image sha256:97c7747519216633)	astcenc 5.7.0 avx2 (Apache-2.0); -cl <in> <out.astc> 8x8 -medium -silent -j 4 (level 0 only: a .astc file has no mip chain)	ASTC .astc file, block 8x8, 1024x1024, one image, no mips
27-game-assets/textures-astc/acg_ground112_normal/acg_ground112_normal.astc8x8.astcenc-thorough.astc	262160	71087a4c67eb75e9c1bd39917c80d0d02cb7ce8eb1ba27b5fdb2cf1628bedebf	27-game-assets_textures-astc.zip	CC0-1.0	none required (courtesy credit in README)	https://ambientcg.com/get?file=Ground112_1K-PNG.zip	Ground112_1K-PNG_NormalGL.png sha256:7d898750ef8806cca1d57a6597f3a95c63d1ad6ed9748a1424f483ce941f4ce1 (8-bit RGBA work image sha256:97c7747519216633)	astcenc 5.7.0 avx2 (Apache-2.0); -cl <in> <out.astc> 8x8 -thorough -silent -j 4 (level 0 only: a .astc file has no mip chain)	ASTC .astc file, block 8x8, 1024x1024, one image, no mips
27-game-assets/textures-astc/acg_ground112_rough/acg_ground112_rough.astc4x4.astcenc-medium.astc	1048592	3dcbd30583bbb6319e842b34c4d46894960fb21ecf18144e1200817bbed005ac	27-game-assets_textures-astc.zip	CC0-1.0	none required (courtesy credit in README)	https://ambientcg.com/get?file=Ground112_1K-PNG.zip	Ground112_1K-PNG_Roughness.png sha256:df06b9a5bd2bef970d8cc230bfb469c895503d7376c1e68d7e6a454a96b9b784 (8-bit RGBA work image sha256:9faf493322cb9ecf)	astcenc 5.7.0 avx2 (Apache-2.0); -cl <in> <out.astc> 4x4 -medium -silent -j 4 (level 0 only: a .astc file has no mip chain)	ASTC .astc file, block 4x4, 1024x1024, one image, no mips
27-game-assets/textures-astc/acg_ground112_rough/acg_ground112_rough.astc6x6.astcenc-medium.astc	467872	3e6d836ac65fc7b91502b57c76951a260dcda4ef1991243f01fa3ebaa702c9a3	27-game-assets_textures-astc.zip	CC0-1.0	none required (courtesy credit in README)	https://ambientcg.com/get?file=Ground112_1K-PNG.zip	Ground112_1K-PNG_Roughness.png sha256:df06b9a5bd2bef970d8cc230bfb469c895503d7376c1e68d7e6a454a96b9b784 (8-bit RGBA work image sha256:9faf493322cb9ecf)	astcenc 5.7.0 avx2 (Apache-2.0); -cl <in> <out.astc> 6x6 -medium -silent -j 4 (level 0 only: a .astc file has no mip chain)	ASTC .astc file, block 6x6, 1024x1024, one image, no mips
27-game-assets/textures-astc/acg_ground112_rough/acg_ground112_rough.astc8x8.astcenc-medium.astc	262160	610fee62f328359434d9d78f2911edb3900f45c20d743e86532e08ecbfee414c	27-game-assets_textures-astc.zip	CC0-1.0	none required (courtesy credit in README)	https://ambientcg.com/get?file=Ground112_1K-PNG.zip	Ground112_1K-PNG_Roughness.png sha256:df06b9a5bd2bef970d8cc230bfb469c895503d7376c1e68d7e6a454a96b9b784 (8-bit RGBA work image sha256:9faf493322cb9ecf)	astcenc 5.7.0 avx2 (Apache-2.0); -cl <in> <out.astc> 8x8 -medium -silent -j 4 (level 0 only: a .astc file has no mip chain)	ASTC .astc file, block 8x8, 1024x1024, one image, no mips
27-game-assets/textures-astc/acg_paving151_ao/acg_paving151_ao.astc4x4.astcenc-medium.astc	1048592	26480339693086c4e3aecd2a84564287a6acb5054596b940d645fb1faddfea16	27-game-assets_textures-astc.zip	CC0-1.0	none required (courtesy credit in README)	https://ambientcg.com/get?file=PavingStones151_1K-PNG.zip	PavingStones151_1K-PNG_AmbientOcclusion.png sha256:bbd8b83f71756a958d44ad7728bac42df97b9ba3bf444da8a1468f2bb4dd14a1 (8-bit RGBA work image sha256:dde7f6e87e2fa159)	astcenc 5.7.0 avx2 (Apache-2.0); -cl <in> <out.astc> 4x4 -medium -silent -j 4 (level 0 only: a .astc file has no mip chain)	ASTC .astc file, block 4x4, 1024x1024, one image, no mips
27-game-assets/textures-astc/acg_paving151_ao/acg_paving151_ao.astc6x6.astcenc-medium.astc	467872	114b991df46221742de2da0cbe2241f625df69c4a0dc3b6473f77b78ec690b64	27-game-assets_textures-astc.zip	CC0-1.0	none required (courtesy credit in README)	https://ambientcg.com/get?file=PavingStones151_1K-PNG.zip	PavingStones151_1K-PNG_AmbientOcclusion.png sha256:bbd8b83f71756a958d44ad7728bac42df97b9ba3bf444da8a1468f2bb4dd14a1 (8-bit RGBA work image sha256:dde7f6e87e2fa159)	astcenc 5.7.0 avx2 (Apache-2.0); -cl <in> <out.astc> 6x6 -medium -silent -j 4 (level 0 only: a .astc file has no mip chain)	ASTC .astc file, block 6x6, 1024x1024, one image, no mips
27-game-assets/textures-astc/acg_paving151_ao/acg_paving151_ao.astc8x8.astcenc-medium.astc	262160	aa49ce1776a4c8932323c6664fe98c207ff61a5064fd2ced5971a15e00e6fa12	27-game-assets_textures-astc.zip	CC0-1.0	none required (courtesy credit in README)	https://ambientcg.com/get?file=PavingStones151_1K-PNG.zip	PavingStones151_1K-PNG_AmbientOcclusion.png sha256:bbd8b83f71756a958d44ad7728bac42df97b9ba3bf444da8a1468f2bb4dd14a1 (8-bit RGBA work image sha256:dde7f6e87e2fa159)	astcenc 5.7.0 avx2 (Apache-2.0); -cl <in> <out.astc> 8x8 -medium -silent -j 4 (level 0 only: a .astc file has no mip chain)	ASTC .astc file, block 8x8, 1024x1024, one image, no mips
27-game-assets/textures-astc/acg_paving151_color/acg_paving151_color.astc4x4.astcenc-medium.astc	1048592	9028516848a438af01af6385da145cc4befe001c4dccccce3c7e465f3dcefa33	27-game-assets_textures-astc.zip	CC0-1.0	none required (courtesy credit in README)	https://ambientcg.com/get?file=PavingStones151_1K-PNG.zip	PavingStones151_1K-PNG_Color.png sha256:4b5d6ccbc9231f0a4dc4a500e5fe62cd738329783768b94010f5efe6a8f12c9f (8-bit RGBA work image sha256:4a3f8d3b235370b4)	astcenc 5.7.0 avx2 (Apache-2.0); -cs <in> <out.astc> 4x4 -medium -silent -j 4 (level 0 only: a .astc file has no mip chain)	ASTC .astc file, block 4x4, 1024x1024, one image, no mips
27-game-assets/textures-astc/acg_paving151_color/acg_paving151_color.astc4x4.astcenc-thorough.astc	1048592	e3f2d926746f3cc483aeee1d4ffb5f9f2ad8fb3dab3cef097eb4b5b30eb3b736	27-game-assets_textures-astc.zip	CC0-1.0	none required (courtesy credit in README)	https://ambientcg.com/get?file=PavingStones151_1K-PNG.zip	PavingStones151_1K-PNG_Color.png sha256:4b5d6ccbc9231f0a4dc4a500e5fe62cd738329783768b94010f5efe6a8f12c9f (8-bit RGBA work image sha256:4a3f8d3b235370b4)	astcenc 5.7.0 avx2 (Apache-2.0); -cs <in> <out.astc> 4x4 -thorough -silent -j 4 (level 0 only: a .astc file has no mip chain)	ASTC .astc file, block 4x4, 1024x1024, one image, no mips
27-game-assets/textures-astc/acg_paving151_color/acg_paving151_color.astc6x6.astcenc-medium.astc	467872	2d1363d108c8e2c4aad288fa2f9c7312ef9dd376864673be3a3684d7c1379874	27-game-assets_textures-astc.zip	CC0-1.0	none required (courtesy credit in README)	https://ambientcg.com/get?file=PavingStones151_1K-PNG.zip	PavingStones151_1K-PNG_Color.png sha256:4b5d6ccbc9231f0a4dc4a500e5fe62cd738329783768b94010f5efe6a8f12c9f (8-bit RGBA work image sha256:4a3f8d3b235370b4)	astcenc 5.7.0 avx2 (Apache-2.0); -cs <in> <out.astc> 6x6 -medium -silent -j 4 (level 0 only: a .astc file has no mip chain)	ASTC .astc file, block 6x6, 1024x1024, one image, no mips
27-game-assets/textures-astc/acg_paving151_color/acg_paving151_color.astc6x6.astcenc-thorough.astc	467872	a126836bb340fee6655fdcb53e5d7dfbeb21cacc7bea7bce5b8efd09112af695	27-game-assets_textures-astc.zip	CC0-1.0	none required (courtesy credit in README)	https://ambientcg.com/get?file=PavingStones151_1K-PNG.zip	PavingStones151_1K-PNG_Color.png sha256:4b5d6ccbc9231f0a4dc4a500e5fe62cd738329783768b94010f5efe6a8f12c9f (8-bit RGBA work image sha256:4a3f8d3b235370b4)	astcenc 5.7.0 avx2 (Apache-2.0); -cs <in> <out.astc> 6x6 -thorough -silent -j 4 (level 0 only: a .astc file has no mip chain)	ASTC .astc file, block 6x6, 1024x1024, one image, no mips
27-game-assets/textures-astc/acg_paving151_color/acg_paving151_color.astc8x8.astcenc-medium.astc	262160	befb30a9723ffa0d840978fd54724afbac065e0cf8282e8dbf51d536a3cfcb2f	27-game-assets_textures-astc.zip	CC0-1.0	none required (courtesy credit in README)	https://ambientcg.com/get?file=PavingStones151_1K-PNG.zip	PavingStones151_1K-PNG_Color.png sha256:4b5d6ccbc9231f0a4dc4a500e5fe62cd738329783768b94010f5efe6a8f12c9f (8-bit RGBA work image sha256:4a3f8d3b235370b4)	astcenc 5.7.0 avx2 (Apache-2.0); -cs <in> <out.astc> 8x8 -medium -silent -j 4 (level 0 only: a .astc file has no mip chain)	ASTC .astc file, block 8x8, 1024x1024, one image, no mips
27-game-assets/textures-astc/acg_paving151_color/acg_paving151_color.astc8x8.astcenc-thorough.astc	262160	6b883949a7746ccb034b71085f00a398527b567aade5c50a4e2cfe57326bd05b	27-game-assets_textures-astc.zip	CC0-1.0	none required (courtesy credit in README)	https://ambientcg.com/get?file=PavingStones151_1K-PNG.zip	PavingStones151_1K-PNG_Color.png sha256:4b5d6ccbc9231f0a4dc4a500e5fe62cd738329783768b94010f5efe6a8f12c9f (8-bit RGBA work image sha256:4a3f8d3b235370b4)	astcenc 5.7.0 avx2 (Apache-2.0); -cs <in> <out.astc> 8x8 -thorough -silent -j 4 (level 0 only: a .astc file has no mip chain)	ASTC .astc file, block 8x8, 1024x1024, one image, no mips
27-game-assets/textures-astc/acg_paving151_disp/acg_paving151_disp.astc4x4.astcenc-medium.astc	1048592	db6cc5057cd782e1cf2e8c8fcc7ebd4ba7a816cd9e3d23a5d7c4306a00b1f4cc	27-game-assets_textures-astc.zip	CC0-1.0	none required (courtesy credit in README)	https://ambientcg.com/get?file=PavingStones151_1K-PNG.zip	PavingStones151_1K-PNG_Displacement.png sha256:c01e78bd688a73c7398c1ac9a1f6c6fa35c219db014930f2bc50b906dd51160f (8-bit RGBA work image sha256:1f94b5dbe509e47f)	astcenc 5.7.0 avx2 (Apache-2.0); -cl <in> <out.astc> 4x4 -medium -silent -j 4 (level 0 only: a .astc file has no mip chain)	ASTC .astc file, block 4x4, 1024x1024, one image, no mips
27-game-assets/textures-astc/acg_paving151_disp/acg_paving151_disp.astc6x6.astcenc-medium.astc	467872	148502d618c5253b31b1ada99676bb0b6d40807a92f99cbb04f9080375a49067	27-game-assets_textures-astc.zip	CC0-1.0	none required (courtesy credit in README)	https://ambientcg.com/get?file=PavingStones151_1K-PNG.zip	PavingStones151_1K-PNG_Displacement.png sha256:c01e78bd688a73c7398c1ac9a1f6c6fa35c219db014930f2bc50b906dd51160f (8-bit RGBA work image sha256:1f94b5dbe509e47f)	astcenc 5.7.0 avx2 (Apache-2.0); -cl <in> <out.astc> 6x6 -medium -silent -j 4 (level 0 only: a .astc file has no mip chain)	ASTC .astc file, block 6x6, 1024x1024, one image, no mips
27-game-assets/textures-astc/acg_paving151_disp/acg_paving151_disp.astc8x8.astcenc-medium.astc	262160	1d46c63a40b49cc87e7ff46710b380a40639aec62c2715b479250679a5e50181	27-game-assets_textures-astc.zip	CC0-1.0	none required (courtesy credit in README)	https://ambientcg.com/get?file=PavingStones151_1K-PNG.zip	PavingStones151_1K-PNG_Displacement.png sha256:c01e78bd688a73c7398c1ac9a1f6c6fa35c219db014930f2bc50b906dd51160f (8-bit RGBA work image sha256:1f94b5dbe509e47f)	astcenc 5.7.0 avx2 (Apache-2.0); -cl <in> <out.astc> 8x8 -medium -silent -j 4 (level 0 only: a .astc file has no mip chain)	ASTC .astc file, block 8x8, 1024x1024, one image, no mips
27-game-assets/textures-astc/acg_paving151_normal/acg_paving151_normal.astc4x4.astcenc-medium.astc	1048592	93a6ab6b020bc43ab493ac6aaa87c40857e05a940489d6251e7f6789ff77e242	27-game-assets_textures-astc.zip	CC0-1.0	none required (courtesy credit in README)	https://ambientcg.com/get?file=PavingStones151_1K-PNG.zip	PavingStones151_1K-PNG_NormalGL.png sha256:67d902d0396cb823d8aa6eeeabe73d23d022dde44f8575c55bae3726feb5f6e3 (8-bit RGBA work image sha256:da632fd67f7ca04d)	astcenc 5.7.0 avx2 (Apache-2.0); -cl <in> <out.astc> 4x4 -medium -silent -j 4 (level 0 only: a .astc file has no mip chain)	ASTC .astc file, block 4x4, 1024x1024, one image, no mips
27-game-assets/textures-astc/acg_paving151_normal/acg_paving151_normal.astc4x4.astcenc-thorough.astc	1048592	cb1cea80e61ed31da7dfa7e36022e3d0321b8ad43bb4ce02ad5f67bef6261606	27-game-assets_textures-astc.zip	CC0-1.0	none required (courtesy credit in README)	https://ambientcg.com/get?file=PavingStones151_1K-PNG.zip	PavingStones151_1K-PNG_NormalGL.png sha256:67d902d0396cb823d8aa6eeeabe73d23d022dde44f8575c55bae3726feb5f6e3 (8-bit RGBA work image sha256:da632fd67f7ca04d)	astcenc 5.7.0 avx2 (Apache-2.0); -cl <in> <out.astc> 4x4 -thorough -silent -j 4 (level 0 only: a .astc file has no mip chain)	ASTC .astc file, block 4x4, 1024x1024, one image, no mips
27-game-assets/textures-astc/acg_paving151_normal/acg_paving151_normal.astc6x6.astcenc-medium.astc	467872	d43c29ef394d8c819193bc7d506e02dba270e4aaa3c82e4753ddfbda45e19486	27-game-assets_textures-astc.zip	CC0-1.0	none required (courtesy credit in README)	https://ambientcg.com/get?file=PavingStones151_1K-PNG.zip	PavingStones151_1K-PNG_NormalGL.png sha256:67d902d0396cb823d8aa6eeeabe73d23d022dde44f8575c55bae3726feb5f6e3 (8-bit RGBA work image sha256:da632fd67f7ca04d)	astcenc 5.7.0 avx2 (Apache-2.0); -cl <in> <out.astc> 6x6 -medium -silent -j 4 (level 0 only: a .astc file has no mip chain)	ASTC .astc file, block 6x6, 1024x1024, one image, no mips
27-game-assets/textures-astc/acg_paving151_normal/acg_paving151_normal.astc6x6.astcenc-thorough.astc	467872	8cf443a6873ef20659337b739c24b40c0a3da96d86856502f926f7f78e1256db	27-game-assets_textures-astc.zip	CC0-1.0	none required (courtesy credit in README)	https://ambientcg.com/get?file=PavingStones151_1K-PNG.zip	PavingStones151_1K-PNG_NormalGL.png sha256:67d902d0396cb823d8aa6eeeabe73d23d022dde44f8575c55bae3726feb5f6e3 (8-bit RGBA work image sha256:da632fd67f7ca04d)	astcenc 5.7.0 avx2 (Apache-2.0); -cl <in> <out.astc> 6x6 -thorough -silent -j 4 (level 0 only: a .astc file has no mip chain)	ASTC .astc file, block 6x6, 1024x1024, one image, no mips
27-game-assets/textures-astc/acg_paving151_normal/acg_paving151_normal.astc8x8.astcenc-medium.astc	262160	64fbb49de5875dc17f0edde2c177394490c4299b11b3ebdc6c3721ee461c7ab9	27-game-assets_textures-astc.zip	CC0-1.0	none required (courtesy credit in README)	https://ambientcg.com/get?file=PavingStones151_1K-PNG.zip	PavingStones151_1K-PNG_NormalGL.png sha256:67d902d0396cb823d8aa6eeeabe73d23d022dde44f8575c55bae3726feb5f6e3 (8-bit RGBA work image sha256:da632fd67f7ca04d)	astcenc 5.7.0 avx2 (Apache-2.0); -cl <in> <out.astc> 8x8 -medium -silent -j 4 (level 0 only: a .astc file has no mip chain)	ASTC .astc file, block 8x8, 1024x1024, one image, no mips
27-game-assets/textures-astc/acg_paving151_normal/acg_paving151_normal.astc8x8.astcenc-thorough.astc	262160	985f67de564741655652fbd973438fa0cf971c2233a713244505e968ec53e989	27-game-assets_textures-astc.zip	CC0-1.0	none required (courtesy credit in README)	https://ambientcg.com/get?file=PavingStones151_1K-PNG.zip	PavingStones151_1K-PNG_NormalGL.png sha256:67d902d0396cb823d8aa6eeeabe73d23d022dde44f8575c55bae3726feb5f6e3 (8-bit RGBA work image sha256:da632fd67f7ca04d)	astcenc 5.7.0 avx2 (Apache-2.0); -cl <in> <out.astc> 8x8 -thorough -silent -j 4 (level 0 only: a .astc file has no mip chain)	ASTC .astc file, block 8x8, 1024x1024, one image, no mips
27-game-assets/textures-astc/acg_paving151_rough/acg_paving151_rough.astc4x4.astcenc-medium.astc	1048592	7a56e7c2292083bc468da61f780dd729f07b77f59f74aea5028a32b19024f1df	27-game-assets_textures-astc.zip	CC0-1.0	none required (courtesy credit in README)	https://ambientcg.com/get?file=PavingStones151_1K-PNG.zip	PavingStones151_1K-PNG_Roughness.png sha256:926712bb12daa8c4c84f32488f0f1873496d04ce5fa85ead84816780d4fd5485 (8-bit RGBA work image sha256:ebe16c34a0297193)	astcenc 5.7.0 avx2 (Apache-2.0); -cl <in> <out.astc> 4x4 -medium -silent -j 4 (level 0 only: a .astc file has no mip chain)	ASTC .astc file, block 4x4, 1024x1024, one image, no mips
27-game-assets/textures-astc/acg_paving151_rough/acg_paving151_rough.astc6x6.astcenc-medium.astc	467872	03c01ae760510b0a0a031efd152f20c4f53461c07b13c6b435256127566b0666	27-game-assets_textures-astc.zip	CC0-1.0	none required (courtesy credit in README)	https://ambientcg.com/get?file=PavingStones151_1K-PNG.zip	PavingStones151_1K-PNG_Roughness.png sha256:926712bb12daa8c4c84f32488f0f1873496d04ce5fa85ead84816780d4fd5485 (8-bit RGBA work image sha256:ebe16c34a0297193)	astcenc 5.7.0 avx2 (Apache-2.0); -cl <in> <out.astc> 6x6 -medium -silent -j 4 (level 0 only: a .astc file has no mip chain)	ASTC .astc file, block 6x6, 1024x1024, one image, no mips
27-game-assets/textures-astc/acg_paving151_rough/acg_paving151_rough.astc8x8.astcenc-medium.astc	262160	22e5084d3a4e3bf0cf1ab77b441d485ad498b04d0d143e864f6be1e85f341423	27-game-assets_textures-astc.zip	CC0-1.0	none required (courtesy credit in README)	https://ambientcg.com/get?file=PavingStones151_1K-PNG.zip	PavingStones151_1K-PNG_Roughness.png sha256:926712bb12daa8c4c84f32488f0f1873496d04ce5fa85ead84816780d4fd5485 (8-bit RGBA work image sha256:ebe16c34a0297193)	astcenc 5.7.0 avx2 (Apache-2.0); -cl <in> <out.astc> 8x8 -medium -silent -j 4 (level 0 only: a .astc file has no mip chain)	ASTC .astc file, block 8x8, 1024x1024, one image, no mips
27-game-assets/textures-astc/acg_tiles141_color/acg_tiles141_color.astc4x4.astcenc-medium.astc	1048592	b48f3b21994320cd4e3c009e0088d690a16a063531317d3ee4c241b7116ab87e	27-game-assets_textures-astc.zip	CC0-1.0	none required (courtesy credit in README)	https://ambientcg.com/get?file=Tiles141_1K-PNG.zip	Tiles141_1K-PNG_Color.png sha256:5c3817197e0108d6185131e64525c6d53d508ebb71ab804715ef5340578d9fe6 (8-bit RGBA work image sha256:aa61decfbc14001d)	astcenc 5.7.0 avx2 (Apache-2.0); -cs <in> <out.astc> 4x4 -medium -silent -j 4 (level 0 only: a .astc file has no mip chain)	ASTC .astc file, block 4x4, 1024x1024, one image, no mips
27-game-assets/textures-astc/acg_tiles141_color/acg_tiles141_color.astc4x4.astcenc-thorough.astc	1048592	b74e35f433e2e7bd760f4e1f3715ffb9b98f2a235a593005e748178ee9b2acdb	27-game-assets_textures-astc.zip	CC0-1.0	none required (courtesy credit in README)	https://ambientcg.com/get?file=Tiles141_1K-PNG.zip	Tiles141_1K-PNG_Color.png sha256:5c3817197e0108d6185131e64525c6d53d508ebb71ab804715ef5340578d9fe6 (8-bit RGBA work image sha256:aa61decfbc14001d)	astcenc 5.7.0 avx2 (Apache-2.0); -cs <in> <out.astc> 4x4 -thorough -silent -j 4 (level 0 only: a .astc file has no mip chain)	ASTC .astc file, block 4x4, 1024x1024, one image, no mips
27-game-assets/textures-astc/acg_tiles141_color/acg_tiles141_color.astc6x6.astcenc-medium.astc	467872	69bba8c5b5b9e3cf63a233f008f73ee375cd7aedf77e237a6e606e61154970ac	27-game-assets_textures-astc.zip	CC0-1.0	none required (courtesy credit in README)	https://ambientcg.com/get?file=Tiles141_1K-PNG.zip	Tiles141_1K-PNG_Color.png sha256:5c3817197e0108d6185131e64525c6d53d508ebb71ab804715ef5340578d9fe6 (8-bit RGBA work image sha256:aa61decfbc14001d)	astcenc 5.7.0 avx2 (Apache-2.0); -cs <in> <out.astc> 6x6 -medium -silent -j 4 (level 0 only: a .astc file has no mip chain)	ASTC .astc file, block 6x6, 1024x1024, one image, no mips
27-game-assets/textures-astc/acg_tiles141_color/acg_tiles141_color.astc6x6.astcenc-thorough.astc	467872	225bba1c970583d264198d7febd3f3611ace6b64e080f807a867362327d146f3	27-game-assets_textures-astc.zip	CC0-1.0	none required (courtesy credit in README)	https://ambientcg.com/get?file=Tiles141_1K-PNG.zip	Tiles141_1K-PNG_Color.png sha256:5c3817197e0108d6185131e64525c6d53d508ebb71ab804715ef5340578d9fe6 (8-bit RGBA work image sha256:aa61decfbc14001d)	astcenc 5.7.0 avx2 (Apache-2.0); -cs <in> <out.astc> 6x6 -thorough -silent -j 4 (level 0 only: a .astc file has no mip chain)	ASTC .astc file, block 6x6, 1024x1024, one image, no mips
27-game-assets/textures-astc/acg_tiles141_color/acg_tiles141_color.astc8x8.astcenc-medium.astc	262160	a7928f205277aefc946649d68b2f412d5ae3c106faa410be3b180734ad4130b3	27-game-assets_textures-astc.zip	CC0-1.0	none required (courtesy credit in README)	https://ambientcg.com/get?file=Tiles141_1K-PNG.zip	Tiles141_1K-PNG_Color.png sha256:5c3817197e0108d6185131e64525c6d53d508ebb71ab804715ef5340578d9fe6 (8-bit RGBA work image sha256:aa61decfbc14001d)	astcenc 5.7.0 avx2 (Apache-2.0); -cs <in> <out.astc> 8x8 -medium -silent -j 4 (level 0 only: a .astc file has no mip chain)	ASTC .astc file, block 8x8, 1024x1024, one image, no mips
27-game-assets/textures-astc/acg_tiles141_color/acg_tiles141_color.astc8x8.astcenc-thorough.astc	262160	755086538f1721e4abe2606eb2ef119560c5e178d09f28313ecfd9bbb8071eef	27-game-assets_textures-astc.zip	CC0-1.0	none required (courtesy credit in README)	https://ambientcg.com/get?file=Tiles141_1K-PNG.zip	Tiles141_1K-PNG_Color.png sha256:5c3817197e0108d6185131e64525c6d53d508ebb71ab804715ef5340578d9fe6 (8-bit RGBA work image sha256:aa61decfbc14001d)	astcenc 5.7.0 avx2 (Apache-2.0); -cs <in> <out.astc> 8x8 -thorough -silent -j 4 (level 0 only: a .astc file has no mip chain)	ASTC .astc file, block 8x8, 1024x1024, one image, no mips
27-game-assets/textures-astc/acg_tiles141_disp/acg_tiles141_disp.astc4x4.astcenc-medium.astc	1048592	949948787be2bd621ae30dd519ff972657888bee119084091dec5d63c53457e9	27-game-assets_textures-astc.zip	CC0-1.0	none required (courtesy credit in README)	https://ambientcg.com/get?file=Tiles141_1K-PNG.zip	Tiles141_1K-PNG_Displacement.png sha256:bde430e57f6d170efbc2e2975b06678b35a31bab2fd990fb7728bdfbdacbcfa1 (8-bit RGBA work image sha256:cb8bd59b005ccd39)	astcenc 5.7.0 avx2 (Apache-2.0); -cl <in> <out.astc> 4x4 -medium -silent -j 4 (level 0 only: a .astc file has no mip chain)	ASTC .astc file, block 4x4, 1024x1024, one image, no mips
27-game-assets/textures-astc/acg_tiles141_disp/acg_tiles141_disp.astc6x6.astcenc-medium.astc	467872	9f52a01ba5d96c54de92c572f3d59aeac1f2d2f8c3aee300215d23af159f5217	27-game-assets_textures-astc.zip	CC0-1.0	none required (courtesy credit in README)	https://ambientcg.com/get?file=Tiles141_1K-PNG.zip	Tiles141_1K-PNG_Displacement.png sha256:bde430e57f6d170efbc2e2975b06678b35a31bab2fd990fb7728bdfbdacbcfa1 (8-bit RGBA work image sha256:cb8bd59b005ccd39)	astcenc 5.7.0 avx2 (Apache-2.0); -cl <in> <out.astc> 6x6 -medium -silent -j 4 (level 0 only: a .astc file has no mip chain)	ASTC .astc file, block 6x6, 1024x1024, one image, no mips
27-game-assets/textures-astc/acg_tiles141_disp/acg_tiles141_disp.astc8x8.astcenc-medium.astc	262160	74bc6a7a86ef8adee866923a6ef5572472e6b8b730692152cab53341d87b291a	27-game-assets_textures-astc.zip	CC0-1.0	none required (courtesy credit in README)	https://ambientcg.com/get?file=Tiles141_1K-PNG.zip	Tiles141_1K-PNG_Displacement.png sha256:bde430e57f6d170efbc2e2975b06678b35a31bab2fd990fb7728bdfbdacbcfa1 (8-bit RGBA work image sha256:cb8bd59b005ccd39)	astcenc 5.7.0 avx2 (Apache-2.0); -cl <in> <out.astc> 8x8 -medium -silent -j 4 (level 0 only: a .astc file has no mip chain)	ASTC .astc file, block 8x8, 1024x1024, one image, no mips
27-game-assets/textures-astc/acg_tiles141_normal/acg_tiles141_normal.astc4x4.astcenc-medium.astc	1048592	f02510257fbf74718452f47caa35bdc9775ad66dc4138176062d6268cba977fd	27-game-assets_textures-astc.zip	CC0-1.0	none required (courtesy credit in README)	https://ambientcg.com/get?file=Tiles141_1K-PNG.zip	Tiles141_1K-PNG_NormalGL.png sha256:c65d473bbbc907f99cd9ec3d48d2dbafe7e1b368f65c7abd5c8877058083d5f8 (8-bit RGBA work image sha256:665e9524001a4909)	astcenc 5.7.0 avx2 (Apache-2.0); -cl <in> <out.astc> 4x4 -medium -silent -j 4 (level 0 only: a .astc file has no mip chain)	ASTC .astc file, block 4x4, 1024x1024, one image, no mips
27-game-assets/textures-astc/acg_tiles141_normal/acg_tiles141_normal.astc4x4.astcenc-thorough.astc	1048592	dc9cf1956cb30339b4b540cc664845ea4a4dfb41dfe82a35fbc928ee52049d5a	27-game-assets_textures-astc.zip	CC0-1.0	none required (courtesy credit in README)	https://ambientcg.com/get?file=Tiles141_1K-PNG.zip	Tiles141_1K-PNG_NormalGL.png sha256:c65d473bbbc907f99cd9ec3d48d2dbafe7e1b368f65c7abd5c8877058083d5f8 (8-bit RGBA work image sha256:665e9524001a4909)	astcenc 5.7.0 avx2 (Apache-2.0); -cl <in> <out.astc> 4x4 -thorough -silent -j 4 (level 0 only: a .astc file has no mip chain)	ASTC .astc file, block 4x4, 1024x1024, one image, no mips
27-game-assets/textures-astc/acg_tiles141_normal/acg_tiles141_normal.astc6x6.astcenc-medium.astc	467872	c9f3354265da359881a8ac42fdfc759cae07cfa950051667a7287b735e5b1389	27-game-assets_textures-astc.zip	CC0-1.0	none required (courtesy credit in README)	https://ambientcg.com/get?file=Tiles141_1K-PNG.zip	Tiles141_1K-PNG_NormalGL.png sha256:c65d473bbbc907f99cd9ec3d48d2dbafe7e1b368f65c7abd5c8877058083d5f8 (8-bit RGBA work image sha256:665e9524001a4909)	astcenc 5.7.0 avx2 (Apache-2.0); -cl <in> <out.astc> 6x6 -medium -silent -j 4 (level 0 only: a .astc file has no mip chain)	ASTC .astc file, block 6x6, 1024x1024, one image, no mips
27-game-assets/textures-astc/acg_tiles141_normal/acg_tiles141_normal.astc6x6.astcenc-thorough.astc	467872	40eb7bf25b233325fd741f8186af38ae389d67413b4b754fb6c00b597ada9e8e	27-game-assets_textures-astc.zip	CC0-1.0	none required (courtesy credit in README)	https://ambientcg.com/get?file=Tiles141_1K-PNG.zip	Tiles141_1K-PNG_NormalGL.png sha256:c65d473bbbc907f99cd9ec3d48d2dbafe7e1b368f65c7abd5c8877058083d5f8 (8-bit RGBA work image sha256:665e9524001a4909)	astcenc 5.7.0 avx2 (Apache-2.0); -cl <in> <out.astc> 6x6 -thorough -silent -j 4 (level 0 only: a .astc file has no mip chain)	ASTC .astc file, block 6x6, 1024x1024, one image, no mips
27-game-assets/textures-astc/acg_tiles141_normal/acg_tiles141_normal.astc8x8.astcenc-medium.astc	262160	8f01f3f71c4caffe0c04e7533ff94c87cf624ab854b8045f66a31ffb2126a528	27-game-assets_textures-astc.zip	CC0-1.0	none required (courtesy credit in README)	https://ambientcg.com/get?file=Tiles141_1K-PNG.zip	Tiles141_1K-PNG_NormalGL.png sha256:c65d473bbbc907f99cd9ec3d48d2dbafe7e1b368f65c7abd5c8877058083d5f8 (8-bit RGBA work image sha256:665e9524001a4909)	astcenc 5.7.0 avx2 (Apache-2.0); -cl <in> <out.astc> 8x8 -medium -silent -j 4 (level 0 only: a .astc file has no mip chain)	ASTC .astc file, block 8x8, 1024x1024, one image, no mips
27-game-assets/textures-astc/acg_tiles141_normal/acg_tiles141_normal.astc8x8.astcenc-thorough.astc	262160	8491119dc359d0a214be3c1b4e359dc1069510c2dad28551aa6a92b38134ad56	27-game-assets_textures-astc.zip	CC0-1.0	none required (courtesy credit in README)	https://ambientcg.com/get?file=Tiles141_1K-PNG.zip	Tiles141_1K-PNG_NormalGL.png sha256:c65d473bbbc907f99cd9ec3d48d2dbafe7e1b368f65c7abd5c8877058083d5f8 (8-bit RGBA work image sha256:665e9524001a4909)	astcenc 5.7.0 avx2 (Apache-2.0); -cl <in> <out.astc> 8x8 -thorough -silent -j 4 (level 0 only: a .astc file has no mip chain)	ASTC .astc file, block 8x8, 1024x1024, one image, no mips
27-game-assets/textures-astc/acg_tiles141_rough/acg_tiles141_rough.astc4x4.astcenc-medium.astc	1048592	92aa3eafbf77fa472803b533ae2e7b0cf84ae9deb137cdd2e971e13f07d16af6	27-game-assets_textures-astc.zip	CC0-1.0	none required (courtesy credit in README)	https://ambientcg.com/get?file=Tiles141_1K-PNG.zip	Tiles141_1K-PNG_Roughness.png sha256:fe1eb0ad17d6e6168e292298079fb7d48d45a47713ef1b9a92feaf5724d75eab (8-bit RGBA work image sha256:f37edb71b4af4f0d)	astcenc 5.7.0 avx2 (Apache-2.0); -cl <in> <out.astc> 4x4 -medium -silent -j 4 (level 0 only: a .astc file has no mip chain)	ASTC .astc file, block 4x4, 1024x1024, one image, no mips
27-game-assets/textures-astc/acg_tiles141_rough/acg_tiles141_rough.astc6x6.astcenc-medium.astc	467872	9e0be1f397b30196f67f561b98316c51872607a275350dd062118ca3aef6e7fd	27-game-assets_textures-astc.zip	CC0-1.0	none required (courtesy credit in README)	https://ambientcg.com/get?file=Tiles141_1K-PNG.zip	Tiles141_1K-PNG_Roughness.png sha256:fe1eb0ad17d6e6168e292298079fb7d48d45a47713ef1b9a92feaf5724d75eab (8-bit RGBA work image sha256:f37edb71b4af4f0d)	astcenc 5.7.0 avx2 (Apache-2.0); -cl <in> <out.astc> 6x6 -medium -silent -j 4 (level 0 only: a .astc file has no mip chain)	ASTC .astc file, block 6x6, 1024x1024, one image, no mips
27-game-assets/textures-astc/acg_tiles141_rough/acg_tiles141_rough.astc8x8.astcenc-medium.astc	262160	f3fcd1ec6a7be35af2dce55e2cbde0d01e70e5481d0c3d76433fd7249a5fdc5f	27-game-assets_textures-astc.zip	CC0-1.0	none required (courtesy credit in README)	https://ambientcg.com/get?file=Tiles141_1K-PNG.zip	Tiles141_1K-PNG_Roughness.png sha256:fe1eb0ad17d6e6168e292298079fb7d48d45a47713ef1b9a92feaf5724d75eab (8-bit RGBA work image sha256:f37edb71b4af4f0d)	astcenc 5.7.0 avx2 (Apache-2.0); -cl <in> <out.astc> 8x8 -medium -silent -j 4 (level 0 only: a .astc file has no mip chain)	ASTC .astc file, block 8x8, 1024x1024, one image, no mips
27-game-assets/textures-astc/hdri_kloofendal_1k/hdri_kloofendal_1k.astc4x4.astcenc-hdr-medium.astc	524304	3de575528f8f39a4d97605e2c24870ea452a4a40396c245818a5df56c7caf9f2	27-game-assets_textures-astc.zip	CC0-1.0	none required (courtesy credit in README)	https://dl.polyhaven.org/file/ph-assets/HDRIs/hdr/1k/kloofendal_48d_partly_cloudy_puresky_1k.hdr	kloofendal_48d_partly_cloudy_puresky_1k.hdr sha256:fd94c84997b8a3c353b62c2125a9b44e19509956986a126e472684432a02d798	astcenc 5.7.0 avx2 (Apache-2.0); -ch <in> <out.astc> 4x4 -medium -silent -j 4 (level 0 only: a .astc file has no mip chain)	ASTC .astc file, block 4x4, 1024x512, one image, no mips
27-game-assets/textures-astc/hdri_kloofendal_1k/hdri_kloofendal_1k.astc6x6.astcenc-hdr-medium.astc	235312	957467897cd36071f4c45bd94424cb63d764647a973cada80833dea1af772eee	27-game-assets_textures-astc.zip	CC0-1.0	none required (courtesy credit in README)	https://dl.polyhaven.org/file/ph-assets/HDRIs/hdr/1k/kloofendal_48d_partly_cloudy_puresky_1k.hdr	kloofendal_48d_partly_cloudy_puresky_1k.hdr sha256:fd94c84997b8a3c353b62c2125a9b44e19509956986a126e472684432a02d798	astcenc 5.7.0 avx2 (Apache-2.0); -ch <in> <out.astc> 6x6 -medium -silent -j 4 (level 0 only: a .astc file has no mip chain)	ASTC .astc file, block 6x6, 1024x512, one image, no mips
27-game-assets/textures-astc/hdri_kloofendal_1k/hdri_kloofendal_1k.astc8x8.astcenc-hdr-medium.astc	131088	0a806caedc8e2efabc9693af82577a5b24ad711cf24ef780d475f8f8977906b6	27-game-assets_textures-astc.zip	CC0-1.0	none required (courtesy credit in README)	https://dl.polyhaven.org/file/ph-assets/HDRIs/hdr/1k/kloofendal_48d_partly_cloudy_puresky_1k.hdr	kloofendal_48d_partly_cloudy_puresky_1k.hdr sha256:fd94c84997b8a3c353b62c2125a9b44e19509956986a126e472684432a02d798	astcenc 5.7.0 avx2 (Apache-2.0); -ch <in> <out.astc> 8x8 -medium -silent -j 4 (level 0 only: a .astc file has no mip chain)	ASTC .astc file, block 8x8, 1024x512, one image, no mips
27-game-assets/textures-astc/noise_detail/noise_detail.astc4x4.astcenc-medium.astc	1048592	258fac7bdc8d4a8aaaf455b29355e19b872c36e55489474c433da643bcd225df	27-game-assets_textures-astc.zip	CC0-1.0	none required (courtesy credit in README)		generated: numpy fBm value noise 1024x1024 RGB, seed 20261001 (work image sha256:54d279a95e89ab07)	astcenc 5.7.0 avx2 (Apache-2.0); -cl <in> <out.astc> 4x4 -medium -silent -j 4 (level 0 only: a .astc file has no mip chain)	ASTC .astc file, block 4x4, 1024x1024, one image, no mips
27-game-assets/textures-astc/noise_detail/noise_detail.astc4x4.astcenc-thorough.astc	1048592	ee7f3e99cf243e0412a2a1190da68cb8f84d1d22c8d4c72162c320598501d91a	27-game-assets_textures-astc.zip	CC0-1.0	none required (courtesy credit in README)		generated: numpy fBm value noise 1024x1024 RGB, seed 20261001 (work image sha256:54d279a95e89ab07)	astcenc 5.7.0 avx2 (Apache-2.0); -cl <in> <out.astc> 4x4 -thorough -silent -j 4 (level 0 only: a .astc file has no mip chain)	ASTC .astc file, block 4x4, 1024x1024, one image, no mips
27-game-assets/textures-astc/noise_detail/noise_detail.astc6x6.astcenc-medium.astc	467872	475a01e95efc0c8052217e1c2303141ed3c9f3f0565f083ea503c10044f2ed09	27-game-assets_textures-astc.zip	CC0-1.0	none required (courtesy credit in README)		generated: numpy fBm value noise 1024x1024 RGB, seed 20261001 (work image sha256:54d279a95e89ab07)	astcenc 5.7.0 avx2 (Apache-2.0); -cl <in> <out.astc> 6x6 -medium -silent -j 4 (level 0 only: a .astc file has no mip chain)	ASTC .astc file, block 6x6, 1024x1024, one image, no mips
27-game-assets/textures-astc/noise_detail/noise_detail.astc6x6.astcenc-thorough.astc	467872	5d04b45c87274397e7366d1d7a8db68a1e95ce090949193b214af7b9e83b67ff	27-game-assets_textures-astc.zip	CC0-1.0	none required (courtesy credit in README)		generated: numpy fBm value noise 1024x1024 RGB, seed 20261001 (work image sha256:54d279a95e89ab07)	astcenc 5.7.0 avx2 (Apache-2.0); -cl <in> <out.astc> 6x6 -thorough -silent -j 4 (level 0 only: a .astc file has no mip chain)	ASTC .astc file, block 6x6, 1024x1024, one image, no mips
27-game-assets/textures-astc/noise_detail/noise_detail.astc8x8.astcenc-medium.astc	262160	065ee5ca47051a3204f6da02a5931f230ae6b42d08069280b31f5a6ee177d7a8	27-game-assets_textures-astc.zip	CC0-1.0	none required (courtesy credit in README)		generated: numpy fBm value noise 1024x1024 RGB, seed 20261001 (work image sha256:54d279a95e89ab07)	astcenc 5.7.0 avx2 (Apache-2.0); -cl <in> <out.astc> 8x8 -medium -silent -j 4 (level 0 only: a .astc file has no mip chain)	ASTC .astc file, block 8x8, 1024x1024, one image, no mips
27-game-assets/textures-astc/noise_detail/noise_detail.astc8x8.astcenc-thorough.astc	262160	ddf96a747d33a2243aa63d8422ef5496659062563348fb76862ad98516629bd3	27-game-assets_textures-astc.zip	CC0-1.0	none required (courtesy credit in README)		generated: numpy fBm value noise 1024x1024 RGB, seed 20261001 (work image sha256:54d279a95e89ab07)	astcenc 5.7.0 avx2 (Apache-2.0); -cl <in> <out.astc> 8x8 -thorough -silent -j 4 (level 0 only: a .astc file has no mip chain)	ASTC .astc file, block 8x8, 1024x1024, one image, no mips
27-game-assets/textures-astc/ph_brick_arm_1k/ph_brick_arm_1k.astc4x4.astcenc-medium.astc	1048592	35f4571e08b4d612641d23b6ba92624b72aaaf25cd09ec73b408366065aa502a	27-game-assets_textures-astc.zip	CC0-1.0	none required (courtesy credit in README)	https://dl.polyhaven.org/file/ph-assets/Textures/png/1k/brick_wall_005/brick_wall_005_arm_1k.png	brick_wall_005_arm_1k.png sha256:f3fe86de3028330320e176a3aeb3f98af9039cf01e7b680e9b65c7ab15bd87f0 (8-bit RGBA work image sha256:71bc561e4f2cac32)	astcenc 5.7.0 avx2 (Apache-2.0); -cl <in> <out.astc> 4x4 -medium -silent -j 4 (level 0 only: a .astc file has no mip chain)	ASTC .astc file, block 4x4, 1024x1024, one image, no mips
27-game-assets/textures-astc/ph_brick_arm_1k/ph_brick_arm_1k.astc6x6.astcenc-medium.astc	467872	14f9bf8f4342c8116098743fe1f6f077f1c33f018a987a603c1bcb600a1c2a2e	27-game-assets_textures-astc.zip	CC0-1.0	none required (courtesy credit in README)	https://dl.polyhaven.org/file/ph-assets/Textures/png/1k/brick_wall_005/brick_wall_005_arm_1k.png	brick_wall_005_arm_1k.png sha256:f3fe86de3028330320e176a3aeb3f98af9039cf01e7b680e9b65c7ab15bd87f0 (8-bit RGBA work image sha256:71bc561e4f2cac32)	astcenc 5.7.0 avx2 (Apache-2.0); -cl <in> <out.astc> 6x6 -medium -silent -j 4 (level 0 only: a .astc file has no mip chain)	ASTC .astc file, block 6x6, 1024x1024, one image, no mips
27-game-assets/textures-astc/ph_brick_arm_1k/ph_brick_arm_1k.astc6x6.astcenc-thorough.astc	467872	f0695fefd3c128b08c7c1228f26f2b284e19aeff33681aa46ea20454fddd9d84	27-game-assets_textures-astc.zip	CC0-1.0	none required (courtesy credit in README)	https://dl.polyhaven.org/file/ph-assets/Textures/png/1k/brick_wall_005/brick_wall_005_arm_1k.png	brick_wall_005_arm_1k.png sha256:f3fe86de3028330320e176a3aeb3f98af9039cf01e7b680e9b65c7ab15bd87f0 (8-bit RGBA work image sha256:71bc561e4f2cac32)	astcenc 5.7.0 avx2 (Apache-2.0); -cl <in> <out.astc> 6x6 -thorough -silent -j 4 (level 0 only: a .astc file has no mip chain)	ASTC .astc file, block 6x6, 1024x1024, one image, no mips
27-game-assets/textures-astc/ph_brick_arm_1k/ph_brick_arm_1k.astc8x8.astcenc-medium.astc	262160	1eec7ae0e40f95864d8144ac65cea0f69422664e1c001a5929fc1d7b74eecd00	27-game-assets_textures-astc.zip	CC0-1.0	none required (courtesy credit in README)	https://dl.polyhaven.org/file/ph-assets/Textures/png/1k/brick_wall_005/brick_wall_005_arm_1k.png	brick_wall_005_arm_1k.png sha256:f3fe86de3028330320e176a3aeb3f98af9039cf01e7b680e9b65c7ab15bd87f0 (8-bit RGBA work image sha256:71bc561e4f2cac32)	astcenc 5.7.0 avx2 (Apache-2.0); -cl <in> <out.astc> 8x8 -medium -silent -j 4 (level 0 only: a .astc file has no mip chain)	ASTC .astc file, block 8x8, 1024x1024, one image, no mips
27-game-assets/textures-astc/ph_brick_arm_2k/ph_brick_arm_2k.astc6x6.astcenc-medium.astc	1871440	212b3b06b7265183645808838eab8491e4b5ff3f065a761ba0e49f27aece53df	27-game-assets_textures-astc.zip	CC0-1.0	none required (courtesy credit in README)	https://dl.polyhaven.org/file/ph-assets/Textures/png/2k/brick_wall_005/brick_wall_005_arm_2k.png	brick_wall_005_arm_2k.png sha256:ff55fc21467d0d29f52affaccc45d1f27b49f38863063139aa8b2a91d69bcfec (8-bit RGBA work image sha256:bdae3424d30fa910)	astcenc 5.7.0 avx2 (Apache-2.0); -cl <in> <out.astc> 6x6 -medium -silent -j 4 (level 0 only: a .astc file has no mip chain)	ASTC .astc file, block 6x6, 2048x2048, one image, no mips
27-game-assets/textures-astc/ph_brick_diffuse_1k/ph_brick_diffuse_1k.astc4x4.astcenc-medium.astc	1048592	f82667a303d74b9a86f8022f6ade5d7573695bd7082b05000fdd74e2632b35cc	27-game-assets_textures-astc.zip	CC0-1.0	none required (courtesy credit in README)	https://dl.polyhaven.org/file/ph-assets/Textures/png/1k/brick_wall_005/brick_wall_005_diff_1k.png	brick_wall_005_Diffuse_1k.png sha256:2523a2c48e97ed9bfddb0f977b693afe7aa675da8c7a43ae77e8237e14ec7725 (8-bit RGBA work image sha256:00f00ec18188edb6)	astcenc 5.7.0 avx2 (Apache-2.0); -cs <in> <out.astc> 4x4 -medium -silent -j 4 (level 0 only: a .astc file has no mip chain)	ASTC .astc file, block 4x4, 1024x1024, one image, no mips
27-game-assets/textures-astc/ph_brick_diffuse_1k/ph_brick_diffuse_1k.astc4x4.astcenc-thorough.astc	1048592	ae4f0c894613668879c698d0d7760bf236d4a8744f24ddc186841de77364219b	27-game-assets_textures-astc.zip	CC0-1.0	none required (courtesy credit in README)	https://dl.polyhaven.org/file/ph-assets/Textures/png/1k/brick_wall_005/brick_wall_005_diff_1k.png	brick_wall_005_Diffuse_1k.png sha256:2523a2c48e97ed9bfddb0f977b693afe7aa675da8c7a43ae77e8237e14ec7725 (8-bit RGBA work image sha256:00f00ec18188edb6)	astcenc 5.7.0 avx2 (Apache-2.0); -cs <in> <out.astc> 4x4 -thorough -silent -j 4 (level 0 only: a .astc file has no mip chain)	ASTC .astc file, block 4x4, 1024x1024, one image, no mips
27-game-assets/textures-astc/ph_brick_diffuse_1k/ph_brick_diffuse_1k.astc6x6.astcenc-medium.astc	467872	f9e35885dec31fabb2c28e711e5a2261d9a8efe8ab2d23f94604c88814943b7f	27-game-assets_textures-astc.zip	CC0-1.0	none required (courtesy credit in README)	https://dl.polyhaven.org/file/ph-assets/Textures/png/1k/brick_wall_005/brick_wall_005_diff_1k.png	brick_wall_005_Diffuse_1k.png sha256:2523a2c48e97ed9bfddb0f977b693afe7aa675da8c7a43ae77e8237e14ec7725 (8-bit RGBA work image sha256:00f00ec18188edb6)	astcenc 5.7.0 avx2 (Apache-2.0); -cs <in> <out.astc> 6x6 -medium -silent -j 4 (level 0 only: a .astc file has no mip chain)	ASTC .astc file, block 6x6, 1024x1024, one image, no mips
27-game-assets/textures-astc/ph_brick_diffuse_1k/ph_brick_diffuse_1k.astc6x6.astcenc-thorough.astc	467872	71187b759aba06222acb9eff12f0e7a586148230b83c442332312cb3c6b41bfe	27-game-assets_textures-astc.zip	CC0-1.0	none required (courtesy credit in README)	https://dl.polyhaven.org/file/ph-assets/Textures/png/1k/brick_wall_005/brick_wall_005_diff_1k.png	brick_wall_005_Diffuse_1k.png sha256:2523a2c48e97ed9bfddb0f977b693afe7aa675da8c7a43ae77e8237e14ec7725 (8-bit RGBA work image sha256:00f00ec18188edb6)	astcenc 5.7.0 avx2 (Apache-2.0); -cs <in> <out.astc> 6x6 -thorough -silent -j 4 (level 0 only: a .astc file has no mip chain)	ASTC .astc file, block 6x6, 1024x1024, one image, no mips
27-game-assets/textures-astc/ph_brick_diffuse_1k/ph_brick_diffuse_1k.astc8x8.astcenc-medium.astc	262160	0ebc364cc24dd6e10bc40a0ed6898b9eb8511c46c5b06735c21e895beb15d302	27-game-assets_textures-astc.zip	CC0-1.0	none required (courtesy credit in README)	https://dl.polyhaven.org/file/ph-assets/Textures/png/1k/brick_wall_005/brick_wall_005_diff_1k.png	brick_wall_005_Diffuse_1k.png sha256:2523a2c48e97ed9bfddb0f977b693afe7aa675da8c7a43ae77e8237e14ec7725 (8-bit RGBA work image sha256:00f00ec18188edb6)	astcenc 5.7.0 avx2 (Apache-2.0); -cs <in> <out.astc> 8x8 -medium -silent -j 4 (level 0 only: a .astc file has no mip chain)	ASTC .astc file, block 8x8, 1024x1024, one image, no mips
27-game-assets/textures-astc/ph_brick_diffuse_1k/ph_brick_diffuse_1k.astc8x8.astcenc-thorough.astc	262160	4106552750de390dbfa35533ade66d4e5ba811ac0d122f6218744a46469cf361	27-game-assets_textures-astc.zip	CC0-1.0	none required (courtesy credit in README)	https://dl.polyhaven.org/file/ph-assets/Textures/png/1k/brick_wall_005/brick_wall_005_diff_1k.png	brick_wall_005_Diffuse_1k.png sha256:2523a2c48e97ed9bfddb0f977b693afe7aa675da8c7a43ae77e8237e14ec7725 (8-bit RGBA work image sha256:00f00ec18188edb6)	astcenc 5.7.0 avx2 (Apache-2.0); -cs <in> <out.astc> 8x8 -thorough -silent -j 4 (level 0 only: a .astc file has no mip chain)	ASTC .astc file, block 8x8, 1024x1024, one image, no mips
27-game-assets/textures-astc/ph_brick_diffuse_2k/ph_brick_diffuse_2k.astc6x6.astcenc-medium.astc	1871440	e6fb96b14e7b5fc0253b0f91db241a317d96ef59bc0693461c79af8e47d64e33	27-game-assets_textures-astc.zip	CC0-1.0	none required (courtesy credit in README)	https://dl.polyhaven.org/file/ph-assets/Textures/png/2k/brick_wall_005/brick_wall_005_diff_2k.png	brick_wall_005_Diffuse_2k.png sha256:7d48655e45c0f1ffcd6c754d3fe6a9287a2ae056b044358d8a89406655be8a7c (8-bit RGBA work image sha256:e235247b8ac87181)	astcenc 5.7.0 avx2 (Apache-2.0); -cs <in> <out.astc> 6x6 -medium -silent -j 4 (level 0 only: a .astc file has no mip chain)	ASTC .astc file, block 6x6, 2048x2048, one image, no mips
27-game-assets/textures-astc/ph_brick_normal_1k/ph_brick_normal_1k.astc4x4.astcenc-medium.astc	1048592	77c2c8747886b32928cab17819351caace77aa0a650390d2c1f90bd0ff40a96c	27-game-assets_textures-astc.zip	CC0-1.0	none required (courtesy credit in README)	https://dl.polyhaven.org/file/ph-assets/Textures/png/1k/brick_wall_005/brick_wall_005_nor_gl_1k.png	brick_wall_005_nor_gl_1k.png sha256:845f7807822a26445e2a56d1df8bf7b3bd985ad0eba0be555a5f41c993079c63 (8-bit RGBA work image sha256:ecf6a49d11376c7b)	astcenc 5.7.0 avx2 (Apache-2.0); -cl <in> <out.astc> 4x4 -medium -silent -j 4 (level 0 only: a .astc file has no mip chain)	ASTC .astc file, block 4x4, 1024x1024, one image, no mips
27-game-assets/textures-astc/ph_brick_normal_1k/ph_brick_normal_1k.astc4x4.astcenc-thorough.astc	1048592	bf576a43d492c15e09b9f7fa3328ba523557d0e28077b6b1016da46c5bcf7834	27-game-assets_textures-astc.zip	CC0-1.0	none required (courtesy credit in README)	https://dl.polyhaven.org/file/ph-assets/Textures/png/1k/brick_wall_005/brick_wall_005_nor_gl_1k.png	brick_wall_005_nor_gl_1k.png sha256:845f7807822a26445e2a56d1df8bf7b3bd985ad0eba0be555a5f41c993079c63 (8-bit RGBA work image sha256:ecf6a49d11376c7b)	astcenc 5.7.0 avx2 (Apache-2.0); -cl <in> <out.astc> 4x4 -thorough -silent -j 4 (level 0 only: a .astc file has no mip chain)	ASTC .astc file, block 4x4, 1024x1024, one image, no mips
27-game-assets/textures-astc/ph_brick_normal_1k/ph_brick_normal_1k.astc6x6.astcenc-medium.astc	467872	047fb3d8390b6e5a67c8bdeb9ebaf28431b070c25bca6061e0e6c68120935ac6	27-game-assets_textures-astc.zip	CC0-1.0	none required (courtesy credit in README)	https://dl.polyhaven.org/file/ph-assets/Textures/png/1k/brick_wall_005/brick_wall_005_nor_gl_1k.png	brick_wall_005_nor_gl_1k.png sha256:845f7807822a26445e2a56d1df8bf7b3bd985ad0eba0be555a5f41c993079c63 (8-bit RGBA work image sha256:ecf6a49d11376c7b)	astcenc 5.7.0 avx2 (Apache-2.0); -cl <in> <out.astc> 6x6 -medium -silent -j 4 (level 0 only: a .astc file has no mip chain)	ASTC .astc file, block 6x6, 1024x1024, one image, no mips
27-game-assets/textures-astc/ph_brick_normal_1k/ph_brick_normal_1k.astc6x6.astcenc-thorough.astc	467872	9882e6ddf9eb9514d98378b9f50563508a1a0891072baa2263717556fd65ae6c	27-game-assets_textures-astc.zip	CC0-1.0	none required (courtesy credit in README)	https://dl.polyhaven.org/file/ph-assets/Textures/png/1k/brick_wall_005/brick_wall_005_nor_gl_1k.png	brick_wall_005_nor_gl_1k.png sha256:845f7807822a26445e2a56d1df8bf7b3bd985ad0eba0be555a5f41c993079c63 (8-bit RGBA work image sha256:ecf6a49d11376c7b)	astcenc 5.7.0 avx2 (Apache-2.0); -cl <in> <out.astc> 6x6 -thorough -silent -j 4 (level 0 only: a .astc file has no mip chain)	ASTC .astc file, block 6x6, 1024x1024, one image, no mips
27-game-assets/textures-astc/ph_brick_normal_1k/ph_brick_normal_1k.astc8x8.astcenc-medium.astc	262160	655338767f9ae3135a5dcee2e5f43db20057acdf8ed4efd25421dc79ce62203f	27-game-assets_textures-astc.zip	CC0-1.0	none required (courtesy credit in README)	https://dl.polyhaven.org/file/ph-assets/Textures/png/1k/brick_wall_005/brick_wall_005_nor_gl_1k.png	brick_wall_005_nor_gl_1k.png sha256:845f7807822a26445e2a56d1df8bf7b3bd985ad0eba0be555a5f41c993079c63 (8-bit RGBA work image sha256:ecf6a49d11376c7b)	astcenc 5.7.0 avx2 (Apache-2.0); -cl <in> <out.astc> 8x8 -medium -silent -j 4 (level 0 only: a .astc file has no mip chain)	ASTC .astc file, block 8x8, 1024x1024, one image, no mips
27-game-assets/textures-astc/ph_brick_normal_1k/ph_brick_normal_1k.astc8x8.astcenc-thorough.astc	262160	9a334eed03f3832a3ca4a21bcff99e65ef528e4757e569d37d0f9cfda8742905	27-game-assets_textures-astc.zip	CC0-1.0	none required (courtesy credit in README)	https://dl.polyhaven.org/file/ph-assets/Textures/png/1k/brick_wall_005/brick_wall_005_nor_gl_1k.png	brick_wall_005_nor_gl_1k.png sha256:845f7807822a26445e2a56d1df8bf7b3bd985ad0eba0be555a5f41c993079c63 (8-bit RGBA work image sha256:ecf6a49d11376c7b)	astcenc 5.7.0 avx2 (Apache-2.0); -cl <in> <out.astc> 8x8 -thorough -silent -j 4 (level 0 only: a .astc file has no mip chain)	ASTC .astc file, block 8x8, 1024x1024, one image, no mips
27-game-assets/textures-astc/ph_brick_normal_2k/ph_brick_normal_2k.astc6x6.astcenc-medium.astc	1871440	e0d20ff9883844c8da2d9502cb07d8a8b33d77cdd8441a58329ba38c4412b417	27-game-assets_textures-astc.zip	CC0-1.0	none required (courtesy credit in README)	https://dl.polyhaven.org/file/ph-assets/Textures/png/2k/brick_wall_005/brick_wall_005_nor_gl_2k.png	brick_wall_005_nor_gl_2k.png sha256:6173692437c2ac830adf9d8862a128b281c5a5ad83871ccae76fb0a3510955bb (8-bit RGBA work image sha256:0fc6183f1eefb5e6)	astcenc 5.7.0 avx2 (Apache-2.0); -cl <in> <out.astc> 6x6 -medium -silent -j 4 (level 0 only: a .astc file has no mip chain)	ASTC .astc file, block 6x6, 2048x2048, one image, no mips
27-game-assets/textures-astc/ph_leather_arm_1k/ph_leather_arm_1k.astc4x4.astcenc-medium.astc	1048592	3d1b58e325d82bed75a3683bb11fe96535100f26a5101bdf8ea0a83153b81bf8	27-game-assets_textures-astc.zip	CC0-1.0	none required (courtesy credit in README)	https://dl.polyhaven.org/file/ph-assets/Textures/png/1k/brown_leather/brown_leather_arm_1k.png	brown_leather_arm_1k.png sha256:0234c75f09a2e6af6eecd8674e79b413f41d4a665f1ecbfc84eb3e3ffe6419c3 (8-bit RGBA work image sha256:cd4568ba4b72d4bb)	astcenc 5.7.0 avx2 (Apache-2.0); -cl <in> <out.astc> 4x4 -medium -silent -j 4 (level 0 only: a .astc file has no mip chain)	ASTC .astc file, block 4x4, 1024x1024, one image, no mips
27-game-assets/textures-astc/ph_leather_arm_1k/ph_leather_arm_1k.astc6x6.astcenc-medium.astc	467872	f82cff0c1cacebdb7e313154455e46f6f4145639f482efd4c81c4674250716c0	27-game-assets_textures-astc.zip	CC0-1.0	none required (courtesy credit in README)	https://dl.polyhaven.org/file/ph-assets/Textures/png/1k/brown_leather/brown_leather_arm_1k.png	brown_leather_arm_1k.png sha256:0234c75f09a2e6af6eecd8674e79b413f41d4a665f1ecbfc84eb3e3ffe6419c3 (8-bit RGBA work image sha256:cd4568ba4b72d4bb)	astcenc 5.7.0 avx2 (Apache-2.0); -cl <in> <out.astc> 6x6 -medium -silent -j 4 (level 0 only: a .astc file has no mip chain)	ASTC .astc file, block 6x6, 1024x1024, one image, no mips
27-game-assets/textures-astc/ph_leather_arm_1k/ph_leather_arm_1k.astc6x6.astcenc-thorough.astc	467872	ca7ed816a1e780f5f19d13068904cc3c9a92cae1d619466d02ce4341218588a8	27-game-assets_textures-astc.zip	CC0-1.0	none required (courtesy credit in README)	https://dl.polyhaven.org/file/ph-assets/Textures/png/1k/brown_leather/brown_leather_arm_1k.png	brown_leather_arm_1k.png sha256:0234c75f09a2e6af6eecd8674e79b413f41d4a665f1ecbfc84eb3e3ffe6419c3 (8-bit RGBA work image sha256:cd4568ba4b72d4bb)	astcenc 5.7.0 avx2 (Apache-2.0); -cl <in> <out.astc> 6x6 -thorough -silent -j 4 (level 0 only: a .astc file has no mip chain)	ASTC .astc file, block 6x6, 1024x1024, one image, no mips
27-game-assets/textures-astc/ph_leather_arm_1k/ph_leather_arm_1k.astc8x8.astcenc-medium.astc	262160	ba76d81955f714e29d31057ff0f50acb652334f379a43355fee17d0db06f2787	27-game-assets_textures-astc.zip	CC0-1.0	none required (courtesy credit in README)	https://dl.polyhaven.org/file/ph-assets/Textures/png/1k/brown_leather/brown_leather_arm_1k.png	brown_leather_arm_1k.png sha256:0234c75f09a2e6af6eecd8674e79b413f41d4a665f1ecbfc84eb3e3ffe6419c3 (8-bit RGBA work image sha256:cd4568ba4b72d4bb)	astcenc 5.7.0 avx2 (Apache-2.0); -cl <in> <out.astc> 8x8 -medium -silent -j 4 (level 0 only: a .astc file has no mip chain)	ASTC .astc file, block 8x8, 1024x1024, one image, no mips
27-game-assets/textures-astc/ph_leather_diffuse_1k/ph_leather_diffuse_1k.astc4x4.astcenc-medium.astc	1048592	aacd3af333079e572002bca5d09cfbaa375d93d28739a1b3710722d74fb1fdc3	27-game-assets_textures-astc.zip	CC0-1.0	none required (courtesy credit in README)	https://dl.polyhaven.org/file/ph-assets/Textures/png/1k/brown_leather/brown_leather_albedo_1k.png	brown_leather_Diffuse_1k.png sha256:24f8bf54ee3b436f3077eacefb710ab77f62772fb75c5298e862854b597cd664 (8-bit RGBA work image sha256:017f792c28a9b89b)	astcenc 5.7.0 avx2 (Apache-2.0); -cs <in> <out.astc> 4x4 -medium -silent -j 4 (level 0 only: a .astc file has no mip chain)	ASTC .astc file, block 4x4, 1024x1024, one image, no mips
27-game-assets/textures-astc/ph_leather_diffuse_1k/ph_leather_diffuse_1k.astc4x4.astcenc-thorough.astc	1048592	8a81d4fe7aa11b568b419c21daec195404a5f51d921c965b43a39e54037a7ee2	27-game-assets_textures-astc.zip	CC0-1.0	none required (courtesy credit in README)	https://dl.polyhaven.org/file/ph-assets/Textures/png/1k/brown_leather/brown_leather_albedo_1k.png	brown_leather_Diffuse_1k.png sha256:24f8bf54ee3b436f3077eacefb710ab77f62772fb75c5298e862854b597cd664 (8-bit RGBA work image sha256:017f792c28a9b89b)	astcenc 5.7.0 avx2 (Apache-2.0); -cs <in> <out.astc> 4x4 -thorough -silent -j 4 (level 0 only: a .astc file has no mip chain)	ASTC .astc file, block 4x4, 1024x1024, one image, no mips
27-game-assets/textures-astc/ph_leather_diffuse_1k/ph_leather_diffuse_1k.astc6x6.astcenc-medium.astc	467872	11b09fa3b443d92117ca32ba714f7c7e18bb4461f868319cc4847248d31f25d2	27-game-assets_textures-astc.zip	CC0-1.0	none required (courtesy credit in README)	https://dl.polyhaven.org/file/ph-assets/Textures/png/1k/brown_leather/brown_leather_albedo_1k.png	brown_leather_Diffuse_1k.png sha256:24f8bf54ee3b436f3077eacefb710ab77f62772fb75c5298e862854b597cd664 (8-bit RGBA work image sha256:017f792c28a9b89b)	astcenc 5.7.0 avx2 (Apache-2.0); -cs <in> <out.astc> 6x6 -medium -silent -j 4 (level 0 only: a .astc file has no mip chain)	ASTC .astc file, block 6x6, 1024x1024, one image, no mips
27-game-assets/textures-astc/ph_leather_diffuse_1k/ph_leather_diffuse_1k.astc6x6.astcenc-thorough.astc	467872	98361511499641f40e6eb137a38149f3eb6c07a68ae94c4eea2b4cd2cbd3169c	27-game-assets_textures-astc.zip	CC0-1.0	none required (courtesy credit in README)	https://dl.polyhaven.org/file/ph-assets/Textures/png/1k/brown_leather/brown_leather_albedo_1k.png	brown_leather_Diffuse_1k.png sha256:24f8bf54ee3b436f3077eacefb710ab77f62772fb75c5298e862854b597cd664 (8-bit RGBA work image sha256:017f792c28a9b89b)	astcenc 5.7.0 avx2 (Apache-2.0); -cs <in> <out.astc> 6x6 -thorough -silent -j 4 (level 0 only: a .astc file has no mip chain)	ASTC .astc file, block 6x6, 1024x1024, one image, no mips
27-game-assets/textures-astc/ph_leather_diffuse_1k/ph_leather_diffuse_1k.astc8x8.astcenc-medium.astc	262160	b5cc6ba2ea74b9bb72f6939e080098095429a7f8cd1b8f51bb04504acf80f8d5	27-game-assets_textures-astc.zip	CC0-1.0	none required (courtesy credit in README)	https://dl.polyhaven.org/file/ph-assets/Textures/png/1k/brown_leather/brown_leather_albedo_1k.png	brown_leather_Diffuse_1k.png sha256:24f8bf54ee3b436f3077eacefb710ab77f62772fb75c5298e862854b597cd664 (8-bit RGBA work image sha256:017f792c28a9b89b)	astcenc 5.7.0 avx2 (Apache-2.0); -cs <in> <out.astc> 8x8 -medium -silent -j 4 (level 0 only: a .astc file has no mip chain)	ASTC .astc file, block 8x8, 1024x1024, one image, no mips
27-game-assets/textures-astc/ph_leather_diffuse_1k/ph_leather_diffuse_1k.astc8x8.astcenc-thorough.astc	262160	173c7aa8358e2c74c28c3c3d3e0908ce76e627cd969eb11c124b565b1af76f50	27-game-assets_textures-astc.zip	CC0-1.0	none required (courtesy credit in README)	https://dl.polyhaven.org/file/ph-assets/Textures/png/1k/brown_leather/brown_leather_albedo_1k.png	brown_leather_Diffuse_1k.png sha256:24f8bf54ee3b436f3077eacefb710ab77f62772fb75c5298e862854b597cd664 (8-bit RGBA work image sha256:017f792c28a9b89b)	astcenc 5.7.0 avx2 (Apache-2.0); -cs <in> <out.astc> 8x8 -thorough -silent -j 4 (level 0 only: a .astc file has no mip chain)	ASTC .astc file, block 8x8, 1024x1024, one image, no mips
27-game-assets/textures-astc/ph_leather_diffuse_2k/ph_leather_diffuse_2k.astc6x6.astcenc-medium.astc	1871440	fc9ebef8ccd90ded791ee9185fd006e3ad88b1e069ddfa40893a9ea29bc2fee7	27-game-assets_textures-astc.zip	CC0-1.0	none required (courtesy credit in README)	https://dl.polyhaven.org/file/ph-assets/Textures/png/2k/brown_leather/brown_leather_albedo_2k.png	brown_leather_Diffuse_2k.png sha256:e3d2b4be0c73560e7ca061743a803531bff565a50ba6eee3ad77c6001d775feb (8-bit RGBA work image sha256:6df47f3abe160f33)	astcenc 5.7.0 avx2 (Apache-2.0); -cs <in> <out.astc> 6x6 -medium -silent -j 4 (level 0 only: a .astc file has no mip chain)	ASTC .astc file, block 6x6, 2048x2048, one image, no mips
27-game-assets/textures-astc/ph_leather_normal_1k/ph_leather_normal_1k.astc4x4.astcenc-medium.astc	1048592	a7c3617b9861d4054777d975923320a2d9328473f08b2a59106690f01d09db7a	27-game-assets_textures-astc.zip	CC0-1.0	none required (courtesy credit in README)	https://dl.polyhaven.org/file/ph-assets/Textures/png/1k/brown_leather/brown_leather_nor_gl_1k.png	brown_leather_nor_gl_1k.png sha256:6354daff40330a2fcd6c1061912876ddc79889c960975adba336b013db5edcd5 (8-bit RGBA work image sha256:7891ca53399a6c69)	astcenc 5.7.0 avx2 (Apache-2.0); -cl <in> <out.astc> 4x4 -medium -silent -j 4 (level 0 only: a .astc file has no mip chain)	ASTC .astc file, block 4x4, 1024x1024, one image, no mips
27-game-assets/textures-astc/ph_leather_normal_1k/ph_leather_normal_1k.astc4x4.astcenc-thorough.astc	1048592	645b15a7624e91812f99507cb4cc0e433067efed6148b9ccb815f403bf07f53f	27-game-assets_textures-astc.zip	CC0-1.0	none required (courtesy credit in README)	https://dl.polyhaven.org/file/ph-assets/Textures/png/1k/brown_leather/brown_leather_nor_gl_1k.png	brown_leather_nor_gl_1k.png sha256:6354daff40330a2fcd6c1061912876ddc79889c960975adba336b013db5edcd5 (8-bit RGBA work image sha256:7891ca53399a6c69)	astcenc 5.7.0 avx2 (Apache-2.0); -cl <in> <out.astc> 4x4 -thorough -silent -j 4 (level 0 only: a .astc file has no mip chain)	ASTC .astc file, block 4x4, 1024x1024, one image, no mips
27-game-assets/textures-astc/ph_leather_normal_1k/ph_leather_normal_1k.astc6x6.astcenc-medium.astc	467872	a8ac52f98969452b369b11563b22bb7a9090e7f5ed483a04da89ac4f147cb803	27-game-assets_textures-astc.zip	CC0-1.0	none required (courtesy credit in README)	https://dl.polyhaven.org/file/ph-assets/Textures/png/1k/brown_leather/brown_leather_nor_gl_1k.png	brown_leather_nor_gl_1k.png sha256:6354daff40330a2fcd6c1061912876ddc79889c960975adba336b013db5edcd5 (8-bit RGBA work image sha256:7891ca53399a6c69)	astcenc 5.7.0 avx2 (Apache-2.0); -cl <in> <out.astc> 6x6 -medium -silent -j 4 (level 0 only: a .astc file has no mip chain)	ASTC .astc file, block 6x6, 1024x1024, one image, no mips
27-game-assets/textures-astc/ph_leather_normal_1k/ph_leather_normal_1k.astc6x6.astcenc-thorough.astc	467872	5dc0540a295a27c4889e74e113fb62c48e5ceaa3edb39d0c3673578cf2f6cc6d	27-game-assets_textures-astc.zip	CC0-1.0	none required (courtesy credit in README)	https://dl.polyhaven.org/file/ph-assets/Textures/png/1k/brown_leather/brown_leather_nor_gl_1k.png	brown_leather_nor_gl_1k.png sha256:6354daff40330a2fcd6c1061912876ddc79889c960975adba336b013db5edcd5 (8-bit RGBA work image sha256:7891ca53399a6c69)	astcenc 5.7.0 avx2 (Apache-2.0); -cl <in> <out.astc> 6x6 -thorough -silent -j 4 (level 0 only: a .astc file has no mip chain)	ASTC .astc file, block 6x6, 1024x1024, one image, no mips
27-game-assets/textures-astc/ph_leather_normal_1k/ph_leather_normal_1k.astc8x8.astcenc-medium.astc	262160	11fe1e26b52ab4747784904ed7aa222eb4991c7a307af18c17d0a5536bbff690	27-game-assets_textures-astc.zip	CC0-1.0	none required (courtesy credit in README)	https://dl.polyhaven.org/file/ph-assets/Textures/png/1k/brown_leather/brown_leather_nor_gl_1k.png	brown_leather_nor_gl_1k.png sha256:6354daff40330a2fcd6c1061912876ddc79889c960975adba336b013db5edcd5 (8-bit RGBA work image sha256:7891ca53399a6c69)	astcenc 5.7.0 avx2 (Apache-2.0); -cl <in> <out.astc> 8x8 -medium -silent -j 4 (level 0 only: a .astc file has no mip chain)	ASTC .astc file, block 8x8, 1024x1024, one image, no mips
27-game-assets/textures-astc/ph_leather_normal_1k/ph_leather_normal_1k.astc8x8.astcenc-thorough.astc	262160	7c2f0922514382d1a9d2638a20cd8322b13a24939e268b4e4b0d3a13ba8d36c4	27-game-assets_textures-astc.zip	CC0-1.0	none required (courtesy credit in README)	https://dl.polyhaven.org/file/ph-assets/Textures/png/1k/brown_leather/brown_leather_nor_gl_1k.png	brown_leather_nor_gl_1k.png sha256:6354daff40330a2fcd6c1061912876ddc79889c960975adba336b013db5edcd5 (8-bit RGBA work image sha256:7891ca53399a6c69)	astcenc 5.7.0 avx2 (Apache-2.0); -cl <in> <out.astc> 8x8 -thorough -silent -j 4 (level 0 only: a .astc file has no mip chain)	ASTC .astc file, block 8x8, 1024x1024, one image, no mips
27-game-assets/textures-astc/ph_leather_normal_2k/ph_leather_normal_2k.astc6x6.astcenc-medium.astc	1871440	5c3da4037e4ba30f64b8d63ae0c89efd8379f5582db4aca63be38685407b7bdb	27-game-assets_textures-astc.zip	CC0-1.0	none required (courtesy credit in README)	https://dl.polyhaven.org/file/ph-assets/Textures/png/2k/brown_leather/brown_leather_nor_gl_2k.png	brown_leather_nor_gl_2k.png sha256:a9a3f2bf3d04c0ffefc97fbe6aa7b9ed56992359a9a97e37571faa6a15aeefd3 (8-bit RGBA work image sha256:ac8c67bcb16912da)	astcenc 5.7.0 avx2 (Apache-2.0); -cl <in> <out.astc> 6x6 -medium -silent -j 4 (level 0 only: a .astc file has no mip chain)	ASTC .astc file, block 6x6, 2048x2048, one image, no mips
27-game-assets/textures-astc/ph_metal_arm_1k/ph_metal_arm_1k.astc4x4.astcenc-medium.astc	1048592	22521078b6f379cb74a6b3af79d2f3ef89e754002ba406221b93b4f6deaa0fa3	27-game-assets_textures-astc.zip	CC0-1.0	none required (courtesy credit in README)	https://dl.polyhaven.org/file/ph-assets/Textures/png/1k/blue_metal_plate/blue_metal_plate_arm_1k.png	blue_metal_plate_arm_1k.png sha256:9d049e208e52f6bd702a80cfa804786b5ea3fa7f0c70c668636f9f0e7eeafa62 (8-bit RGBA work image sha256:f813f36f3d57de19)	astcenc 5.7.0 avx2 (Apache-2.0); -cl <in> <out.astc> 4x4 -medium -silent -j 4 (level 0 only: a .astc file has no mip chain)	ASTC .astc file, block 4x4, 1024x1024, one image, no mips
27-game-assets/textures-astc/ph_metal_arm_1k/ph_metal_arm_1k.astc6x6.astcenc-medium.astc	467872	3dbfb1ee05980b9d999777305cc762501c9ec0d8a9fe4afe1011555fe01a2adc	27-game-assets_textures-astc.zip	CC0-1.0	none required (courtesy credit in README)	https://dl.polyhaven.org/file/ph-assets/Textures/png/1k/blue_metal_plate/blue_metal_plate_arm_1k.png	blue_metal_plate_arm_1k.png sha256:9d049e208e52f6bd702a80cfa804786b5ea3fa7f0c70c668636f9f0e7eeafa62 (8-bit RGBA work image sha256:f813f36f3d57de19)	astcenc 5.7.0 avx2 (Apache-2.0); -cl <in> <out.astc> 6x6 -medium -silent -j 4 (level 0 only: a .astc file has no mip chain)	ASTC .astc file, block 6x6, 1024x1024, one image, no mips
27-game-assets/textures-astc/ph_metal_arm_1k/ph_metal_arm_1k.astc6x6.astcenc-thorough.astc	467872	5bdbad5b38e9038e0ff60b33f7888b634ea348fc73768e1c9792136869658653	27-game-assets_textures-astc.zip	CC0-1.0	none required (courtesy credit in README)	https://dl.polyhaven.org/file/ph-assets/Textures/png/1k/blue_metal_plate/blue_metal_plate_arm_1k.png	blue_metal_plate_arm_1k.png sha256:9d049e208e52f6bd702a80cfa804786b5ea3fa7f0c70c668636f9f0e7eeafa62 (8-bit RGBA work image sha256:f813f36f3d57de19)	astcenc 5.7.0 avx2 (Apache-2.0); -cl <in> <out.astc> 6x6 -thorough -silent -j 4 (level 0 only: a .astc file has no mip chain)	ASTC .astc file, block 6x6, 1024x1024, one image, no mips
27-game-assets/textures-astc/ph_metal_arm_1k/ph_metal_arm_1k.astc8x8.astcenc-medium.astc	262160	bb9cd28d9d587add58e21c261a3c549d1dda37a6620d8bf676cc7b578c0757fa	27-game-assets_textures-astc.zip	CC0-1.0	none required (courtesy credit in README)	https://dl.polyhaven.org/file/ph-assets/Textures/png/1k/blue_metal_plate/blue_metal_plate_arm_1k.png	blue_metal_plate_arm_1k.png sha256:9d049e208e52f6bd702a80cfa804786b5ea3fa7f0c70c668636f9f0e7eeafa62 (8-bit RGBA work image sha256:f813f36f3d57de19)	astcenc 5.7.0 avx2 (Apache-2.0); -cl <in> <out.astc> 8x8 -medium -silent -j 4 (level 0 only: a .astc file has no mip chain)	ASTC .astc file, block 8x8, 1024x1024, one image, no mips
27-game-assets/textures-astc/ph_metal_diffuse_1k/ph_metal_diffuse_1k.astc4x4.astcenc-medium.astc	1048592	c77b0c55ca2299f14b96f79009e8bdd253141b2d1c37ad11f003577043a4176e	27-game-assets_textures-astc.zip	CC0-1.0	none required (courtesy credit in README)	https://dl.polyhaven.org/file/ph-assets/Textures/png/1k/blue_metal_plate/blue_metal_plate_diff_1k.png	blue_metal_plate_Diffuse_1k.png sha256:90eaf269bbfb5a9b456bd414f6d270bb3eabb086ff326b5931f435d985e1a162 (8-bit RGBA work image sha256:6201fa533b477b7a)	astcenc 5.7.0 avx2 (Apache-2.0); -cs <in> <out.astc> 4x4 -medium -silent -j 4 (level 0 only: a .astc file has no mip chain)	ASTC .astc file, block 4x4, 1024x1024, one image, no mips
27-game-assets/textures-astc/ph_metal_diffuse_1k/ph_metal_diffuse_1k.astc4x4.astcenc-thorough.astc	1048592	982e9103a136b7965cfd1870dd2c221cec718110e35f4454c1862eff25ff5fed	27-game-assets_textures-astc.zip	CC0-1.0	none required (courtesy credit in README)	https://dl.polyhaven.org/file/ph-assets/Textures/png/1k/blue_metal_plate/blue_metal_plate_diff_1k.png	blue_metal_plate_Diffuse_1k.png sha256:90eaf269bbfb5a9b456bd414f6d270bb3eabb086ff326b5931f435d985e1a162 (8-bit RGBA work image sha256:6201fa533b477b7a)	astcenc 5.7.0 avx2 (Apache-2.0); -cs <in> <out.astc> 4x4 -thorough -silent -j 4 (level 0 only: a .astc file has no mip chain)	ASTC .astc file, block 4x4, 1024x1024, one image, no mips
27-game-assets/textures-astc/ph_metal_diffuse_1k/ph_metal_diffuse_1k.astc6x6.astcenc-medium.astc	467872	a747803045213298e189592a8cc3199291138309b5044594dab33361013168aa	27-game-assets_textures-astc.zip	CC0-1.0	none required (courtesy credit in README)	https://dl.polyhaven.org/file/ph-assets/Textures/png/1k/blue_metal_plate/blue_metal_plate_diff_1k.png	blue_metal_plate_Diffuse_1k.png sha256:90eaf269bbfb5a9b456bd414f6d270bb3eabb086ff326b5931f435d985e1a162 (8-bit RGBA work image sha256:6201fa533b477b7a)	astcenc 5.7.0 avx2 (Apache-2.0); -cs <in> <out.astc> 6x6 -medium -silent -j 4 (level 0 only: a .astc file has no mip chain)	ASTC .astc file, block 6x6, 1024x1024, one image, no mips
27-game-assets/textures-astc/ph_metal_diffuse_1k/ph_metal_diffuse_1k.astc6x6.astcenc-thorough.astc	467872	7b8a083af3ea35234eefab93232681d464ff3ed8dc24ebf9902e8413d4cd0a28	27-game-assets_textures-astc.zip	CC0-1.0	none required (courtesy credit in README)	https://dl.polyhaven.org/file/ph-assets/Textures/png/1k/blue_metal_plate/blue_metal_plate_diff_1k.png	blue_metal_plate_Diffuse_1k.png sha256:90eaf269bbfb5a9b456bd414f6d270bb3eabb086ff326b5931f435d985e1a162 (8-bit RGBA work image sha256:6201fa533b477b7a)	astcenc 5.7.0 avx2 (Apache-2.0); -cs <in> <out.astc> 6x6 -thorough -silent -j 4 (level 0 only: a .astc file has no mip chain)	ASTC .astc file, block 6x6, 1024x1024, one image, no mips
27-game-assets/textures-astc/ph_metal_diffuse_1k/ph_metal_diffuse_1k.astc8x8.astcenc-medium.astc	262160	6318a4b225b1571f72d7dabba2817e7b52836605feca21f2d63f4eecd49990d3	27-game-assets_textures-astc.zip	CC0-1.0	none required (courtesy credit in README)	https://dl.polyhaven.org/file/ph-assets/Textures/png/1k/blue_metal_plate/blue_metal_plate_diff_1k.png	blue_metal_plate_Diffuse_1k.png sha256:90eaf269bbfb5a9b456bd414f6d270bb3eabb086ff326b5931f435d985e1a162 (8-bit RGBA work image sha256:6201fa533b477b7a)	astcenc 5.7.0 avx2 (Apache-2.0); -cs <in> <out.astc> 8x8 -medium -silent -j 4 (level 0 only: a .astc file has no mip chain)	ASTC .astc file, block 8x8, 1024x1024, one image, no mips
27-game-assets/textures-astc/ph_metal_diffuse_1k/ph_metal_diffuse_1k.astc8x8.astcenc-thorough.astc	262160	df972727816c5125ad452be45fd97b67d3dfb194fb2bb0538fc79a93b1690975	27-game-assets_textures-astc.zip	CC0-1.0	none required (courtesy credit in README)	https://dl.polyhaven.org/file/ph-assets/Textures/png/1k/blue_metal_plate/blue_metal_plate_diff_1k.png	blue_metal_plate_Diffuse_1k.png sha256:90eaf269bbfb5a9b456bd414f6d270bb3eabb086ff326b5931f435d985e1a162 (8-bit RGBA work image sha256:6201fa533b477b7a)	astcenc 5.7.0 avx2 (Apache-2.0); -cs <in> <out.astc> 8x8 -thorough -silent -j 4 (level 0 only: a .astc file has no mip chain)	ASTC .astc file, block 8x8, 1024x1024, one image, no mips
27-game-assets/textures-astc/ph_metal_diffuse_2k/ph_metal_diffuse_2k.astc6x6.astcenc-medium.astc	1871440	7045310eb44bd4fb788e79553fa7b105a9fdbe10e9aaa01b6528a7c11fb84eec	27-game-assets_textures-astc.zip	CC0-1.0	none required (courtesy credit in README)	https://dl.polyhaven.org/file/ph-assets/Textures/png/2k/blue_metal_plate/blue_metal_plate_diff_2k.png	blue_metal_plate_Diffuse_2k.png sha256:c37be7a33c50cd92308577132833bb1d1cc33688b6d3b1ffe68c976f5357ff02 (8-bit RGBA work image sha256:4b720b2944040629)	astcenc 5.7.0 avx2 (Apache-2.0); -cs <in> <out.astc> 6x6 -medium -silent -j 4 (level 0 only: a .astc file has no mip chain)	ASTC .astc file, block 6x6, 2048x2048, one image, no mips
27-game-assets/textures-astc/ph_metal_normal_1k/ph_metal_normal_1k.astc4x4.astcenc-medium.astc	1048592	1b7ac15b7b969824a1bfe765e965b24294306bfcbc341d4bbfd0a0d4492e17e9	27-game-assets_textures-astc.zip	CC0-1.0	none required (courtesy credit in README)	https://dl.polyhaven.org/file/ph-assets/Textures/png/1k/blue_metal_plate/blue_metal_plate_nor_gl_1k.png	blue_metal_plate_nor_gl_1k.png sha256:9f03852e15eadef3b0e6610ed6f040f2e8f0fd818ca31b76c94711e43b4c4e7a (8-bit RGBA work image sha256:0f86f73831f04b50)	astcenc 5.7.0 avx2 (Apache-2.0); -cl <in> <out.astc> 4x4 -medium -silent -j 4 (level 0 only: a .astc file has no mip chain)	ASTC .astc file, block 4x4, 1024x1024, one image, no mips
27-game-assets/textures-astc/ph_metal_normal_1k/ph_metal_normal_1k.astc4x4.astcenc-thorough.astc	1048592	690966a38695a3a17e5993eb0097755b7cd36eee30b1dff7b67c75507636e4f2	27-game-assets_textures-astc.zip	CC0-1.0	none required (courtesy credit in README)	https://dl.polyhaven.org/file/ph-assets/Textures/png/1k/blue_metal_plate/blue_metal_plate_nor_gl_1k.png	blue_metal_plate_nor_gl_1k.png sha256:9f03852e15eadef3b0e6610ed6f040f2e8f0fd818ca31b76c94711e43b4c4e7a (8-bit RGBA work image sha256:0f86f73831f04b50)	astcenc 5.7.0 avx2 (Apache-2.0); -cl <in> <out.astc> 4x4 -thorough -silent -j 4 (level 0 only: a .astc file has no mip chain)	ASTC .astc file, block 4x4, 1024x1024, one image, no mips
27-game-assets/textures-astc/ph_metal_normal_1k/ph_metal_normal_1k.astc6x6.astcenc-medium.astc	467872	fd66298f4597de11c88dd5929b6d9c34c1240cdca0f2046e51a0cb798aa74146	27-game-assets_textures-astc.zip	CC0-1.0	none required (courtesy credit in README)	https://dl.polyhaven.org/file/ph-assets/Textures/png/1k/blue_metal_plate/blue_metal_plate_nor_gl_1k.png	blue_metal_plate_nor_gl_1k.png sha256:9f03852e15eadef3b0e6610ed6f040f2e8f0fd818ca31b76c94711e43b4c4e7a (8-bit RGBA work image sha256:0f86f73831f04b50)	astcenc 5.7.0 avx2 (Apache-2.0); -cl <in> <out.astc> 6x6 -medium -silent -j 4 (level 0 only: a .astc file has no mip chain)	ASTC .astc file, block 6x6, 1024x1024, one image, no mips
27-game-assets/textures-astc/ph_metal_normal_1k/ph_metal_normal_1k.astc6x6.astcenc-thorough.astc	467872	c1893bbee22f05870d0d15da453ed7b690a2050342eb1bac893001d174f242a7	27-game-assets_textures-astc.zip	CC0-1.0	none required (courtesy credit in README)	https://dl.polyhaven.org/file/ph-assets/Textures/png/1k/blue_metal_plate/blue_metal_plate_nor_gl_1k.png	blue_metal_plate_nor_gl_1k.png sha256:9f03852e15eadef3b0e6610ed6f040f2e8f0fd818ca31b76c94711e43b4c4e7a (8-bit RGBA work image sha256:0f86f73831f04b50)	astcenc 5.7.0 avx2 (Apache-2.0); -cl <in> <out.astc> 6x6 -thorough -silent -j 4 (level 0 only: a .astc file has no mip chain)	ASTC .astc file, block 6x6, 1024x1024, one image, no mips
27-game-assets/textures-astc/ph_metal_normal_1k/ph_metal_normal_1k.astc8x8.astcenc-medium.astc	262160	f967b90c222f0114dd4f6d6a460643f7665f76b506b133a72f00d7217d329f9a	27-game-assets_textures-astc.zip	CC0-1.0	none required (courtesy credit in README)	https://dl.polyhaven.org/file/ph-assets/Textures/png/1k/blue_metal_plate/blue_metal_plate_nor_gl_1k.png	blue_metal_plate_nor_gl_1k.png sha256:9f03852e15eadef3b0e6610ed6f040f2e8f0fd818ca31b76c94711e43b4c4e7a (8-bit RGBA work image sha256:0f86f73831f04b50)	astcenc 5.7.0 avx2 (Apache-2.0); -cl <in> <out.astc> 8x8 -medium -silent -j 4 (level 0 only: a .astc file has no mip chain)	ASTC .astc file, block 8x8, 1024x1024, one image, no mips
27-game-assets/textures-astc/ph_metal_normal_1k/ph_metal_normal_1k.astc8x8.astcenc-thorough.astc	262160	f686b2766608de121be3b45e3140358f76d7dee104860255467b7e84896470ec	27-game-assets_textures-astc.zip	CC0-1.0	none required (courtesy credit in README)	https://dl.polyhaven.org/file/ph-assets/Textures/png/1k/blue_metal_plate/blue_metal_plate_nor_gl_1k.png	blue_metal_plate_nor_gl_1k.png sha256:9f03852e15eadef3b0e6610ed6f040f2e8f0fd818ca31b76c94711e43b4c4e7a (8-bit RGBA work image sha256:0f86f73831f04b50)	astcenc 5.7.0 avx2 (Apache-2.0); -cl <in> <out.astc> 8x8 -thorough -silent -j 4 (level 0 only: a .astc file has no mip chain)	ASTC .astc file, block 8x8, 1024x1024, one image, no mips
27-game-assets/textures-astc/ph_metal_normal_2k/ph_metal_normal_2k.astc6x6.astcenc-medium.astc	1871440	d8017f611637ada1780f878bd78edab5bc1c5148a2ee9d2bb74ccdbc31ce6570	27-game-assets_textures-astc.zip	CC0-1.0	none required (courtesy credit in README)	https://dl.polyhaven.org/file/ph-assets/Textures/png/2k/blue_metal_plate/blue_metal_plate_nor_gl_2k.png	blue_metal_plate_nor_gl_2k.png sha256:8c5701c09d71bbc7dffe97b45fde3c57b132c5fca8d39851695f7566f54b02e9 (8-bit RGBA work image sha256:7d9b81e7855047a2)	astcenc 5.7.0 avx2 (Apache-2.0); -cl <in> <out.astc> 6x6 -medium -silent -j 4 (level 0 only: a .astc file has no mip chain)	ASTC .astc file, block 6x6, 2048x2048, one image, no mips
27-game-assets/textures-astc/ph_rock_ao_1k/ph_rock_ao_1k.astc4x4.astcenc-medium.astc	1048592	eb7ce53bfae2fb012cf06b9f62099cb4e4d2e7ec3d62bb46b7808b71f9222d65	27-game-assets_textures-astc.zip	CC0-1.0	none required (courtesy credit in README)	https://dl.polyhaven.org/file/ph-assets/Textures/png/1k/rock_boulder_cracked/rock_boulder_cracked_ao_1k.png	rock_boulder_cracked_AO_1k.png sha256:1b29f766a7e90b75f2f20ae461a7a2fed06bb9e9a67c34162081ec52109b3870 (8-bit RGBA work image sha256:5559fd7a75be062c)	astcenc 5.7.0 avx2 (Apache-2.0); -cl <in> <out.astc> 4x4 -medium -silent -j 4 (level 0 only: a .astc file has no mip chain)	ASTC .astc file, block 4x4, 1024x1024, one image, no mips
27-game-assets/textures-astc/ph_rock_ao_1k/ph_rock_ao_1k.astc6x6.astcenc-medium.astc	467872	c2e14b3ccbbe3102409a55cbe33fb6ac674a0f78870abe4bee01cad4882b1c4c	27-game-assets_textures-astc.zip	CC0-1.0	none required (courtesy credit in README)	https://dl.polyhaven.org/file/ph-assets/Textures/png/1k/rock_boulder_cracked/rock_boulder_cracked_ao_1k.png	rock_boulder_cracked_AO_1k.png sha256:1b29f766a7e90b75f2f20ae461a7a2fed06bb9e9a67c34162081ec52109b3870 (8-bit RGBA work image sha256:5559fd7a75be062c)	astcenc 5.7.0 avx2 (Apache-2.0); -cl <in> <out.astc> 6x6 -medium -silent -j 4 (level 0 only: a .astc file has no mip chain)	ASTC .astc file, block 6x6, 1024x1024, one image, no mips
27-game-assets/textures-astc/ph_rock_ao_1k/ph_rock_ao_1k.astc8x8.astcenc-medium.astc	262160	24d2bdd2a98848bf539a5a2fc1b2ccd426f379d2e447a909092ce8be3df7ea91	27-game-assets_textures-astc.zip	CC0-1.0	none required (courtesy credit in README)	https://dl.polyhaven.org/file/ph-assets/Textures/png/1k/rock_boulder_cracked/rock_boulder_cracked_ao_1k.png	rock_boulder_cracked_AO_1k.png sha256:1b29f766a7e90b75f2f20ae461a7a2fed06bb9e9a67c34162081ec52109b3870 (8-bit RGBA work image sha256:5559fd7a75be062c)	astcenc 5.7.0 avx2 (Apache-2.0); -cl <in> <out.astc> 8x8 -medium -silent -j 4 (level 0 only: a .astc file has no mip chain)	ASTC .astc file, block 8x8, 1024x1024, one image, no mips
27-game-assets/textures-astc/ph_rock_diffuse_1k/ph_rock_diffuse_1k.astc4x4.astcenc-medium.astc	1048592	9fa17913d1e5a207f87347fadc049f946db1b9832704810c7d03f3b8c569e392	27-game-assets_textures-astc.zip	CC0-1.0	none required (courtesy credit in README)	https://dl.polyhaven.org/file/ph-assets/Textures/png/1k/rock_boulder_cracked/rock_boulder_cracked_diff_1k.png	rock_boulder_cracked_Diffuse_1k.png sha256:cb57c59ea319668148fb65e47eae114c9d9d8a81c5fcb877818a94743447f863 (8-bit RGBA work image sha256:6d842a04911b1015)	astcenc 5.7.0 avx2 (Apache-2.0); -cs <in> <out.astc> 4x4 -medium -silent -j 4 (level 0 only: a .astc file has no mip chain)	ASTC .astc file, block 4x4, 1024x1024, one image, no mips
27-game-assets/textures-astc/ph_rock_diffuse_1k/ph_rock_diffuse_1k.astc4x4.astcenc-thorough.astc	1048592	e6e5e3e0f541b5c708991c5d0ab2c7589ab6b31fbb51b26bbd0ca8fc348c3491	27-game-assets_textures-astc.zip	CC0-1.0	none required (courtesy credit in README)	https://dl.polyhaven.org/file/ph-assets/Textures/png/1k/rock_boulder_cracked/rock_boulder_cracked_diff_1k.png	rock_boulder_cracked_Diffuse_1k.png sha256:cb57c59ea319668148fb65e47eae114c9d9d8a81c5fcb877818a94743447f863 (8-bit RGBA work image sha256:6d842a04911b1015)	astcenc 5.7.0 avx2 (Apache-2.0); -cs <in> <out.astc> 4x4 -thorough -silent -j 4 (level 0 only: a .astc file has no mip chain)	ASTC .astc file, block 4x4, 1024x1024, one image, no mips
27-game-assets/textures-astc/ph_rock_diffuse_1k/ph_rock_diffuse_1k.astc6x6.astcenc-medium.astc	467872	0ee7bf1f18a109575b2a32156c1441ad60658da6fd95162ed5851462f9eab587	27-game-assets_textures-astc.zip	CC0-1.0	none required (courtesy credit in README)	https://dl.polyhaven.org/file/ph-assets/Textures/png/1k/rock_boulder_cracked/rock_boulder_cracked_diff_1k.png	rock_boulder_cracked_Diffuse_1k.png sha256:cb57c59ea319668148fb65e47eae114c9d9d8a81c5fcb877818a94743447f863 (8-bit RGBA work image sha256:6d842a04911b1015)	astcenc 5.7.0 avx2 (Apache-2.0); -cs <in> <out.astc> 6x6 -medium -silent -j 4 (level 0 only: a .astc file has no mip chain)	ASTC .astc file, block 6x6, 1024x1024, one image, no mips
27-game-assets/textures-astc/ph_rock_diffuse_1k/ph_rock_diffuse_1k.astc6x6.astcenc-thorough.astc	467872	44903f0072b741ead2deb1c7ea981f8e18a80c86be981c6c640631e939464b00	27-game-assets_textures-astc.zip	CC0-1.0	none required (courtesy credit in README)	https://dl.polyhaven.org/file/ph-assets/Textures/png/1k/rock_boulder_cracked/rock_boulder_cracked_diff_1k.png	rock_boulder_cracked_Diffuse_1k.png sha256:cb57c59ea319668148fb65e47eae114c9d9d8a81c5fcb877818a94743447f863 (8-bit RGBA work image sha256:6d842a04911b1015)	astcenc 5.7.0 avx2 (Apache-2.0); -cs <in> <out.astc> 6x6 -thorough -silent -j 4 (level 0 only: a .astc file has no mip chain)	ASTC .astc file, block 6x6, 1024x1024, one image, no mips
27-game-assets/textures-astc/ph_rock_diffuse_1k/ph_rock_diffuse_1k.astc8x8.astcenc-medium.astc	262160	5beaad8bb259ff655014cdf50012e30f45b040ecf1433af78213939c691b40f3	27-game-assets_textures-astc.zip	CC0-1.0	none required (courtesy credit in README)	https://dl.polyhaven.org/file/ph-assets/Textures/png/1k/rock_boulder_cracked/rock_boulder_cracked_diff_1k.png	rock_boulder_cracked_Diffuse_1k.png sha256:cb57c59ea319668148fb65e47eae114c9d9d8a81c5fcb877818a94743447f863 (8-bit RGBA work image sha256:6d842a04911b1015)	astcenc 5.7.0 avx2 (Apache-2.0); -cs <in> <out.astc> 8x8 -medium -silent -j 4 (level 0 only: a .astc file has no mip chain)	ASTC .astc file, block 8x8, 1024x1024, one image, no mips
27-game-assets/textures-astc/ph_rock_diffuse_1k/ph_rock_diffuse_1k.astc8x8.astcenc-thorough.astc	262160	a5a78b38fc8686f9820ffebbb14d9ab9cb9cbcf5a5f661be818f70a129556e07	27-game-assets_textures-astc.zip	CC0-1.0	none required (courtesy credit in README)	https://dl.polyhaven.org/file/ph-assets/Textures/png/1k/rock_boulder_cracked/rock_boulder_cracked_diff_1k.png	rock_boulder_cracked_Diffuse_1k.png sha256:cb57c59ea319668148fb65e47eae114c9d9d8a81c5fcb877818a94743447f863 (8-bit RGBA work image sha256:6d842a04911b1015)	astcenc 5.7.0 avx2 (Apache-2.0); -cs <in> <out.astc> 8x8 -thorough -silent -j 4 (level 0 only: a .astc file has no mip chain)	ASTC .astc file, block 8x8, 1024x1024, one image, no mips
27-game-assets/textures-astc/ph_rock_diffuse_2k/ph_rock_diffuse_2k.astc6x6.astcenc-medium.astc	1871440	ab7012d88c20178c390579e978ca7e483032c1c6119f161963aeccfa7441c4b7	27-game-assets_textures-astc.zip	CC0-1.0	none required (courtesy credit in README)	https://dl.polyhaven.org/file/ph-assets/Textures/png/2k/rock_boulder_cracked/rock_boulder_cracked_diff_2k.png	rock_boulder_cracked_Diffuse_2k.png sha256:4cbb4b82b00f54074762f2b2fcc85d4c6b156e065adee3c1a74164fc5a0828d5 (8-bit RGBA work image sha256:d7a15dd8f19f2777)	astcenc 5.7.0 avx2 (Apache-2.0); -cs <in> <out.astc> 6x6 -medium -silent -j 4 (level 0 only: a .astc file has no mip chain)	ASTC .astc file, block 6x6, 2048x2048, one image, no mips
27-game-assets/textures-astc/ph_rock_disp_1k/ph_rock_disp_1k.astc4x4.astcenc-medium.astc	1048592	e97a037ac6f67b0065372f36d0875fa287301593dda754cea89ba01babe9510b	27-game-assets_textures-astc.zip	CC0-1.0	none required (courtesy credit in README)	https://dl.polyhaven.org/file/ph-assets/Textures/png/1k/rock_boulder_cracked/rock_boulder_cracked_disp_1k.png	rock_boulder_cracked_Displacement_1k.png sha256:ac692236abaf9f9ec7a9e234cdb25af587a56d20f3a589ed5ea299626ca02a2f (8-bit RGBA work image sha256:d95271932c66be25)	astcenc 5.7.0 avx2 (Apache-2.0); -cl <in> <out.astc> 4x4 -medium -silent -j 4 (level 0 only: a .astc file has no mip chain)	ASTC .astc file, block 4x4, 1024x1024, one image, no mips
27-game-assets/textures-astc/ph_rock_disp_1k/ph_rock_disp_1k.astc6x6.astcenc-medium.astc	467872	31a44e17957baa5012b85cef239ee8f1aa239a21295de57fe1855024a2d31ea8	27-game-assets_textures-astc.zip	CC0-1.0	none required (courtesy credit in README)	https://dl.polyhaven.org/file/ph-assets/Textures/png/1k/rock_boulder_cracked/rock_boulder_cracked_disp_1k.png	rock_boulder_cracked_Displacement_1k.png sha256:ac692236abaf9f9ec7a9e234cdb25af587a56d20f3a589ed5ea299626ca02a2f (8-bit RGBA work image sha256:d95271932c66be25)	astcenc 5.7.0 avx2 (Apache-2.0); -cl <in> <out.astc> 6x6 -medium -silent -j 4 (level 0 only: a .astc file has no mip chain)	ASTC .astc file, block 6x6, 1024x1024, one image, no mips
27-game-assets/textures-astc/ph_rock_disp_1k/ph_rock_disp_1k.astc8x8.astcenc-medium.astc	262160	68718959bd50d4dbbacaa82dbf2fd11d465201c8da7420ce4f437f9af9cc30da	27-game-assets_textures-astc.zip	CC0-1.0	none required (courtesy credit in README)	https://dl.polyhaven.org/file/ph-assets/Textures/png/1k/rock_boulder_cracked/rock_boulder_cracked_disp_1k.png	rock_boulder_cracked_Displacement_1k.png sha256:ac692236abaf9f9ec7a9e234cdb25af587a56d20f3a589ed5ea299626ca02a2f (8-bit RGBA work image sha256:d95271932c66be25)	astcenc 5.7.0 avx2 (Apache-2.0); -cl <in> <out.astc> 8x8 -medium -silent -j 4 (level 0 only: a .astc file has no mip chain)	ASTC .astc file, block 8x8, 1024x1024, one image, no mips
27-game-assets/textures-astc/ph_rock_normal_1k/ph_rock_normal_1k.astc4x4.astcenc-medium.astc	1048592	3f95e8d681bfc7b8ae182c151ea30f816c0f25cc72b90d223505f91cfb5bd2d7	27-game-assets_textures-astc.zip	CC0-1.0	none required (courtesy credit in README)	https://dl.polyhaven.org/file/ph-assets/Textures/png/1k/rock_boulder_cracked/rock_boulder_cracked_nor_gl_1k.png	rock_boulder_cracked_nor_gl_1k.png sha256:cfd4aa9e1c98a6e77cfb3918043e872abdb94bf7c2d0261f8c20f816b7c8b401 (8-bit RGBA work image sha256:42eefefce46943ca)	astcenc 5.7.0 avx2 (Apache-2.0); -cl <in> <out.astc> 4x4 -medium -silent -j 4 (level 0 only: a .astc file has no mip chain)	ASTC .astc file, block 4x4, 1024x1024, one image, no mips
27-game-assets/textures-astc/ph_rock_normal_1k/ph_rock_normal_1k.astc4x4.astcenc-thorough.astc	1048592	1d46515e1e86d72050d171bf532f9625545fb308bddc54792c1f0ccc3898a0e2	27-game-assets_textures-astc.zip	CC0-1.0	none required (courtesy credit in README)	https://dl.polyhaven.org/file/ph-assets/Textures/png/1k/rock_boulder_cracked/rock_boulder_cracked_nor_gl_1k.png	rock_boulder_cracked_nor_gl_1k.png sha256:cfd4aa9e1c98a6e77cfb3918043e872abdb94bf7c2d0261f8c20f816b7c8b401 (8-bit RGBA work image sha256:42eefefce46943ca)	astcenc 5.7.0 avx2 (Apache-2.0); -cl <in> <out.astc> 4x4 -thorough -silent -j 4 (level 0 only: a .astc file has no mip chain)	ASTC .astc file, block 4x4, 1024x1024, one image, no mips
27-game-assets/textures-astc/ph_rock_normal_1k/ph_rock_normal_1k.astc6x6.astcenc-medium.astc	467872	4ae7bc8e8808ded02dec68476c0804df2c695a1c7a13312f76f52a1fe5068ba7	27-game-assets_textures-astc.zip	CC0-1.0	none required (courtesy credit in README)	https://dl.polyhaven.org/file/ph-assets/Textures/png/1k/rock_boulder_cracked/rock_boulder_cracked_nor_gl_1k.png	rock_boulder_cracked_nor_gl_1k.png sha256:cfd4aa9e1c98a6e77cfb3918043e872abdb94bf7c2d0261f8c20f816b7c8b401 (8-bit RGBA work image sha256:42eefefce46943ca)	astcenc 5.7.0 avx2 (Apache-2.0); -cl <in> <out.astc> 6x6 -medium -silent -j 4 (level 0 only: a .astc file has no mip chain)	ASTC .astc file, block 6x6, 1024x1024, one image, no mips
27-game-assets/textures-astc/ph_rock_normal_1k/ph_rock_normal_1k.astc6x6.astcenc-thorough.astc	467872	2cec9d30acc5576b602675db1c2a44df880d846ad586fbaed62ee59c2c8f9694	27-game-assets_textures-astc.zip	CC0-1.0	none required (courtesy credit in README)	https://dl.polyhaven.org/file/ph-assets/Textures/png/1k/rock_boulder_cracked/rock_boulder_cracked_nor_gl_1k.png	rock_boulder_cracked_nor_gl_1k.png sha256:cfd4aa9e1c98a6e77cfb3918043e872abdb94bf7c2d0261f8c20f816b7c8b401 (8-bit RGBA work image sha256:42eefefce46943ca)	astcenc 5.7.0 avx2 (Apache-2.0); -cl <in> <out.astc> 6x6 -thorough -silent -j 4 (level 0 only: a .astc file has no mip chain)	ASTC .astc file, block 6x6, 1024x1024, one image, no mips
27-game-assets/textures-astc/ph_rock_normal_1k/ph_rock_normal_1k.astc8x8.astcenc-medium.astc	262160	8c0ab0dd245ba551226700cd4b2ecac68d0f9245db7c53ad3d0c175a1f0ff0b9	27-game-assets_textures-astc.zip	CC0-1.0	none required (courtesy credit in README)	https://dl.polyhaven.org/file/ph-assets/Textures/png/1k/rock_boulder_cracked/rock_boulder_cracked_nor_gl_1k.png	rock_boulder_cracked_nor_gl_1k.png sha256:cfd4aa9e1c98a6e77cfb3918043e872abdb94bf7c2d0261f8c20f816b7c8b401 (8-bit RGBA work image sha256:42eefefce46943ca)	astcenc 5.7.0 avx2 (Apache-2.0); -cl <in> <out.astc> 8x8 -medium -silent -j 4 (level 0 only: a .astc file has no mip chain)	ASTC .astc file, block 8x8, 1024x1024, one image, no mips
27-game-assets/textures-astc/ph_rock_normal_1k/ph_rock_normal_1k.astc8x8.astcenc-thorough.astc	262160	b1cfd4c16421ea6e3266f18209626a00ecdcd701b9949b7a78471300703923bc	27-game-assets_textures-astc.zip	CC0-1.0	none required (courtesy credit in README)	https://dl.polyhaven.org/file/ph-assets/Textures/png/1k/rock_boulder_cracked/rock_boulder_cracked_nor_gl_1k.png	rock_boulder_cracked_nor_gl_1k.png sha256:cfd4aa9e1c98a6e77cfb3918043e872abdb94bf7c2d0261f8c20f816b7c8b401 (8-bit RGBA work image sha256:42eefefce46943ca)	astcenc 5.7.0 avx2 (Apache-2.0); -cl <in> <out.astc> 8x8 -thorough -silent -j 4 (level 0 only: a .astc file has no mip chain)	ASTC .astc file, block 8x8, 1024x1024, one image, no mips
27-game-assets/textures-astc/ph_rock_normal_2k/ph_rock_normal_2k.astc6x6.astcenc-medium.astc	1871440	b596b933a732bb0a91b3cdfb88a383d76211042641205bfb13a3f165154f6eae	27-game-assets_textures-astc.zip	CC0-1.0	none required (courtesy credit in README)	https://dl.polyhaven.org/file/ph-assets/Textures/png/2k/rock_boulder_cracked/rock_boulder_cracked_nor_gl_2k.png	rock_boulder_cracked_nor_gl_2k.png sha256:46d354286488b5421313a2ff1948e6ab3c81778b7c1cbe332627206ee5c3b09a (8-bit RGBA work image sha256:50ef54656aa4d04f)	astcenc 5.7.0 avx2 (Apache-2.0); -cl <in> <out.astc> 6x6 -medium -silent -j 4 (level 0 only: a .astc file has no mip chain)	ASTC .astc file, block 6x6, 2048x2048, one image, no mips
27-game-assets/textures-astc/ph_rock_rough_1k/ph_rock_rough_1k.astc4x4.astcenc-medium.astc	1048592	799c9fafaf30ea724db45de79270e518f6f179911e191206c884710df8901482	27-game-assets_textures-astc.zip	CC0-1.0	none required (courtesy credit in README)	https://dl.polyhaven.org/file/ph-assets/Textures/png/1k/rock_boulder_cracked/rock_boulder_cracked_rough_1k.png	rock_boulder_cracked_Rough_1k.png sha256:ed6cf13f6b36a00965a856fdc69b064472b6f57257934404cbf11ac49046ee38 (8-bit RGBA work image sha256:4ed831bf1ea31c3f)	astcenc 5.7.0 avx2 (Apache-2.0); -cl <in> <out.astc> 4x4 -medium -silent -j 4 (level 0 only: a .astc file has no mip chain)	ASTC .astc file, block 4x4, 1024x1024, one image, no mips
27-game-assets/textures-astc/ph_rock_rough_1k/ph_rock_rough_1k.astc6x6.astcenc-medium.astc	467872	2520a1c88f99df4ac2e11d3d5587f7d81ec27351115cb373c6743087b5184e8c	27-game-assets_textures-astc.zip	CC0-1.0	none required (courtesy credit in README)	https://dl.polyhaven.org/file/ph-assets/Textures/png/1k/rock_boulder_cracked/rock_boulder_cracked_rough_1k.png	rock_boulder_cracked_Rough_1k.png sha256:ed6cf13f6b36a00965a856fdc69b064472b6f57257934404cbf11ac49046ee38 (8-bit RGBA work image sha256:4ed831bf1ea31c3f)	astcenc 5.7.0 avx2 (Apache-2.0); -cl <in> <out.astc> 6x6 -medium -silent -j 4 (level 0 only: a .astc file has no mip chain)	ASTC .astc file, block 6x6, 1024x1024, one image, no mips
27-game-assets/textures-astc/ph_rock_rough_1k/ph_rock_rough_1k.astc8x8.astcenc-medium.astc	262160	be266c637b94285119a0e88fb7e0a159f2bf3f8dfc901355a2943f862b42896e	27-game-assets_textures-astc.zip	CC0-1.0	none required (courtesy credit in README)	https://dl.polyhaven.org/file/ph-assets/Textures/png/1k/rock_boulder_cracked/rock_boulder_cracked_rough_1k.png	rock_boulder_cracked_Rough_1k.png sha256:ed6cf13f6b36a00965a856fdc69b064472b6f57257934404cbf11ac49046ee38 (8-bit RGBA work image sha256:4ed831bf1ea31c3f)	astcenc 5.7.0 avx2 (Apache-2.0); -cl <in> <out.astc> 8x8 -medium -silent -j 4 (level 0 only: a .astc file has no mip chain)	ASTC .astc file, block 8x8, 1024x1024, one image, no mips
27-game-assets/textures-astc/ph_wood_arm_1k/ph_wood_arm_1k.astc4x4.astcenc-medium.astc	1048592	d5704a63dbc1c780f8e950416fd27782e0d3a2ad64da3dc9a5dc31d8d51636be	27-game-assets_textures-astc.zip	CC0-1.0	none required (courtesy credit in README)	https://dl.polyhaven.org/file/ph-assets/Textures/png/1k/wood_planks_grey/wood_planks_grey_arm_1k.png	wood_planks_grey_arm_1k.png sha256:9b81e9a0b4f9db0a920c4c2ce8ff13e0411b3624d4de455acdabe41e3fafe20e (8-bit RGBA work image sha256:0ee0b93ca3a8a832)	astcenc 5.7.0 avx2 (Apache-2.0); -cl <in> <out.astc> 4x4 -medium -silent -j 4 (level 0 only: a .astc file has no mip chain)	ASTC .astc file, block 4x4, 1024x1024, one image, no mips
27-game-assets/textures-astc/ph_wood_arm_1k/ph_wood_arm_1k.astc6x6.astcenc-medium.astc	467872	812fa00b46eb74bbb26196e070aff168e3bfd0ab74a5fbdf9d83107986f31b5c	27-game-assets_textures-astc.zip	CC0-1.0	none required (courtesy credit in README)	https://dl.polyhaven.org/file/ph-assets/Textures/png/1k/wood_planks_grey/wood_planks_grey_arm_1k.png	wood_planks_grey_arm_1k.png sha256:9b81e9a0b4f9db0a920c4c2ce8ff13e0411b3624d4de455acdabe41e3fafe20e (8-bit RGBA work image sha256:0ee0b93ca3a8a832)	astcenc 5.7.0 avx2 (Apache-2.0); -cl <in> <out.astc> 6x6 -medium -silent -j 4 (level 0 only: a .astc file has no mip chain)	ASTC .astc file, block 6x6, 1024x1024, one image, no mips
27-game-assets/textures-astc/ph_wood_arm_1k/ph_wood_arm_1k.astc6x6.astcenc-thorough.astc	467872	9fe79040401992413f571e6aa61391569883cc7449e471c79030c3a67e53901a	27-game-assets_textures-astc.zip	CC0-1.0	none required (courtesy credit in README)	https://dl.polyhaven.org/file/ph-assets/Textures/png/1k/wood_planks_grey/wood_planks_grey_arm_1k.png	wood_planks_grey_arm_1k.png sha256:9b81e9a0b4f9db0a920c4c2ce8ff13e0411b3624d4de455acdabe41e3fafe20e (8-bit RGBA work image sha256:0ee0b93ca3a8a832)	astcenc 5.7.0 avx2 (Apache-2.0); -cl <in> <out.astc> 6x6 -thorough -silent -j 4 (level 0 only: a .astc file has no mip chain)	ASTC .astc file, block 6x6, 1024x1024, one image, no mips
27-game-assets/textures-astc/ph_wood_arm_1k/ph_wood_arm_1k.astc8x8.astcenc-medium.astc	262160	d3ccb9b38a8fd6008deaba84df88221c279ae81d3e10e434346374fe71d2b013	27-game-assets_textures-astc.zip	CC0-1.0	none required (courtesy credit in README)	https://dl.polyhaven.org/file/ph-assets/Textures/png/1k/wood_planks_grey/wood_planks_grey_arm_1k.png	wood_planks_grey_arm_1k.png sha256:9b81e9a0b4f9db0a920c4c2ce8ff13e0411b3624d4de455acdabe41e3fafe20e (8-bit RGBA work image sha256:0ee0b93ca3a8a832)	astcenc 5.7.0 avx2 (Apache-2.0); -cl <in> <out.astc> 8x8 -medium -silent -j 4 (level 0 only: a .astc file has no mip chain)	ASTC .astc file, block 8x8, 1024x1024, one image, no mips
27-game-assets/textures-astc/ph_wood_diffuse_1k/ph_wood_diffuse_1k.astc4x4.astcenc-medium.astc	1048592	6c8fee6295e692d32e1c59ae4b12afa9bb08912f39cd1a6d712da7b27def3fc2	27-game-assets_textures-astc.zip	CC0-1.0	none required (courtesy credit in README)	https://dl.polyhaven.org/file/ph-assets/Textures/png/1k/wood_planks_grey/wood_planks_grey_diff_1k.png	wood_planks_grey_Diffuse_1k.png sha256:3e6aeb842edd813759fdc96a6ffe6b695c888280f42501de589442311749ac5d (8-bit RGBA work image sha256:88a5abb01bac4bce)	astcenc 5.7.0 avx2 (Apache-2.0); -cs <in> <out.astc> 4x4 -medium -silent -j 4 (level 0 only: a .astc file has no mip chain)	ASTC .astc file, block 4x4, 1024x1024, one image, no mips
27-game-assets/textures-astc/ph_wood_diffuse_1k/ph_wood_diffuse_1k.astc4x4.astcenc-thorough.astc	1048592	574b7bfa0c8344b1c7c0b691a32033baa8958140cea3ce40b925e4da52a87db9	27-game-assets_textures-astc.zip	CC0-1.0	none required (courtesy credit in README)	https://dl.polyhaven.org/file/ph-assets/Textures/png/1k/wood_planks_grey/wood_planks_grey_diff_1k.png	wood_planks_grey_Diffuse_1k.png sha256:3e6aeb842edd813759fdc96a6ffe6b695c888280f42501de589442311749ac5d (8-bit RGBA work image sha256:88a5abb01bac4bce)	astcenc 5.7.0 avx2 (Apache-2.0); -cs <in> <out.astc> 4x4 -thorough -silent -j 4 (level 0 only: a .astc file has no mip chain)	ASTC .astc file, block 4x4, 1024x1024, one image, no mips
27-game-assets/textures-astc/ph_wood_diffuse_1k/ph_wood_diffuse_1k.astc6x6.astcenc-medium.astc	467872	d8575bc8a33adbec72141f85ba711137f453966e6a07267c0cc19ebb86a0c4a7	27-game-assets_textures-astc.zip	CC0-1.0	none required (courtesy credit in README)	https://dl.polyhaven.org/file/ph-assets/Textures/png/1k/wood_planks_grey/wood_planks_grey_diff_1k.png	wood_planks_grey_Diffuse_1k.png sha256:3e6aeb842edd813759fdc96a6ffe6b695c888280f42501de589442311749ac5d (8-bit RGBA work image sha256:88a5abb01bac4bce)	astcenc 5.7.0 avx2 (Apache-2.0); -cs <in> <out.astc> 6x6 -medium -silent -j 4 (level 0 only: a .astc file has no mip chain)	ASTC .astc file, block 6x6, 1024x1024, one image, no mips
27-game-assets/textures-astc/ph_wood_diffuse_1k/ph_wood_diffuse_1k.astc6x6.astcenc-thorough.astc	467872	298011da2b9adbd4b9b1befd0522af7ad6238cb2dbfdb749ce4152c84402f89c	27-game-assets_textures-astc.zip	CC0-1.0	none required (courtesy credit in README)	https://dl.polyhaven.org/file/ph-assets/Textures/png/1k/wood_planks_grey/wood_planks_grey_diff_1k.png	wood_planks_grey_Diffuse_1k.png sha256:3e6aeb842edd813759fdc96a6ffe6b695c888280f42501de589442311749ac5d (8-bit RGBA work image sha256:88a5abb01bac4bce)	astcenc 5.7.0 avx2 (Apache-2.0); -cs <in> <out.astc> 6x6 -thorough -silent -j 4 (level 0 only: a .astc file has no mip chain)	ASTC .astc file, block 6x6, 1024x1024, one image, no mips
27-game-assets/textures-astc/ph_wood_diffuse_1k/ph_wood_diffuse_1k.astc8x8.astcenc-medium.astc	262160	c8d635ba0d4f39efd4acd8787803952628d4522671da7a519e2162cec829711b	27-game-assets_textures-astc.zip	CC0-1.0	none required (courtesy credit in README)	https://dl.polyhaven.org/file/ph-assets/Textures/png/1k/wood_planks_grey/wood_planks_grey_diff_1k.png	wood_planks_grey_Diffuse_1k.png sha256:3e6aeb842edd813759fdc96a6ffe6b695c888280f42501de589442311749ac5d (8-bit RGBA work image sha256:88a5abb01bac4bce)	astcenc 5.7.0 avx2 (Apache-2.0); -cs <in> <out.astc> 8x8 -medium -silent -j 4 (level 0 only: a .astc file has no mip chain)	ASTC .astc file, block 8x8, 1024x1024, one image, no mips
27-game-assets/textures-astc/ph_wood_diffuse_1k/ph_wood_diffuse_1k.astc8x8.astcenc-thorough.astc	262160	be0e0b96b6ecc006f53d76c0c52a0be07b94696d2a24d4bb655ef975e5a93ec1	27-game-assets_textures-astc.zip	CC0-1.0	none required (courtesy credit in README)	https://dl.polyhaven.org/file/ph-assets/Textures/png/1k/wood_planks_grey/wood_planks_grey_diff_1k.png	wood_planks_grey_Diffuse_1k.png sha256:3e6aeb842edd813759fdc96a6ffe6b695c888280f42501de589442311749ac5d (8-bit RGBA work image sha256:88a5abb01bac4bce)	astcenc 5.7.0 avx2 (Apache-2.0); -cs <in> <out.astc> 8x8 -thorough -silent -j 4 (level 0 only: a .astc file has no mip chain)	ASTC .astc file, block 8x8, 1024x1024, one image, no mips
27-game-assets/textures-astc/ph_wood_diffuse_2k/ph_wood_diffuse_2k.astc6x6.astcenc-medium.astc	1871440	a867e198e0c496fbf39dd049cc7789df37bace910f66de8fbff5bf8cdad4148b	27-game-assets_textures-astc.zip	CC0-1.0	none required (courtesy credit in README)	https://dl.polyhaven.org/file/ph-assets/Textures/png/2k/wood_planks_grey/wood_planks_grey_diff_2k.png	wood_planks_grey_Diffuse_2k.png sha256:e0a6dfa443835f22a2e8a9475f25ca33e3e1ff8bde74b0b1e148050e7d7225a5 (8-bit RGBA work image sha256:d220ddb18008c9a1)	astcenc 5.7.0 avx2 (Apache-2.0); -cs <in> <out.astc> 6x6 -medium -silent -j 4 (level 0 only: a .astc file has no mip chain)	ASTC .astc file, block 6x6, 2048x2048, one image, no mips
27-game-assets/textures-astc/ph_wood_normal_1k/ph_wood_normal_1k.astc4x4.astcenc-medium.astc	1048592	b39e911edbdd78b7906e886ad669b5f22d9567da45ea5f24bd86f3ab23fe1017	27-game-assets_textures-astc.zip	CC0-1.0	none required (courtesy credit in README)	https://dl.polyhaven.org/file/ph-assets/Textures/png/1k/wood_planks_grey/wood_planks_grey_nor_gl_1k.png	wood_planks_grey_nor_gl_1k.png sha256:a9f2ad602eca2d59e84f203b1087e819e62ae517532bb25f7eb02a13c826e08b (8-bit RGBA work image sha256:bbf2d85fe2c26ca2)	astcenc 5.7.0 avx2 (Apache-2.0); -cl <in> <out.astc> 4x4 -medium -silent -j 4 (level 0 only: a .astc file has no mip chain)	ASTC .astc file, block 4x4, 1024x1024, one image, no mips
27-game-assets/textures-astc/ph_wood_normal_1k/ph_wood_normal_1k.astc4x4.astcenc-thorough.astc	1048592	bdd37a9e025f8a3863d5ccf8de3bcf443e7981e0507aa3c0e64bc24ca876b1e2	27-game-assets_textures-astc.zip	CC0-1.0	none required (courtesy credit in README)	https://dl.polyhaven.org/file/ph-assets/Textures/png/1k/wood_planks_grey/wood_planks_grey_nor_gl_1k.png	wood_planks_grey_nor_gl_1k.png sha256:a9f2ad602eca2d59e84f203b1087e819e62ae517532bb25f7eb02a13c826e08b (8-bit RGBA work image sha256:bbf2d85fe2c26ca2)	astcenc 5.7.0 avx2 (Apache-2.0); -cl <in> <out.astc> 4x4 -thorough -silent -j 4 (level 0 only: a .astc file has no mip chain)	ASTC .astc file, block 4x4, 1024x1024, one image, no mips
27-game-assets/textures-astc/ph_wood_normal_1k/ph_wood_normal_1k.astc6x6.astcenc-medium.astc	467872	b0734e3895e0d982c623c62c0681bcbbf6ca2b8056ee10eedb309e21c658175c	27-game-assets_textures-astc.zip	CC0-1.0	none required (courtesy credit in README)	https://dl.polyhaven.org/file/ph-assets/Textures/png/1k/wood_planks_grey/wood_planks_grey_nor_gl_1k.png	wood_planks_grey_nor_gl_1k.png sha256:a9f2ad602eca2d59e84f203b1087e819e62ae517532bb25f7eb02a13c826e08b (8-bit RGBA work image sha256:bbf2d85fe2c26ca2)	astcenc 5.7.0 avx2 (Apache-2.0); -cl <in> <out.astc> 6x6 -medium -silent -j 4 (level 0 only: a .astc file has no mip chain)	ASTC .astc file, block 6x6, 1024x1024, one image, no mips
27-game-assets/textures-astc/ph_wood_normal_1k/ph_wood_normal_1k.astc6x6.astcenc-thorough.astc	467872	c3aebf7acb410ef22ec259e26c5584dd0a119714fde0f019f6833fb0a2ce7bdc	27-game-assets_textures-astc.zip	CC0-1.0	none required (courtesy credit in README)	https://dl.polyhaven.org/file/ph-assets/Textures/png/1k/wood_planks_grey/wood_planks_grey_nor_gl_1k.png	wood_planks_grey_nor_gl_1k.png sha256:a9f2ad602eca2d59e84f203b1087e819e62ae517532bb25f7eb02a13c826e08b (8-bit RGBA work image sha256:bbf2d85fe2c26ca2)	astcenc 5.7.0 avx2 (Apache-2.0); -cl <in> <out.astc> 6x6 -thorough -silent -j 4 (level 0 only: a .astc file has no mip chain)	ASTC .astc file, block 6x6, 1024x1024, one image, no mips
27-game-assets/textures-astc/ph_wood_normal_1k/ph_wood_normal_1k.astc8x8.astcenc-medium.astc	262160	c5eec2b39799e18ba598f500962f6fd557e16def01b4f077189295bf05d58f47	27-game-assets_textures-astc.zip	CC0-1.0	none required (courtesy credit in README)	https://dl.polyhaven.org/file/ph-assets/Textures/png/1k/wood_planks_grey/wood_planks_grey_nor_gl_1k.png	wood_planks_grey_nor_gl_1k.png sha256:a9f2ad602eca2d59e84f203b1087e819e62ae517532bb25f7eb02a13c826e08b (8-bit RGBA work image sha256:bbf2d85fe2c26ca2)	astcenc 5.7.0 avx2 (Apache-2.0); -cl <in> <out.astc> 8x8 -medium -silent -j 4 (level 0 only: a .astc file has no mip chain)	ASTC .astc file, block 8x8, 1024x1024, one image, no mips
27-game-assets/textures-astc/ph_wood_normal_1k/ph_wood_normal_1k.astc8x8.astcenc-thorough.astc	262160	78841da7bb7c03b568ade777db56d0e6d907432f97925035e2e792758ff2bbc5	27-game-assets_textures-astc.zip	CC0-1.0	none required (courtesy credit in README)	https://dl.polyhaven.org/file/ph-assets/Textures/png/1k/wood_planks_grey/wood_planks_grey_nor_gl_1k.png	wood_planks_grey_nor_gl_1k.png sha256:a9f2ad602eca2d59e84f203b1087e819e62ae517532bb25f7eb02a13c826e08b (8-bit RGBA work image sha256:bbf2d85fe2c26ca2)	astcenc 5.7.0 avx2 (Apache-2.0); -cl <in> <out.astc> 8x8 -thorough -silent -j 4 (level 0 only: a .astc file has no mip chain)	ASTC .astc file, block 8x8, 1024x1024, one image, no mips
27-game-assets/textures-astc/ph_wood_normal_2k/ph_wood_normal_2k.astc6x6.astcenc-medium.astc	1871440	270ae71de6dfd7ebbd6bc3906b664a3b2c67aac53b53dc86e6cb8caf53dd0bd7	27-game-assets_textures-astc.zip	CC0-1.0	none required (courtesy credit in README)	https://dl.polyhaven.org/file/ph-assets/Textures/png/2k/wood_planks_grey/wood_planks_grey_nor_gl_2k.png	wood_planks_grey_nor_gl_2k.png sha256:c8cc509c74efa77bf9e2f09002b32dbf0cb12913494c664070d599a182fbcaf0 (8-bit RGBA work image sha256:91b1f6fc9bf06e7f)	astcenc 5.7.0 avx2 (Apache-2.0); -cl <in> <out.astc> 6x6 -medium -silent -j 4 (level 0 only: a .astc file has no mip chain)	ASTC .astc file, block 6x6, 2048x2048, one image, no mips
27-game-assets/textures-astc/ui_atlas/ui_atlas.astc6x6.astcenc-medium.astc	1871440	f9f913882533b3cc3e76d37ebf7f0270a77a41386b3a3bf2fc2fdbe5c425f892	27-game-assets_textures-astc.zip	CC0-1.0	none required (courtesy credit in README)	https://kenney.nl/assets/ui-pack	kenney_ui-pack.zip sha256:a8a14a234911eb648c062622915c93e79e94e97cb7f9f375a70f6617f1174318 (129 PNG sprites shelf-packed into one 2048x2048 RGBA sheet; work image sha256:cb313b64f1f8b814)	astcenc 5.7.0 avx2 (Apache-2.0); -cs <in> <out.astc> 6x6 -medium -silent -j 4 (level 0 only: a .astc file has no mip chain)	ASTC .astc file, block 6x6, 2048x2048, one image, no mips
27-game-assets/textures-dds/acg_ground112_ao/acg_ground112_ao.bc1.bc7enc.dds	699212	ff2c478a08084aa83f0e6c6765472466c7df705d331cb72224347503ccf377bc	27-game-assets_textures-dds.zip	CC0-1.0	none required (courtesy credit in README)	https://ambientcg.com/get?file=Ground112_1K-PNG.zip	Ground112_1K-PNG_AmbientOcclusion.png sha256:994cc14a378d6f4c22e694663769da8a22548c8e34439f18f4eadda41d682bb1 (8-bit RGBA work image sha256:e892fe420d06302f)	bc7enc_rdo b943862 (bc7enc v1.08, MIT / public domain; built with MSVC 2022 cl /O2 /openmp, 4-mode CLI, ispc not used); per level: -1  -g -q -f; own mip chain (Pillow BOX, normals renormalised, padded to 4x4 by edge replication), payloads concatenated into a DX10 DDS (linear format)	DDS (DX10 header), BC1_UNORM, 1024x1024, 11 mips, 2-D
27-game-assets/textures-dds/acg_ground112_ao/acg_ground112_ao.bc4.bc7enc-lowq.dds	699212	5261bdd034b35653b62dedd7dcc5d6ecd462a3f992d9b37f1dc5c3f991a92db4	27-game-assets_textures-dds.zip	CC0-1.0	none required (courtesy credit in README)	https://ambientcg.com/get?file=Ground112_1K-PNG.zip	Ground112_1K-PNG_AmbientOcclusion.png sha256:994cc14a378d6f4c22e694663769da8a22548c8e34439f18f4eadda41d682bb1 (8-bit RGBA work image sha256:e892fe420d06302f)	bc7enc_rdo b943862 (bc7enc v1.08, MIT / public domain; built with MSVC 2022 cl /O2 /openmp, 4-mode CLI, ispc not used); per level: -4 -hl -g -q -f; own mip chain (Pillow BOX, normals renormalised, padded to 4x4 by edge replication), payloads concatenated into a DX10 DDS (linear format)	DDS (DX10 header), BC4_UNORM, 1024x1024, 11 mips, 2-D
27-game-assets/textures-dds/acg_ground112_ao/acg_ground112_ao.bc4.bc7enc.dds	699212	7bea0d1e845573d682c27d1a1a96cd8ee2ce46518bc48a6c0a279e32fe3375a0	27-game-assets_textures-dds.zip	CC0-1.0	none required (courtesy credit in README)	https://ambientcg.com/get?file=Ground112_1K-PNG.zip	Ground112_1K-PNG_AmbientOcclusion.png sha256:994cc14a378d6f4c22e694663769da8a22548c8e34439f18f4eadda41d682bb1 (8-bit RGBA work image sha256:e892fe420d06302f)	bc7enc_rdo b943862 (bc7enc v1.08, MIT / public domain; built with MSVC 2022 cl /O2 /openmp, 4-mode CLI, ispc not used); per level: -4  -g -q -f; own mip chain (Pillow BOX, normals renormalised, padded to 4x4 by edge replication), payloads concatenated into a DX10 DDS (linear format)	DDS (DX10 header), BC4_UNORM, 1024x1024, 11 mips, 2-D
27-game-assets/textures-dds/acg_ground112_ao/acg_ground112_ao.bc4.etcpak.dds	699212	620ecc0da79865cda2815c53d3fbc59fb6eb109cbd093f8c21e68a07363d11d4	27-game-assets_textures-dds.zip	CC0-1.0	none required (courtesy credit in README)	https://ambientcg.com/get?file=Ground112_1K-PNG.zip	Ground112_1K-PNG_AmbientOcclusion.png sha256:994cc14a378d6f4c22e694663769da8a22548c8e34439f18f4eadda41d682bb1 (8-bit RGBA work image sha256:e892fe420d06302f)	etcpak 0.9.15 (pip wheel: MIT wrapper over etcpak BSD-3-Clause); etcpak.compress_bc4(RGBA8, w, h) per level; own mip chain (Pillow BOX, padded to 4x4)	DDS (DX10 header), BC4_UNORM, 1024x1024, 11 mips, 2-D
27-game-assets/textures-dds/acg_ground112_ao/acg_ground112_ao.bc4.texconv.dds	699212	dcf2c923928a798191ded2abfc8d5e447db0f06f906cac3887d5be3a1cb2275c	27-game-assets_textures-dds.zip	CC0-1.0	none required (courtesy credit in README)	https://ambientcg.com/get?file=Ground112_1K-PNG.zip	Ground112_1K-PNG_AmbientOcclusion.png sha256:994cc14a378d6f4c22e694663769da8a22548c8e34439f18f4eadda41d682bb1 (8-bit RGBA work image sha256:e892fe420d06302f)	DirectXTex texconv 2026.5.8.1 (tag may2026, MIT); -nogpu -m 0 -f BC4_UNORM -dx10 -ft dds (texconv's own mip chain and default CPU BC4 codec)	DDS (DX10 header), BC4_UNORM, 1024x1024, 11 mips, 2-D
27-game-assets/textures-dds/acg_ground112_ao/acg_ground112_ao.bc7.bc7enc-u4-e.dds	1398276	fc4ebc10742bd6cb804e3fe62da5a5a1188c7911438de40eb33433775801385c	27-game-assets_textures-dds.zip	CC0-1.0	none required (courtesy credit in README)	https://ambientcg.com/get?file=Ground112_1K-PNG.zip	Ground112_1K-PNG_AmbientOcclusion.png sha256:994cc14a378d6f4c22e694663769da8a22548c8e34439f18f4eadda41d682bb1 (8-bit RGBA work image sha256:e892fe420d06302f)	bc7enc_rdo b943862 (bc7enc v1.08, MIT / public domain; built with MSVC 2022 cl /O2 /openmp, 4-mode CLI, ispc not used); per level: -C -u4 -e -g -q -f; own mip chain (Pillow BOX, normals renormalised, padded to 4x4 by edge replication), payloads concatenated into a DX10 DDS (linear format)	DDS (DX10 header), BC7_UNORM, 1024x1024, 11 mips, 2-D
27-game-assets/textures-dds/acg_ground112_ao/acg_ground112_ao.bc7.bc7enc-u4-z1.dds	1398276	fbf4c7ea8e9be4cc595eef4c66f70bb98b2bb4d2a446b92d5cfbc7b3991e0d14	27-game-assets_textures-dds.zip	CC0-1.0	none required (courtesy credit in README)	https://ambientcg.com/get?file=Ground112_1K-PNG.zip	Ground112_1K-PNG_AmbientOcclusion.png sha256:994cc14a378d6f4c22e694663769da8a22548c8e34439f18f4eadda41d682bb1 (8-bit RGBA work image sha256:e892fe420d06302f)	bc7enc_rdo b943862 (bc7enc v1.08, MIT / public domain; built with MSVC 2022 cl /O2 /openmp, 4-mode CLI, ispc not used); per level: -C -u4 -z1 -g -q -f; own mip chain (Pillow BOX, normals renormalised, padded to 4x4 by edge replication), payloads concatenated into a DX10 DDS (linear format)	DDS (DX10 header), BC7_UNORM, 1024x1024, 11 mips, 2-D
27-game-assets/textures-dds/acg_ground112_ao/acg_ground112_ao.bc7.bc7enc-u4.dds	1398276	309512b97cf351dceecdd39aa41580923907e081e39bce1ac9cfe4c75e831be6	27-game-assets_textures-dds.zip	CC0-1.0	none required (courtesy credit in README)	https://ambientcg.com/get?file=Ground112_1K-PNG.zip	Ground112_1K-PNG_AmbientOcclusion.png sha256:994cc14a378d6f4c22e694663769da8a22548c8e34439f18f4eadda41d682bb1 (8-bit RGBA work image sha256:e892fe420d06302f)	bc7enc_rdo b943862 (bc7enc v1.08, MIT / public domain; built with MSVC 2022 cl /O2 /openmp, 4-mode CLI, ispc not used); per level: -C -u4  -g -q -f; own mip chain (Pillow BOX, normals renormalised, padded to 4x4 by edge replication), payloads concatenated into a DX10 DDS (linear format)	DDS (DX10 header), BC7_UNORM, 1024x1024, 11 mips, 2-D
27-game-assets/textures-dds/acg_ground112_ao/acg_ground112_ao.bc7.texconv.dds	1398276	ec4accd3dfef82806aa53e7431600e3182fa8538df630c55c34510ff56f4e018	27-game-assets_textures-dds.zip	CC0-1.0	none required (courtesy credit in README)	https://ambientcg.com/get?file=Ground112_1K-PNG.zip	Ground112_1K-PNG_AmbientOcclusion.png sha256:994cc14a378d6f4c22e694663769da8a22548c8e34439f18f4eadda41d682bb1 (8-bit RGBA work image sha256:e892fe420d06302f)	DirectXTex texconv 2026.5.8.1 (tag may2026, MIT); -nogpu -m 0 -f BC7_UNORM -dx10 -ft dds (texconv's own mip chain and default CPU BC7 codec)	DDS (DX10 header), BC7_UNORM, 1024x1024, 11 mips, 2-D
27-game-assets/textures-dds/acg_ground112_color/acg_ground112_color.bc1.bc7enc.dds	699212	b1f7e55c6e0a56b8206900bcfb02c623fc8df94d0bf7fe318aaac9f4cd0b2a34	27-game-assets_textures-dds.zip	CC0-1.0	none required (courtesy credit in README)	https://ambientcg.com/get?file=Ground112_1K-PNG.zip	Ground112_1K-PNG_Color.png sha256:9b2ac7ff6b6d0298342d8ca52bb51a7c5d5faa7d7d483fccbe7225772e9b3937 (8-bit RGBA work image sha256:94189c76ba004586)	bc7enc_rdo b943862 (bc7enc v1.08, MIT / public domain; built with MSVC 2022 cl /O2 /openmp, 4-mode CLI, ispc not used); per level: -1  -g -q -f; own mip chain (Pillow BOX, normals renormalised, padded to 4x4 by edge replication), payloads concatenated into a DX10 DDS (sRGB format)	DDS (DX10 header), BC1_UNORM_SRGB, 1024x1024, 11 mips, 2-D
27-game-assets/textures-dds/acg_ground112_color/acg_ground112_color.bc1.etcpak.dds	699212	4c6f5b6a16d2f0cf3d254a495391b927441a3b8a707f16374233bd8185d86f7a	27-game-assets_textures-dds.zip	CC0-1.0	none required (courtesy credit in README)	https://ambientcg.com/get?file=Ground112_1K-PNG.zip	Ground112_1K-PNG_Color.png sha256:9b2ac7ff6b6d0298342d8ca52bb51a7c5d5faa7d7d483fccbe7225772e9b3937 (8-bit RGBA work image sha256:94189c76ba004586)	etcpak 0.9.15 (pip wheel: MIT wrapper over etcpak BSD-3-Clause); etcpak.compress_bc1(RGBA8, w, h) per level; own mip chain (Pillow BOX, padded to 4x4)	DDS (DX10 header), BC1_UNORM_SRGB, 1024x1024, 11 mips, 2-D
27-game-assets/textures-dds/acg_ground112_color/acg_ground112_color.bc1.texconv.dds	699212	94ea3294068bbca04a5d7b2084cd278e895c64592305382f9e2fd3fe84bc2498	27-game-assets_textures-dds.zip	CC0-1.0	none required (courtesy credit in README)	https://ambientcg.com/get?file=Ground112_1K-PNG.zip	Ground112_1K-PNG_Color.png sha256:9b2ac7ff6b6d0298342d8ca52bb51a7c5d5faa7d7d483fccbe7225772e9b3937 (8-bit RGBA work image sha256:94189c76ba004586)	DirectXTex texconv 2026.5.8.1 (tag may2026, MIT); -nogpu -m 0 -f BC1_UNORM_SRGB -dx10 -ft dds -srgb (texconv's own mip chain and default CPU BC1 codec)	DDS (DX10 header), BC1_UNORM_SRGB, 1024x1024, 11 mips, 2-D
27-game-assets/textures-dds/acg_ground112_color/acg_ground112_color.bc3.bc7enc.dds	1398276	a82500adb94b04ad8fc1018f2e0d9dd623a399ca04da295143cb62300113da56	27-game-assets_textures-dds.zip	CC0-1.0	none required (courtesy credit in README)	https://ambientcg.com/get?file=Ground112_1K-PNG.zip	Ground112_1K-PNG_Color.png sha256:9b2ac7ff6b6d0298342d8ca52bb51a7c5d5faa7d7d483fccbe7225772e9b3937 (8-bit RGBA work image sha256:94189c76ba004586)	bc7enc_rdo b943862 (bc7enc v1.08, MIT / public domain; built with MSVC 2022 cl /O2 /openmp, 4-mode CLI, ispc not used); per level: -3  -g -q -f; own mip chain (Pillow BOX, normals renormalised, padded to 4x4 by edge replication), payloads concatenated into a DX10 DDS (sRGB format)	DDS (DX10 header), BC3_UNORM_SRGB, 1024x1024, 11 mips, 2-D
27-game-assets/textures-dds/acg_ground112_color/acg_ground112_color.bc3.etcpak.dds	1398276	52910367aef221f852db2e2b85869979c9a2e35ff8953e863eabea824572cf81	27-game-assets_textures-dds.zip	CC0-1.0	none required (courtesy credit in README)	https://ambientcg.com/get?file=Ground112_1K-PNG.zip	Ground112_1K-PNG_Color.png sha256:9b2ac7ff6b6d0298342d8ca52bb51a7c5d5faa7d7d483fccbe7225772e9b3937 (8-bit RGBA work image sha256:94189c76ba004586)	etcpak 0.9.15 (pip wheel: MIT wrapper over etcpak BSD-3-Clause); etcpak.compress_bc3(RGBA8, w, h) per level; own mip chain (Pillow BOX, padded to 4x4)	DDS (DX10 header), BC3_UNORM_SRGB, 1024x1024, 11 mips, 2-D
27-game-assets/textures-dds/acg_ground112_color/acg_ground112_color.bc3.texconv.dds	1398276	a0246cda333956824b787ba80182aab2b91e8a1e3d578a189f365fcca208a88b	27-game-assets_textures-dds.zip	CC0-1.0	none required (courtesy credit in README)	https://ambientcg.com/get?file=Ground112_1K-PNG.zip	Ground112_1K-PNG_Color.png sha256:9b2ac7ff6b6d0298342d8ca52bb51a7c5d5faa7d7d483fccbe7225772e9b3937 (8-bit RGBA work image sha256:94189c76ba004586)	DirectXTex texconv 2026.5.8.1 (tag may2026, MIT); -nogpu -m 0 -f BC3_UNORM_SRGB -dx10 -ft dds -srgb (texconv's own mip chain and default CPU BC3 codec)	DDS (DX10 header), BC3_UNORM_SRGB, 1024x1024, 11 mips, 2-D
27-game-assets/textures-dds/acg_ground112_color/acg_ground112_color.bc7.bc7enc-u4-e.dds	1398276	7a5a64c68fd770ee30fbf81ed26dece5b8e64325c90494e256cb6d234ca400f4	27-game-assets_textures-dds.zip	CC0-1.0	none required (courtesy credit in README)	https://ambientcg.com/get?file=Ground112_1K-PNG.zip	Ground112_1K-PNG_Color.png sha256:9b2ac7ff6b6d0298342d8ca52bb51a7c5d5faa7d7d483fccbe7225772e9b3937 (8-bit RGBA work image sha256:94189c76ba004586)	bc7enc_rdo b943862 (bc7enc v1.08, MIT / public domain; built with MSVC 2022 cl /O2 /openmp, 4-mode CLI, ispc not used); per level: -C -u4 -e -g -q -f; own mip chain (Pillow BOX, normals renormalised, padded to 4x4 by edge replication), payloads concatenated into a DX10 DDS (sRGB format)	DDS (DX10 header), BC7_UNORM_SRGB, 1024x1024, 11 mips, 2-D
27-game-assets/textures-dds/acg_ground112_color/acg_ground112_color.bc7.bc7enc-u4-z0.5.dds	1398276	3ab89a293395f8410c753b2b4526ef320baad7cdb931243b5a5262aa3188eae7	27-game-assets_textures-dds.zip	CC0-1.0	none required (courtesy credit in README)	https://ambientcg.com/get?file=Ground112_1K-PNG.zip	Ground112_1K-PNG_Color.png sha256:9b2ac7ff6b6d0298342d8ca52bb51a7c5d5faa7d7d483fccbe7225772e9b3937 (8-bit RGBA work image sha256:94189c76ba004586)	bc7enc_rdo b943862 (bc7enc v1.08, MIT / public domain; built with MSVC 2022 cl /O2 /openmp, 4-mode CLI, ispc not used); per level: -C -u4 -z0.5 -g -q -f; own mip chain (Pillow BOX, normals renormalised, padded to 4x4 by edge replication), payloads concatenated into a DX10 DDS (sRGB format)	DDS (DX10 header), BC7_UNORM_SRGB, 1024x1024, 11 mips, 2-D
27-game-assets/textures-dds/acg_ground112_color/acg_ground112_color.bc7.bc7enc-u4-z1.dds	1398276	f6bc106b2d3b4b0bbd66cf284cf0f0263161176860a1ea6fdfd3bd334d03c94b	27-game-assets_textures-dds.zip	CC0-1.0	none required (courtesy credit in README)	https://ambientcg.com/get?file=Ground112_1K-PNG.zip	Ground112_1K-PNG_Color.png sha256:9b2ac7ff6b6d0298342d8ca52bb51a7c5d5faa7d7d483fccbe7225772e9b3937 (8-bit RGBA work image sha256:94189c76ba004586)	bc7enc_rdo b943862 (bc7enc v1.08, MIT / public domain; built with MSVC 2022 cl /O2 /openmp, 4-mode CLI, ispc not used); per level: -C -u4 -z1 -g -q -f; own mip chain (Pillow BOX, normals renormalised, padded to 4x4 by edge replication), payloads concatenated into a DX10 DDS (sRGB format)	DDS (DX10 header), BC7_UNORM_SRGB, 1024x1024, 11 mips, 2-D
27-game-assets/textures-dds/acg_ground112_color/acg_ground112_color.bc7.bc7enc-u4-z2.dds	1398276	f20d08cb5830e31362fd3e097dfc965692d8f3e207ab85532e7c12195569baf3	27-game-assets_textures-dds.zip	CC0-1.0	none required (courtesy credit in README)	https://ambientcg.com/get?file=Ground112_1K-PNG.zip	Ground112_1K-PNG_Color.png sha256:9b2ac7ff6b6d0298342d8ca52bb51a7c5d5faa7d7d483fccbe7225772e9b3937 (8-bit RGBA work image sha256:94189c76ba004586)	bc7enc_rdo b943862 (bc7enc v1.08, MIT / public domain; built with MSVC 2022 cl /O2 /openmp, 4-mode CLI, ispc not used); per level: -C -u4 -z2 -g -q -f; own mip chain (Pillow BOX, normals renormalised, padded to 4x4 by edge replication), payloads concatenated into a DX10 DDS (sRGB format)	DDS (DX10 header), BC7_UNORM_SRGB, 1024x1024, 11 mips, 2-D
27-game-assets/textures-dds/acg_ground112_color/acg_ground112_color.bc7.bc7enc-u4.dds	1398276	b3cedc06a336961dec03d9a1bb401b9975d62d8f5f97188d9f0420a7f641857a	27-game-assets_textures-dds.zip	CC0-1.0	none required (courtesy credit in README)	https://ambientcg.com/get?file=Ground112_1K-PNG.zip	Ground112_1K-PNG_Color.png sha256:9b2ac7ff6b6d0298342d8ca52bb51a7c5d5faa7d7d483fccbe7225772e9b3937 (8-bit RGBA work image sha256:94189c76ba004586)	bc7enc_rdo b943862 (bc7enc v1.08, MIT / public domain; built with MSVC 2022 cl /O2 /openmp, 4-mode CLI, ispc not used); per level: -C -u4  -g -q -f; own mip chain (Pillow BOX, normals renormalised, padded to 4x4 by edge replication), payloads concatenated into a DX10 DDS (sRGB format)	DDS (DX10 header), BC7_UNORM_SRGB, 1024x1024, 11 mips, 2-D
27-game-assets/textures-dds/acg_ground112_color/acg_ground112_color.bc7.texconv.dds	1398276	f0307cfbb28bb9b71410d7a210ea3001a6a1a5e72331d6befba968a23777ed15	27-game-assets_textures-dds.zip	CC0-1.0	none required (courtesy credit in README)	https://ambientcg.com/get?file=Ground112_1K-PNG.zip	Ground112_1K-PNG_Color.png sha256:9b2ac7ff6b6d0298342d8ca52bb51a7c5d5faa7d7d483fccbe7225772e9b3937 (8-bit RGBA work image sha256:94189c76ba004586)	DirectXTex texconv 2026.5.8.1 (tag may2026, MIT); -nogpu -m 0 -f BC7_UNORM_SRGB -dx10 -ft dds -srgb (texconv's own mip chain and default CPU BC7 codec)	DDS (DX10 header), BC7_UNORM_SRGB, 1024x1024, 11 mips, 2-D
27-game-assets/textures-dds/acg_ground112_disp/acg_ground112_disp.bc1.bc7enc.dds	699212	2d5819807e2f34192d9100cfa327cd5b472e29895324f380f89e3f593a79b481	27-game-assets_textures-dds.zip	CC0-1.0	none required (courtesy credit in README)	https://ambientcg.com/get?file=Ground112_1K-PNG.zip	Ground112_1K-PNG_Displacement.png sha256:104f45eb18f18801f9f48b28b635e7eeece8ca43f3c2a11b3e6e09135443a150 (8-bit RGBA work image sha256:67fa9599388833ba)	bc7enc_rdo b943862 (bc7enc v1.08, MIT / public domain; built with MSVC 2022 cl /O2 /openmp, 4-mode CLI, ispc not used); per level: -1  -g -q -f; own mip chain (Pillow BOX, normals renormalised, padded to 4x4 by edge replication), payloads concatenated into a DX10 DDS (linear format)	DDS (DX10 header), BC1_UNORM, 1024x1024, 11 mips, 2-D
27-game-assets/textures-dds/acg_ground112_disp/acg_ground112_disp.bc4.bc7enc-lowq.dds	699212	745e234243fea059831bff8d6336385402b0c67e6f905e1afdad3610aa4f1d94	27-game-assets_textures-dds.zip	CC0-1.0	none required (courtesy credit in README)	https://ambientcg.com/get?file=Ground112_1K-PNG.zip	Ground112_1K-PNG_Displacement.png sha256:104f45eb18f18801f9f48b28b635e7eeece8ca43f3c2a11b3e6e09135443a150 (8-bit RGBA work image sha256:67fa9599388833ba)	bc7enc_rdo b943862 (bc7enc v1.08, MIT / public domain; built with MSVC 2022 cl /O2 /openmp, 4-mode CLI, ispc not used); per level: -4 -hl -g -q -f; own mip chain (Pillow BOX, normals renormalised, padded to 4x4 by edge replication), payloads concatenated into a DX10 DDS (linear format)	DDS (DX10 header), BC4_UNORM, 1024x1024, 11 mips, 2-D
27-game-assets/textures-dds/acg_ground112_disp/acg_ground112_disp.bc4.bc7enc.dds	699212	bb94d3fb7101188814d9c6f733a74b75b9623bb8b002edcd394af9a9de68f91d	27-game-assets_textures-dds.zip	CC0-1.0	none required (courtesy credit in README)	https://ambientcg.com/get?file=Ground112_1K-PNG.zip	Ground112_1K-PNG_Displacement.png sha256:104f45eb18f18801f9f48b28b635e7eeece8ca43f3c2a11b3e6e09135443a150 (8-bit RGBA work image sha256:67fa9599388833ba)	bc7enc_rdo b943862 (bc7enc v1.08, MIT / public domain; built with MSVC 2022 cl /O2 /openmp, 4-mode CLI, ispc not used); per level: -4  -g -q -f; own mip chain (Pillow BOX, normals renormalised, padded to 4x4 by edge replication), payloads concatenated into a DX10 DDS (linear format)	DDS (DX10 header), BC4_UNORM, 1024x1024, 11 mips, 2-D
27-game-assets/textures-dds/acg_ground112_disp/acg_ground112_disp.bc4.etcpak.dds	699212	783debdb81d289e18b79c67fd8e1697ff638926b610d06b9a64e5608822620c9	27-game-assets_textures-dds.zip	CC0-1.0	none required (courtesy credit in README)	https://ambientcg.com/get?file=Ground112_1K-PNG.zip	Ground112_1K-PNG_Displacement.png sha256:104f45eb18f18801f9f48b28b635e7eeece8ca43f3c2a11b3e6e09135443a150 (8-bit RGBA work image sha256:67fa9599388833ba)	etcpak 0.9.15 (pip wheel: MIT wrapper over etcpak BSD-3-Clause); etcpak.compress_bc4(RGBA8, w, h) per level; own mip chain (Pillow BOX, padded to 4x4)	DDS (DX10 header), BC4_UNORM, 1024x1024, 11 mips, 2-D
27-game-assets/textures-dds/acg_ground112_disp/acg_ground112_disp.bc4.texconv.dds	699212	b3de3d6fba99501beda457b07e2c07863a20e0093bd8a5ad2d1598360783399b	27-game-assets_textures-dds.zip	CC0-1.0	none required (courtesy credit in README)	https://ambientcg.com/get?file=Ground112_1K-PNG.zip	Ground112_1K-PNG_Displacement.png sha256:104f45eb18f18801f9f48b28b635e7eeece8ca43f3c2a11b3e6e09135443a150 (8-bit RGBA work image sha256:67fa9599388833ba)	DirectXTex texconv 2026.5.8.1 (tag may2026, MIT); -nogpu -m 0 -f BC4_UNORM -dx10 -ft dds (texconv's own mip chain and default CPU BC4 codec)	DDS (DX10 header), BC4_UNORM, 1024x1024, 11 mips, 2-D
27-game-assets/textures-dds/acg_ground112_disp/acg_ground112_disp.bc7.bc7enc-u4-e.dds	1398276	4a9aafa1d0de5d7c93ebf2ffdd7ddcba26418b7c6d83c3c397291539b87c9618	27-game-assets_textures-dds.zip	CC0-1.0	none required (courtesy credit in README)	https://ambientcg.com/get?file=Ground112_1K-PNG.zip	Ground112_1K-PNG_Displacement.png sha256:104f45eb18f18801f9f48b28b635e7eeece8ca43f3c2a11b3e6e09135443a150 (8-bit RGBA work image sha256:67fa9599388833ba)	bc7enc_rdo b943862 (bc7enc v1.08, MIT / public domain; built with MSVC 2022 cl /O2 /openmp, 4-mode CLI, ispc not used); per level: -C -u4 -e -g -q -f; own mip chain (Pillow BOX, normals renormalised, padded to 4x4 by edge replication), payloads concatenated into a DX10 DDS (linear format)	DDS (DX10 header), BC7_UNORM, 1024x1024, 11 mips, 2-D
27-game-assets/textures-dds/acg_ground112_disp/acg_ground112_disp.bc7.bc7enc-u4-z1.dds	1398276	37d5c623c01a261804dc60dc7cce65a6ed9cc47e549d8f116c8932ce125d09a6	27-game-assets_textures-dds.zip	CC0-1.0	none required (courtesy credit in README)	https://ambientcg.com/get?file=Ground112_1K-PNG.zip	Ground112_1K-PNG_Displacement.png sha256:104f45eb18f18801f9f48b28b635e7eeece8ca43f3c2a11b3e6e09135443a150 (8-bit RGBA work image sha256:67fa9599388833ba)	bc7enc_rdo b943862 (bc7enc v1.08, MIT / public domain; built with MSVC 2022 cl /O2 /openmp, 4-mode CLI, ispc not used); per level: -C -u4 -z1 -g -q -f; own mip chain (Pillow BOX, normals renormalised, padded to 4x4 by edge replication), payloads concatenated into a DX10 DDS (linear format)	DDS (DX10 header), BC7_UNORM, 1024x1024, 11 mips, 2-D
27-game-assets/textures-dds/acg_ground112_disp/acg_ground112_disp.bc7.bc7enc-u4.dds	1398276	2c414d4d306c783549922be4c143baf4a57752ca2d4c22307b801ae5a2693924	27-game-assets_textures-dds.zip	CC0-1.0	none required (courtesy credit in README)	https://ambientcg.com/get?file=Ground112_1K-PNG.zip	Ground112_1K-PNG_Displacement.png sha256:104f45eb18f18801f9f48b28b635e7eeece8ca43f3c2a11b3e6e09135443a150 (8-bit RGBA work image sha256:67fa9599388833ba)	bc7enc_rdo b943862 (bc7enc v1.08, MIT / public domain; built with MSVC 2022 cl /O2 /openmp, 4-mode CLI, ispc not used); per level: -C -u4  -g -q -f; own mip chain (Pillow BOX, normals renormalised, padded to 4x4 by edge replication), payloads concatenated into a DX10 DDS (linear format)	DDS (DX10 header), BC7_UNORM, 1024x1024, 11 mips, 2-D
27-game-assets/textures-dds/acg_ground112_disp/acg_ground112_disp.bc7.texconv.dds	1398276	fca1347ee1b96a29640978d07edf39cfcc9d8d121dba0c4bb12a5fcf4997e23d	27-game-assets_textures-dds.zip	CC0-1.0	none required (courtesy credit in README)	https://ambientcg.com/get?file=Ground112_1K-PNG.zip	Ground112_1K-PNG_Displacement.png sha256:104f45eb18f18801f9f48b28b635e7eeece8ca43f3c2a11b3e6e09135443a150 (8-bit RGBA work image sha256:67fa9599388833ba)	DirectXTex texconv 2026.5.8.1 (tag may2026, MIT); -nogpu -m 0 -f BC7_UNORM -dx10 -ft dds (texconv's own mip chain and default CPU BC7 codec)	DDS (DX10 header), BC7_UNORM, 1024x1024, 11 mips, 2-D
27-game-assets/textures-dds/acg_ground112_normal/acg_ground112_normal.bc1.bc7enc.dds	699212	4ac51981b0ed914c4d66d33a3ca284f6b84096fa9ebf2a0c36b302e64a416e93	27-game-assets_textures-dds.zip	CC0-1.0	none required (courtesy credit in README)	https://ambientcg.com/get?file=Ground112_1K-PNG.zip	Ground112_1K-PNG_NormalGL.png sha256:7d898750ef8806cca1d57a6597f3a95c63d1ad6ed9748a1424f483ce941f4ce1 (8-bit RGBA work image sha256:97c7747519216633)	bc7enc_rdo b943862 (bc7enc v1.08, MIT / public domain; built with MSVC 2022 cl /O2 /openmp, 4-mode CLI, ispc not used); per level: -1  -g -q -f; own mip chain (Pillow BOX, normals renormalised, padded to 4x4 by edge replication), payloads concatenated into a DX10 DDS (linear format)	DDS (DX10 header), BC1_UNORM, 1024x1024, 11 mips, 2-D
27-game-assets/textures-dds/acg_ground112_normal/acg_ground112_normal.bc1.texconv.dds	699212	7ece5760afb53596fd78537cc40b09edf20a19ec61f4ac6140b06ff3b98f6082	27-game-assets_textures-dds.zip	CC0-1.0	none required (courtesy credit in README)	https://ambientcg.com/get?file=Ground112_1K-PNG.zip	Ground112_1K-PNG_NormalGL.png sha256:7d898750ef8806cca1d57a6597f3a95c63d1ad6ed9748a1424f483ce941f4ce1 (8-bit RGBA work image sha256:97c7747519216633)	DirectXTex texconv 2026.5.8.1 (tag may2026, MIT); -nogpu -m 0 -f BC1_UNORM -dx10 -ft dds (texconv's own mip chain and default CPU BC1 codec)	DDS (DX10 header), BC1_UNORM, 1024x1024, 11 mips, 2-D
27-game-assets/textures-dds/acg_ground112_normal/acg_ground112_normal.bc5.bc7enc.dds	1398276	74d48e87fa494eec50357a64243b631c97db30a4234c94856fe792d2af3395bd	27-game-assets_textures-dds.zip	CC0-1.0	none required (courtesy credit in README)	https://ambientcg.com/get?file=Ground112_1K-PNG.zip	Ground112_1K-PNG_NormalGL.png sha256:7d898750ef8806cca1d57a6597f3a95c63d1ad6ed9748a1424f483ce941f4ce1 (8-bit RGBA work image sha256:97c7747519216633)	bc7enc_rdo b943862 (bc7enc v1.08, MIT / public domain; built with MSVC 2022 cl /O2 /openmp, 4-mode CLI, ispc not used); per level: -5  -g -q -f; own mip chain (Pillow BOX, normals renormalised, padded to 4x4 by edge replication), payloads concatenated into a DX10 DDS (linear format)	DDS (DX10 header), BC5_UNORM, 1024x1024, 11 mips, 2-D
27-game-assets/textures-dds/acg_ground112_normal/acg_ground112_normal.bc5.etcpak.dds	1398276	5c312b5b2042baa211d5be9fa5177a2ea2c2797770e695532bbea718e90baa23	27-game-assets_textures-dds.zip	CC0-1.0	none required (courtesy credit in README)	https://ambientcg.com/get?file=Ground112_1K-PNG.zip	Ground112_1K-PNG_NormalGL.png sha256:7d898750ef8806cca1d57a6597f3a95c63d1ad6ed9748a1424f483ce941f4ce1 (8-bit RGBA work image sha256:97c7747519216633)	etcpak 0.9.15 (pip wheel: MIT wrapper over etcpak BSD-3-Clause); etcpak.compress_bc5(RGBA8, w, h) per level; own mip chain (Pillow BOX, padded to 4x4)	DDS (DX10 header), BC5_UNORM, 1024x1024, 11 mips, 2-D
27-game-assets/textures-dds/acg_ground112_normal/acg_ground112_normal.bc5.texconv.dds	1398276	6d472883790d34ad477b7a8357fcf01748de59c31d02ae3df2bfe974b49b1068	27-game-assets_textures-dds.zip	CC0-1.0	none required (courtesy credit in README)	https://ambientcg.com/get?file=Ground112_1K-PNG.zip	Ground112_1K-PNG_NormalGL.png sha256:7d898750ef8806cca1d57a6597f3a95c63d1ad6ed9748a1424f483ce941f4ce1 (8-bit RGBA work image sha256:97c7747519216633)	DirectXTex texconv 2026.5.8.1 (tag may2026, MIT); -nogpu -m 0 -f BC5_UNORM -dx10 -ft dds (texconv's own mip chain and default CPU BC5 codec)	DDS (DX10 header), BC5_UNORM, 1024x1024, 11 mips, 2-D
27-game-assets/textures-dds/acg_ground112_normal/acg_ground112_normal.bc7.bc7enc-u4-e.dds	1398276	7bdf376ccd0ba741dcd9961a1666291e022c51cd10942c37c93025fb22758ff9	27-game-assets_textures-dds.zip	CC0-1.0	none required (courtesy credit in README)	https://ambientcg.com/get?file=Ground112_1K-PNG.zip	Ground112_1K-PNG_NormalGL.png sha256:7d898750ef8806cca1d57a6597f3a95c63d1ad6ed9748a1424f483ce941f4ce1 (8-bit RGBA work image sha256:97c7747519216633)	bc7enc_rdo b943862 (bc7enc v1.08, MIT / public domain; built with MSVC 2022 cl /O2 /openmp, 4-mode CLI, ispc not used); per level: -C -u4 -e -g -q -f; own mip chain (Pillow BOX, normals renormalised, padded to 4x4 by edge replication), payloads concatenated into a DX10 DDS (linear format)	DDS (DX10 header), BC7_UNORM, 1024x1024, 11 mips, 2-D
27-game-assets/textures-dds/acg_ground112_normal/acg_ground112_normal.bc7.bc7enc-u4-z1.dds	1398276	ac9faf20000c1b594a76ec37b4c569009ae13fe33c9b75b1961ceedb6c0f4d07	27-game-assets_textures-dds.zip	CC0-1.0	none required (courtesy credit in README)	https://ambientcg.com/get?file=Ground112_1K-PNG.zip	Ground112_1K-PNG_NormalGL.png sha256:7d898750ef8806cca1d57a6597f3a95c63d1ad6ed9748a1424f483ce941f4ce1 (8-bit RGBA work image sha256:97c7747519216633)	bc7enc_rdo b943862 (bc7enc v1.08, MIT / public domain; built with MSVC 2022 cl /O2 /openmp, 4-mode CLI, ispc not used); per level: -C -u4 -z1 -g -q -f; own mip chain (Pillow BOX, normals renormalised, padded to 4x4 by edge replication), payloads concatenated into a DX10 DDS (linear format)	DDS (DX10 header), BC7_UNORM, 1024x1024, 11 mips, 2-D
27-game-assets/textures-dds/acg_ground112_normal/acg_ground112_normal.bc7.bc7enc-u4-z2.dds	1398276	32f198901af7638799dfaf128dbc5764d4a860d6f72937ca29310321619440a9	27-game-assets_textures-dds.zip	CC0-1.0	none required (courtesy credit in README)	https://ambientcg.com/get?file=Ground112_1K-PNG.zip	Ground112_1K-PNG_NormalGL.png sha256:7d898750ef8806cca1d57a6597f3a95c63d1ad6ed9748a1424f483ce941f4ce1 (8-bit RGBA work image sha256:97c7747519216633)	bc7enc_rdo b943862 (bc7enc v1.08, MIT / public domain; built with MSVC 2022 cl /O2 /openmp, 4-mode CLI, ispc not used); per level: -C -u4 -z2 -g -q -f; own mip chain (Pillow BOX, normals renormalised, padded to 4x4 by edge replication), payloads concatenated into a DX10 DDS (linear format)	DDS (DX10 header), BC7_UNORM, 1024x1024, 11 mips, 2-D
27-game-assets/textures-dds/acg_ground112_normal/acg_ground112_normal.bc7.bc7enc-u4.dds	1398276	dcc8811920d25e08756e6c30f9ad95f41c2703b070532288f23ee58b69277190	27-game-assets_textures-dds.zip	CC0-1.0	none required (courtesy credit in README)	https://ambientcg.com/get?file=Ground112_1K-PNG.zip	Ground112_1K-PNG_NormalGL.png sha256:7d898750ef8806cca1d57a6597f3a95c63d1ad6ed9748a1424f483ce941f4ce1 (8-bit RGBA work image sha256:97c7747519216633)	bc7enc_rdo b943862 (bc7enc v1.08, MIT / public domain; built with MSVC 2022 cl /O2 /openmp, 4-mode CLI, ispc not used); per level: -C -u4  -g -q -f; own mip chain (Pillow BOX, normals renormalised, padded to 4x4 by edge replication), payloads concatenated into a DX10 DDS (linear format)	DDS (DX10 header), BC7_UNORM, 1024x1024, 11 mips, 2-D
27-game-assets/textures-dds/acg_ground112_normal/acg_ground112_normal.bc7.texconv.dds	1398276	0c20b5ced000abc646b4db907e0f992113f76197a9b970de18b10f6b8e11d506	27-game-assets_textures-dds.zip	CC0-1.0	none required (courtesy credit in README)	https://ambientcg.com/get?file=Ground112_1K-PNG.zip	Ground112_1K-PNG_NormalGL.png sha256:7d898750ef8806cca1d57a6597f3a95c63d1ad6ed9748a1424f483ce941f4ce1 (8-bit RGBA work image sha256:97c7747519216633)	DirectXTex texconv 2026.5.8.1 (tag may2026, MIT); -nogpu -m 0 -f BC7_UNORM -dx10 -ft dds (texconv's own mip chain and default CPU BC7 codec)	DDS (DX10 header), BC7_UNORM, 1024x1024, 11 mips, 2-D
27-game-assets/textures-dds/acg_ground112_rough/acg_ground112_rough.bc1.bc7enc.dds	699212	07afbd268bee762d90626bb66a39f14ab54c1d5f3e8e01c526c339c5d0e3bee7	27-game-assets_textures-dds.zip	CC0-1.0	none required (courtesy credit in README)	https://ambientcg.com/get?file=Ground112_1K-PNG.zip	Ground112_1K-PNG_Roughness.png sha256:df06b9a5bd2bef970d8cc230bfb469c895503d7376c1e68d7e6a454a96b9b784 (8-bit RGBA work image sha256:9faf493322cb9ecf)	bc7enc_rdo b943862 (bc7enc v1.08, MIT / public domain; built with MSVC 2022 cl /O2 /openmp, 4-mode CLI, ispc not used); per level: -1  -g -q -f; own mip chain (Pillow BOX, normals renormalised, padded to 4x4 by edge replication), payloads concatenated into a DX10 DDS (linear format)	DDS (DX10 header), BC1_UNORM, 1024x1024, 11 mips, 2-D
27-game-assets/textures-dds/acg_ground112_rough/acg_ground112_rough.bc4.bc7enc-lowq.dds	699212	bafef958ed3f14d7ead8fc57db4a076bc88bba7c7ee5d1c59894199dba0b2e4e	27-game-assets_textures-dds.zip	CC0-1.0	none required (courtesy credit in README)	https://ambientcg.com/get?file=Ground112_1K-PNG.zip	Ground112_1K-PNG_Roughness.png sha256:df06b9a5bd2bef970d8cc230bfb469c895503d7376c1e68d7e6a454a96b9b784 (8-bit RGBA work image sha256:9faf493322cb9ecf)	bc7enc_rdo b943862 (bc7enc v1.08, MIT / public domain; built with MSVC 2022 cl /O2 /openmp, 4-mode CLI, ispc not used); per level: -4 -hl -g -q -f; own mip chain (Pillow BOX, normals renormalised, padded to 4x4 by edge replication), payloads concatenated into a DX10 DDS (linear format)	DDS (DX10 header), BC4_UNORM, 1024x1024, 11 mips, 2-D
27-game-assets/textures-dds/acg_ground112_rough/acg_ground112_rough.bc4.bc7enc.dds	699212	c892e3b7a34f0b2cb977c64b0eb0476c7fa34286aad3c90f471f0883fee962f4	27-game-assets_textures-dds.zip	CC0-1.0	none required (courtesy credit in README)	https://ambientcg.com/get?file=Ground112_1K-PNG.zip	Ground112_1K-PNG_Roughness.png sha256:df06b9a5bd2bef970d8cc230bfb469c895503d7376c1e68d7e6a454a96b9b784 (8-bit RGBA work image sha256:9faf493322cb9ecf)	bc7enc_rdo b943862 (bc7enc v1.08, MIT / public domain; built with MSVC 2022 cl /O2 /openmp, 4-mode CLI, ispc not used); per level: -4  -g -q -f; own mip chain (Pillow BOX, normals renormalised, padded to 4x4 by edge replication), payloads concatenated into a DX10 DDS (linear format)	DDS (DX10 header), BC4_UNORM, 1024x1024, 11 mips, 2-D
27-game-assets/textures-dds/acg_ground112_rough/acg_ground112_rough.bc4.etcpak.dds	699212	372e2986b518a8890e2a4129772db32856924ecca9f3e6101d8a2b0602392685	27-game-assets_textures-dds.zip	CC0-1.0	none required (courtesy credit in README)	https://ambientcg.com/get?file=Ground112_1K-PNG.zip	Ground112_1K-PNG_Roughness.png sha256:df06b9a5bd2bef970d8cc230bfb469c895503d7376c1e68d7e6a454a96b9b784 (8-bit RGBA work image sha256:9faf493322cb9ecf)	etcpak 0.9.15 (pip wheel: MIT wrapper over etcpak BSD-3-Clause); etcpak.compress_bc4(RGBA8, w, h) per level; own mip chain (Pillow BOX, padded to 4x4)	DDS (DX10 header), BC4_UNORM, 1024x1024, 11 mips, 2-D
27-game-assets/textures-dds/acg_ground112_rough/acg_ground112_rough.bc4.texconv.dds	699212	11e98f06802ace6671e05bc630177c2defd6116d19d3ff93b3a6c2d929bb4b0b	27-game-assets_textures-dds.zip	CC0-1.0	none required (courtesy credit in README)	https://ambientcg.com/get?file=Ground112_1K-PNG.zip	Ground112_1K-PNG_Roughness.png sha256:df06b9a5bd2bef970d8cc230bfb469c895503d7376c1e68d7e6a454a96b9b784 (8-bit RGBA work image sha256:9faf493322cb9ecf)	DirectXTex texconv 2026.5.8.1 (tag may2026, MIT); -nogpu -m 0 -f BC4_UNORM -dx10 -ft dds (texconv's own mip chain and default CPU BC4 codec)	DDS (DX10 header), BC4_UNORM, 1024x1024, 11 mips, 2-D
27-game-assets/textures-dds/acg_ground112_rough/acg_ground112_rough.bc7.bc7enc-u4-e.dds	1398276	9c6da5401bd55f1f445e1aca12605541b1ed3e72dbae68081d11b46965705922	27-game-assets_textures-dds.zip	CC0-1.0	none required (courtesy credit in README)	https://ambientcg.com/get?file=Ground112_1K-PNG.zip	Ground112_1K-PNG_Roughness.png sha256:df06b9a5bd2bef970d8cc230bfb469c895503d7376c1e68d7e6a454a96b9b784 (8-bit RGBA work image sha256:9faf493322cb9ecf)	bc7enc_rdo b943862 (bc7enc v1.08, MIT / public domain; built with MSVC 2022 cl /O2 /openmp, 4-mode CLI, ispc not used); per level: -C -u4 -e -g -q -f; own mip chain (Pillow BOX, normals renormalised, padded to 4x4 by edge replication), payloads concatenated into a DX10 DDS (linear format)	DDS (DX10 header), BC7_UNORM, 1024x1024, 11 mips, 2-D
27-game-assets/textures-dds/acg_ground112_rough/acg_ground112_rough.bc7.bc7enc-u4-z1.dds	1398276	44986ec042ada889d953998900bdd9db7e8fdfb4dcfc31bf381f8682bbb7f7fa	27-game-assets_textures-dds.zip	CC0-1.0	none required (courtesy credit in README)	https://ambientcg.com/get?file=Ground112_1K-PNG.zip	Ground112_1K-PNG_Roughness.png sha256:df06b9a5bd2bef970d8cc230bfb469c895503d7376c1e68d7e6a454a96b9b784 (8-bit RGBA work image sha256:9faf493322cb9ecf)	bc7enc_rdo b943862 (bc7enc v1.08, MIT / public domain; built with MSVC 2022 cl /O2 /openmp, 4-mode CLI, ispc not used); per level: -C -u4 -z1 -g -q -f; own mip chain (Pillow BOX, normals renormalised, padded to 4x4 by edge replication), payloads concatenated into a DX10 DDS (linear format)	DDS (DX10 header), BC7_UNORM, 1024x1024, 11 mips, 2-D
27-game-assets/textures-dds/acg_ground112_rough/acg_ground112_rough.bc7.bc7enc-u4.dds	1398276	9fb941ac332d02d0b3c8fe1a65da034f8a17eace5823b8fdcc54296428fe7aae	27-game-assets_textures-dds.zip	CC0-1.0	none required (courtesy credit in README)	https://ambientcg.com/get?file=Ground112_1K-PNG.zip	Ground112_1K-PNG_Roughness.png sha256:df06b9a5bd2bef970d8cc230bfb469c895503d7376c1e68d7e6a454a96b9b784 (8-bit RGBA work image sha256:9faf493322cb9ecf)	bc7enc_rdo b943862 (bc7enc v1.08, MIT / public domain; built with MSVC 2022 cl /O2 /openmp, 4-mode CLI, ispc not used); per level: -C -u4  -g -q -f; own mip chain (Pillow BOX, normals renormalised, padded to 4x4 by edge replication), payloads concatenated into a DX10 DDS (linear format)	DDS (DX10 header), BC7_UNORM, 1024x1024, 11 mips, 2-D
27-game-assets/textures-dds/acg_ground112_rough/acg_ground112_rough.bc7.texconv.dds	1398276	79df0200d99c977d0020989b4c2a16835d31d17430a11b399a58651b2b73d89c	27-game-assets_textures-dds.zip	CC0-1.0	none required (courtesy credit in README)	https://ambientcg.com/get?file=Ground112_1K-PNG.zip	Ground112_1K-PNG_Roughness.png sha256:df06b9a5bd2bef970d8cc230bfb469c895503d7376c1e68d7e6a454a96b9b784 (8-bit RGBA work image sha256:9faf493322cb9ecf)	DirectXTex texconv 2026.5.8.1 (tag may2026, MIT); -nogpu -m 0 -f BC7_UNORM -dx10 -ft dds (texconv's own mip chain and default CPU BC7 codec)	DDS (DX10 header), BC7_UNORM, 1024x1024, 11 mips, 2-D
27-game-assets/textures-dds/acg_paving151_ao/acg_paving151_ao.bc1.bc7enc.dds	699212	ad7358a467d4a4eb269f4d1a96be15123f085075b2e633917e5a6f073b7cd3b6	27-game-assets_textures-dds.zip	CC0-1.0	none required (courtesy credit in README)	https://ambientcg.com/get?file=PavingStones151_1K-PNG.zip	PavingStones151_1K-PNG_AmbientOcclusion.png sha256:bbd8b83f71756a958d44ad7728bac42df97b9ba3bf444da8a1468f2bb4dd14a1 (8-bit RGBA work image sha256:dde7f6e87e2fa159)	bc7enc_rdo b943862 (bc7enc v1.08, MIT / public domain; built with MSVC 2022 cl /O2 /openmp, 4-mode CLI, ispc not used); per level: -1  -g -q -f; own mip chain (Pillow BOX, normals renormalised, padded to 4x4 by edge replication), payloads concatenated into a DX10 DDS (linear format)	DDS (DX10 header), BC1_UNORM, 1024x1024, 11 mips, 2-D
27-game-assets/textures-dds/acg_paving151_ao/acg_paving151_ao.bc4.bc7enc-lowq.dds	699212	0066afa1611f2461f11692b82d04e5881ad57e218090b04dab46ccbd93452ad9	27-game-assets_textures-dds.zip	CC0-1.0	none required (courtesy credit in README)	https://ambientcg.com/get?file=PavingStones151_1K-PNG.zip	PavingStones151_1K-PNG_AmbientOcclusion.png sha256:bbd8b83f71756a958d44ad7728bac42df97b9ba3bf444da8a1468f2bb4dd14a1 (8-bit RGBA work image sha256:dde7f6e87e2fa159)	bc7enc_rdo b943862 (bc7enc v1.08, MIT / public domain; built with MSVC 2022 cl /O2 /openmp, 4-mode CLI, ispc not used); per level: -4 -hl -g -q -f; own mip chain (Pillow BOX, normals renormalised, padded to 4x4 by edge replication), payloads concatenated into a DX10 DDS (linear format)	DDS (DX10 header), BC4_UNORM, 1024x1024, 11 mips, 2-D
27-game-assets/textures-dds/acg_paving151_ao/acg_paving151_ao.bc4.bc7enc.dds	699212	cdbb86af42728da81d1013b2aaca510cb9831e842d29937d955ab25210b31a7b	27-game-assets_textures-dds.zip	CC0-1.0	none required (courtesy credit in README)	https://ambientcg.com/get?file=PavingStones151_1K-PNG.zip	PavingStones151_1K-PNG_AmbientOcclusion.png sha256:bbd8b83f71756a958d44ad7728bac42df97b9ba3bf444da8a1468f2bb4dd14a1 (8-bit RGBA work image sha256:dde7f6e87e2fa159)	bc7enc_rdo b943862 (bc7enc v1.08, MIT / public domain; built with MSVC 2022 cl /O2 /openmp, 4-mode CLI, ispc not used); per level: -4  -g -q -f; own mip chain (Pillow BOX, normals renormalised, padded to 4x4 by edge replication), payloads concatenated into a DX10 DDS (linear format)	DDS (DX10 header), BC4_UNORM, 1024x1024, 11 mips, 2-D
27-game-assets/textures-dds/acg_paving151_ao/acg_paving151_ao.bc4.etcpak.dds	699212	451e0fa65c25d3c5652522d606a349ad16a5df888d78f7e2c6cc4cf64183e6e9	27-game-assets_textures-dds.zip	CC0-1.0	none required (courtesy credit in README)	https://ambientcg.com/get?file=PavingStones151_1K-PNG.zip	PavingStones151_1K-PNG_AmbientOcclusion.png sha256:bbd8b83f71756a958d44ad7728bac42df97b9ba3bf444da8a1468f2bb4dd14a1 (8-bit RGBA work image sha256:dde7f6e87e2fa159)	etcpak 0.9.15 (pip wheel: MIT wrapper over etcpak BSD-3-Clause); etcpak.compress_bc4(RGBA8, w, h) per level; own mip chain (Pillow BOX, padded to 4x4)	DDS (DX10 header), BC4_UNORM, 1024x1024, 11 mips, 2-D
27-game-assets/textures-dds/acg_paving151_ao/acg_paving151_ao.bc4.texconv.dds	699212	dda1e1ec88251b25f9e3c7cc7390a9bac150bcb2830e8455b29be420c825668c	27-game-assets_textures-dds.zip	CC0-1.0	none required (courtesy credit in README)	https://ambientcg.com/get?file=PavingStones151_1K-PNG.zip	PavingStones151_1K-PNG_AmbientOcclusion.png sha256:bbd8b83f71756a958d44ad7728bac42df97b9ba3bf444da8a1468f2bb4dd14a1 (8-bit RGBA work image sha256:dde7f6e87e2fa159)	DirectXTex texconv 2026.5.8.1 (tag may2026, MIT); -nogpu -m 0 -f BC4_UNORM -dx10 -ft dds (texconv's own mip chain and default CPU BC4 codec)	DDS (DX10 header), BC4_UNORM, 1024x1024, 11 mips, 2-D
27-game-assets/textures-dds/acg_paving151_ao/acg_paving151_ao.bc7.bc7enc-u4-e.dds	1398276	204fa9c0fa73a7d519b0c3d1d2cec839a95ddc58738fc567a2bae9dae75e06b2	27-game-assets_textures-dds.zip	CC0-1.0	none required (courtesy credit in README)	https://ambientcg.com/get?file=PavingStones151_1K-PNG.zip	PavingStones151_1K-PNG_AmbientOcclusion.png sha256:bbd8b83f71756a958d44ad7728bac42df97b9ba3bf444da8a1468f2bb4dd14a1 (8-bit RGBA work image sha256:dde7f6e87e2fa159)	bc7enc_rdo b943862 (bc7enc v1.08, MIT / public domain; built with MSVC 2022 cl /O2 /openmp, 4-mode CLI, ispc not used); per level: -C -u4 -e -g -q -f; own mip chain (Pillow BOX, normals renormalised, padded to 4x4 by edge replication), payloads concatenated into a DX10 DDS (linear format)	DDS (DX10 header), BC7_UNORM, 1024x1024, 11 mips, 2-D
27-game-assets/textures-dds/acg_paving151_ao/acg_paving151_ao.bc7.bc7enc-u4-z1.dds	1398276	5f406f267474a4388d6a1c89f57876e62ae458f9c58733ede61df6c590afc30e	27-game-assets_textures-dds.zip	CC0-1.0	none required (courtesy credit in README)	https://ambientcg.com/get?file=PavingStones151_1K-PNG.zip	PavingStones151_1K-PNG_AmbientOcclusion.png sha256:bbd8b83f71756a958d44ad7728bac42df97b9ba3bf444da8a1468f2bb4dd14a1 (8-bit RGBA work image sha256:dde7f6e87e2fa159)	bc7enc_rdo b943862 (bc7enc v1.08, MIT / public domain; built with MSVC 2022 cl /O2 /openmp, 4-mode CLI, ispc not used); per level: -C -u4 -z1 -g -q -f; own mip chain (Pillow BOX, normals renormalised, padded to 4x4 by edge replication), payloads concatenated into a DX10 DDS (linear format)	DDS (DX10 header), BC7_UNORM, 1024x1024, 11 mips, 2-D
27-game-assets/textures-dds/acg_paving151_ao/acg_paving151_ao.bc7.bc7enc-u4.dds	1398276	d92832d7b3f9716396f9e0d2b31a7df7d518ab49abd9c6e1148bd30ef3c29107	27-game-assets_textures-dds.zip	CC0-1.0	none required (courtesy credit in README)	https://ambientcg.com/get?file=PavingStones151_1K-PNG.zip	PavingStones151_1K-PNG_AmbientOcclusion.png sha256:bbd8b83f71756a958d44ad7728bac42df97b9ba3bf444da8a1468f2bb4dd14a1 (8-bit RGBA work image sha256:dde7f6e87e2fa159)	bc7enc_rdo b943862 (bc7enc v1.08, MIT / public domain; built with MSVC 2022 cl /O2 /openmp, 4-mode CLI, ispc not used); per level: -C -u4  -g -q -f; own mip chain (Pillow BOX, normals renormalised, padded to 4x4 by edge replication), payloads concatenated into a DX10 DDS (linear format)	DDS (DX10 header), BC7_UNORM, 1024x1024, 11 mips, 2-D
27-game-assets/textures-dds/acg_paving151_ao/acg_paving151_ao.bc7.texconv.dds	1398276	f9bce2305bfdc3447bf7a2c71ea8030ede0bfea536019736a8ff6fbffd15f6dd	27-game-assets_textures-dds.zip	CC0-1.0	none required (courtesy credit in README)	https://ambientcg.com/get?file=PavingStones151_1K-PNG.zip	PavingStones151_1K-PNG_AmbientOcclusion.png sha256:bbd8b83f71756a958d44ad7728bac42df97b9ba3bf444da8a1468f2bb4dd14a1 (8-bit RGBA work image sha256:dde7f6e87e2fa159)	DirectXTex texconv 2026.5.8.1 (tag may2026, MIT); -nogpu -m 0 -f BC7_UNORM -dx10 -ft dds (texconv's own mip chain and default CPU BC7 codec)	DDS (DX10 header), BC7_UNORM, 1024x1024, 11 mips, 2-D
27-game-assets/textures-dds/acg_paving151_color/acg_paving151_color.bc1.bc7enc.dds	699212	c23eb7ab1a39aac46ed2797f90ca793331dce58073378459babbe4b2f8fb60f2	27-game-assets_textures-dds.zip	CC0-1.0	none required (courtesy credit in README)	https://ambientcg.com/get?file=PavingStones151_1K-PNG.zip	PavingStones151_1K-PNG_Color.png sha256:4b5d6ccbc9231f0a4dc4a500e5fe62cd738329783768b94010f5efe6a8f12c9f (8-bit RGBA work image sha256:4a3f8d3b235370b4)	bc7enc_rdo b943862 (bc7enc v1.08, MIT / public domain; built with MSVC 2022 cl /O2 /openmp, 4-mode CLI, ispc not used); per level: -1  -g -q -f; own mip chain (Pillow BOX, normals renormalised, padded to 4x4 by edge replication), payloads concatenated into a DX10 DDS (sRGB format)	DDS (DX10 header), BC1_UNORM_SRGB, 1024x1024, 11 mips, 2-D
27-game-assets/textures-dds/acg_paving151_color/acg_paving151_color.bc1.etcpak.dds	699212	babeb9488e7b08e194277dd7ecc4e1af025212b9c489564d9f2419cfddf3f99d	27-game-assets_textures-dds.zip	CC0-1.0	none required (courtesy credit in README)	https://ambientcg.com/get?file=PavingStones151_1K-PNG.zip	PavingStones151_1K-PNG_Color.png sha256:4b5d6ccbc9231f0a4dc4a500e5fe62cd738329783768b94010f5efe6a8f12c9f (8-bit RGBA work image sha256:4a3f8d3b235370b4)	etcpak 0.9.15 (pip wheel: MIT wrapper over etcpak BSD-3-Clause); etcpak.compress_bc1(RGBA8, w, h) per level; own mip chain (Pillow BOX, padded to 4x4)	DDS (DX10 header), BC1_UNORM_SRGB, 1024x1024, 11 mips, 2-D
27-game-assets/textures-dds/acg_paving151_color/acg_paving151_color.bc1.texconv.dds	699212	f5d60bf35920df3f3c49809de081cc3b04ed0cf40638be4f986bf776712f3d01	27-game-assets_textures-dds.zip	CC0-1.0	none required (courtesy credit in README)	https://ambientcg.com/get?file=PavingStones151_1K-PNG.zip	PavingStones151_1K-PNG_Color.png sha256:4b5d6ccbc9231f0a4dc4a500e5fe62cd738329783768b94010f5efe6a8f12c9f (8-bit RGBA work image sha256:4a3f8d3b235370b4)	DirectXTex texconv 2026.5.8.1 (tag may2026, MIT); -nogpu -m 0 -f BC1_UNORM_SRGB -dx10 -ft dds -srgb (texconv's own mip chain and default CPU BC1 codec)	DDS (DX10 header), BC1_UNORM_SRGB, 1024x1024, 11 mips, 2-D
27-game-assets/textures-dds/acg_paving151_color/acg_paving151_color.bc3.bc7enc.dds	1398276	9e14ead0a4bb9c396c480af950604e4ec7dbd3bdf07115e49830fa5900c7c8a9	27-game-assets_textures-dds.zip	CC0-1.0	none required (courtesy credit in README)	https://ambientcg.com/get?file=PavingStones151_1K-PNG.zip	PavingStones151_1K-PNG_Color.png sha256:4b5d6ccbc9231f0a4dc4a500e5fe62cd738329783768b94010f5efe6a8f12c9f (8-bit RGBA work image sha256:4a3f8d3b235370b4)	bc7enc_rdo b943862 (bc7enc v1.08, MIT / public domain; built with MSVC 2022 cl /O2 /openmp, 4-mode CLI, ispc not used); per level: -3  -g -q -f; own mip chain (Pillow BOX, normals renormalised, padded to 4x4 by edge replication), payloads concatenated into a DX10 DDS (sRGB format)	DDS (DX10 header), BC3_UNORM_SRGB, 1024x1024, 11 mips, 2-D
27-game-assets/textures-dds/acg_paving151_color/acg_paving151_color.bc3.etcpak.dds	1398276	d624107c0db994ef60657d66dafe98306fd54ca9efffde80af5098688c32c87a	27-game-assets_textures-dds.zip	CC0-1.0	none required (courtesy credit in README)	https://ambientcg.com/get?file=PavingStones151_1K-PNG.zip	PavingStones151_1K-PNG_Color.png sha256:4b5d6ccbc9231f0a4dc4a500e5fe62cd738329783768b94010f5efe6a8f12c9f (8-bit RGBA work image sha256:4a3f8d3b235370b4)	etcpak 0.9.15 (pip wheel: MIT wrapper over etcpak BSD-3-Clause); etcpak.compress_bc3(RGBA8, w, h) per level; own mip chain (Pillow BOX, padded to 4x4)	DDS (DX10 header), BC3_UNORM_SRGB, 1024x1024, 11 mips, 2-D
27-game-assets/textures-dds/acg_paving151_color/acg_paving151_color.bc3.texconv.dds	1398276	6d3fed05ceff4c0d2fb215d21b360c8beb110e4adf4e628b05d44092e2ee7b76	27-game-assets_textures-dds.zip	CC0-1.0	none required (courtesy credit in README)	https://ambientcg.com/get?file=PavingStones151_1K-PNG.zip	PavingStones151_1K-PNG_Color.png sha256:4b5d6ccbc9231f0a4dc4a500e5fe62cd738329783768b94010f5efe6a8f12c9f (8-bit RGBA work image sha256:4a3f8d3b235370b4)	DirectXTex texconv 2026.5.8.1 (tag may2026, MIT); -nogpu -m 0 -f BC3_UNORM_SRGB -dx10 -ft dds -srgb (texconv's own mip chain and default CPU BC3 codec)	DDS (DX10 header), BC3_UNORM_SRGB, 1024x1024, 11 mips, 2-D
27-game-assets/textures-dds/acg_paving151_color/acg_paving151_color.bc7.bc7enc-u4-e.dds	1398276	43c7cf492566a6d2c727da6f358798b68a14d142fb849ec73210ee50ae06a065	27-game-assets_textures-dds.zip	CC0-1.0	none required (courtesy credit in README)	https://ambientcg.com/get?file=PavingStones151_1K-PNG.zip	PavingStones151_1K-PNG_Color.png sha256:4b5d6ccbc9231f0a4dc4a500e5fe62cd738329783768b94010f5efe6a8f12c9f (8-bit RGBA work image sha256:4a3f8d3b235370b4)	bc7enc_rdo b943862 (bc7enc v1.08, MIT / public domain; built with MSVC 2022 cl /O2 /openmp, 4-mode CLI, ispc not used); per level: -C -u4 -e -g -q -f; own mip chain (Pillow BOX, normals renormalised, padded to 4x4 by edge replication), payloads concatenated into a DX10 DDS (sRGB format)	DDS (DX10 header), BC7_UNORM_SRGB, 1024x1024, 11 mips, 2-D
27-game-assets/textures-dds/acg_paving151_color/acg_paving151_color.bc7.bc7enc-u4-z0.5.dds	1398276	8a9034ea8247a500d29360531f9d6d69d132b675cd96a84d21aa51fa5e0fa73e	27-game-assets_textures-dds.zip	CC0-1.0	none required (courtesy credit in README)	https://ambientcg.com/get?file=PavingStones151_1K-PNG.zip	PavingStones151_1K-PNG_Color.png sha256:4b5d6ccbc9231f0a4dc4a500e5fe62cd738329783768b94010f5efe6a8f12c9f (8-bit RGBA work image sha256:4a3f8d3b235370b4)	bc7enc_rdo b943862 (bc7enc v1.08, MIT / public domain; built with MSVC 2022 cl /O2 /openmp, 4-mode CLI, ispc not used); per level: -C -u4 -z0.5 -g -q -f; own mip chain (Pillow BOX, normals renormalised, padded to 4x4 by edge replication), payloads concatenated into a DX10 DDS (sRGB format)	DDS (DX10 header), BC7_UNORM_SRGB, 1024x1024, 11 mips, 2-D
27-game-assets/textures-dds/acg_paving151_color/acg_paving151_color.bc7.bc7enc-u4-z1.dds	1398276	f42cfc48be3a85d1d5d3310398656c046cb51b865e0a7cb819c3ddead8c8bb95	27-game-assets_textures-dds.zip	CC0-1.0	none required (courtesy credit in README)	https://ambientcg.com/get?file=PavingStones151_1K-PNG.zip	PavingStones151_1K-PNG_Color.png sha256:4b5d6ccbc9231f0a4dc4a500e5fe62cd738329783768b94010f5efe6a8f12c9f (8-bit RGBA work image sha256:4a3f8d3b235370b4)	bc7enc_rdo b943862 (bc7enc v1.08, MIT / public domain; built with MSVC 2022 cl /O2 /openmp, 4-mode CLI, ispc not used); per level: -C -u4 -z1 -g -q -f; own mip chain (Pillow BOX, normals renormalised, padded to 4x4 by edge replication), payloads concatenated into a DX10 DDS (sRGB format)	DDS (DX10 header), BC7_UNORM_SRGB, 1024x1024, 11 mips, 2-D
27-game-assets/textures-dds/acg_paving151_color/acg_paving151_color.bc7.bc7enc-u4-z2.dds	1398276	96a8ecca422c7f68e7c5c946cd8514705eb46c798b93f2f05a6976bc609c84d7	27-game-assets_textures-dds.zip	CC0-1.0	none required (courtesy credit in README)	https://ambientcg.com/get?file=PavingStones151_1K-PNG.zip	PavingStones151_1K-PNG_Color.png sha256:4b5d6ccbc9231f0a4dc4a500e5fe62cd738329783768b94010f5efe6a8f12c9f (8-bit RGBA work image sha256:4a3f8d3b235370b4)	bc7enc_rdo b943862 (bc7enc v1.08, MIT / public domain; built with MSVC 2022 cl /O2 /openmp, 4-mode CLI, ispc not used); per level: -C -u4 -z2 -g -q -f; own mip chain (Pillow BOX, normals renormalised, padded to 4x4 by edge replication), payloads concatenated into a DX10 DDS (sRGB format)	DDS (DX10 header), BC7_UNORM_SRGB, 1024x1024, 11 mips, 2-D
27-game-assets/textures-dds/acg_paving151_color/acg_paving151_color.bc7.bc7enc-u4.dds	1398276	efafaa620e3c728dc96c13b747a0da7f6a61f91eca0a2ca142aa7c8f859f5741	27-game-assets_textures-dds.zip	CC0-1.0	none required (courtesy credit in README)	https://ambientcg.com/get?file=PavingStones151_1K-PNG.zip	PavingStones151_1K-PNG_Color.png sha256:4b5d6ccbc9231f0a4dc4a500e5fe62cd738329783768b94010f5efe6a8f12c9f (8-bit RGBA work image sha256:4a3f8d3b235370b4)	bc7enc_rdo b943862 (bc7enc v1.08, MIT / public domain; built with MSVC 2022 cl /O2 /openmp, 4-mode CLI, ispc not used); per level: -C -u4  -g -q -f; own mip chain (Pillow BOX, normals renormalised, padded to 4x4 by edge replication), payloads concatenated into a DX10 DDS (sRGB format)	DDS (DX10 header), BC7_UNORM_SRGB, 1024x1024, 11 mips, 2-D
27-game-assets/textures-dds/acg_paving151_color/acg_paving151_color.bc7.texconv.dds	1398276	09900b13d29688e7723820b1f752e5db80b6ba391de209cf3018ffcaa6a42911	27-game-assets_textures-dds.zip	CC0-1.0	none required (courtesy credit in README)	https://ambientcg.com/get?file=PavingStones151_1K-PNG.zip	PavingStones151_1K-PNG_Color.png sha256:4b5d6ccbc9231f0a4dc4a500e5fe62cd738329783768b94010f5efe6a8f12c9f (8-bit RGBA work image sha256:4a3f8d3b235370b4)	DirectXTex texconv 2026.5.8.1 (tag may2026, MIT); -nogpu -m 0 -f BC7_UNORM_SRGB -dx10 -ft dds -srgb (texconv's own mip chain and default CPU BC7 codec)	DDS (DX10 header), BC7_UNORM_SRGB, 1024x1024, 11 mips, 2-D
27-game-assets/textures-dds/acg_paving151_disp/acg_paving151_disp.bc1.bc7enc.dds	699212	4a22bf882b2cd4471bdb54efb9241e87413358b4ec5cd86c4471538935c074d5	27-game-assets_textures-dds.zip	CC0-1.0	none required (courtesy credit in README)	https://ambientcg.com/get?file=PavingStones151_1K-PNG.zip	PavingStones151_1K-PNG_Displacement.png sha256:c01e78bd688a73c7398c1ac9a1f6c6fa35c219db014930f2bc50b906dd51160f (8-bit RGBA work image sha256:1f94b5dbe509e47f)	bc7enc_rdo b943862 (bc7enc v1.08, MIT / public domain; built with MSVC 2022 cl /O2 /openmp, 4-mode CLI, ispc not used); per level: -1  -g -q -f; own mip chain (Pillow BOX, normals renormalised, padded to 4x4 by edge replication), payloads concatenated into a DX10 DDS (linear format)	DDS (DX10 header), BC1_UNORM, 1024x1024, 11 mips, 2-D
27-game-assets/textures-dds/acg_paving151_disp/acg_paving151_disp.bc4.bc7enc-lowq.dds	699212	9716035950aac7dd225fc618972bb2e916837f6d8acb65173ff2867a65b67679	27-game-assets_textures-dds.zip	CC0-1.0	none required (courtesy credit in README)	https://ambientcg.com/get?file=PavingStones151_1K-PNG.zip	PavingStones151_1K-PNG_Displacement.png sha256:c01e78bd688a73c7398c1ac9a1f6c6fa35c219db014930f2bc50b906dd51160f (8-bit RGBA work image sha256:1f94b5dbe509e47f)	bc7enc_rdo b943862 (bc7enc v1.08, MIT / public domain; built with MSVC 2022 cl /O2 /openmp, 4-mode CLI, ispc not used); per level: -4 -hl -g -q -f; own mip chain (Pillow BOX, normals renormalised, padded to 4x4 by edge replication), payloads concatenated into a DX10 DDS (linear format)	DDS (DX10 header), BC4_UNORM, 1024x1024, 11 mips, 2-D
27-game-assets/textures-dds/acg_paving151_disp/acg_paving151_disp.bc4.bc7enc.dds	699212	a2e79f6e34842eee4fa6321f1d5ea88ee7a9a134a9c6191b6c036c7ec2d2727a	27-game-assets_textures-dds.zip	CC0-1.0	none required (courtesy credit in README)	https://ambientcg.com/get?file=PavingStones151_1K-PNG.zip	PavingStones151_1K-PNG_Displacement.png sha256:c01e78bd688a73c7398c1ac9a1f6c6fa35c219db014930f2bc50b906dd51160f (8-bit RGBA work image sha256:1f94b5dbe509e47f)	bc7enc_rdo b943862 (bc7enc v1.08, MIT / public domain; built with MSVC 2022 cl /O2 /openmp, 4-mode CLI, ispc not used); per level: -4  -g -q -f; own mip chain (Pillow BOX, normals renormalised, padded to 4x4 by edge replication), payloads concatenated into a DX10 DDS (linear format)	DDS (DX10 header), BC4_UNORM, 1024x1024, 11 mips, 2-D
27-game-assets/textures-dds/acg_paving151_disp/acg_paving151_disp.bc4.etcpak.dds	699212	b85e5e2e39a80a571020b7aa54b12ad5f3e9824e8510eacd709f4de3bd25505e	27-game-assets_textures-dds.zip	CC0-1.0	none required (courtesy credit in README)	https://ambientcg.com/get?file=PavingStones151_1K-PNG.zip	PavingStones151_1K-PNG_Displacement.png sha256:c01e78bd688a73c7398c1ac9a1f6c6fa35c219db014930f2bc50b906dd51160f (8-bit RGBA work image sha256:1f94b5dbe509e47f)	etcpak 0.9.15 (pip wheel: MIT wrapper over etcpak BSD-3-Clause); etcpak.compress_bc4(RGBA8, w, h) per level; own mip chain (Pillow BOX, padded to 4x4)	DDS (DX10 header), BC4_UNORM, 1024x1024, 11 mips, 2-D
27-game-assets/textures-dds/acg_paving151_disp/acg_paving151_disp.bc4.texconv.dds	699212	b667aa7d8a9516b5e0936555bde3021df3a25bb34f34c6d42352dee763792589	27-game-assets_textures-dds.zip	CC0-1.0	none required (courtesy credit in README)	https://ambientcg.com/get?file=PavingStones151_1K-PNG.zip	PavingStones151_1K-PNG_Displacement.png sha256:c01e78bd688a73c7398c1ac9a1f6c6fa35c219db014930f2bc50b906dd51160f (8-bit RGBA work image sha256:1f94b5dbe509e47f)	DirectXTex texconv 2026.5.8.1 (tag may2026, MIT); -nogpu -m 0 -f BC4_UNORM -dx10 -ft dds (texconv's own mip chain and default CPU BC4 codec)	DDS (DX10 header), BC4_UNORM, 1024x1024, 11 mips, 2-D
27-game-assets/textures-dds/acg_paving151_disp/acg_paving151_disp.bc7.bc7enc-u4-e.dds	1398276	43e0d70a9a8ecdbac1e89e75d1d21b5db00f18900f60df55da7cfa2cc6beaa8d	27-game-assets_textures-dds.zip	CC0-1.0	none required (courtesy credit in README)	https://ambientcg.com/get?file=PavingStones151_1K-PNG.zip	PavingStones151_1K-PNG_Displacement.png sha256:c01e78bd688a73c7398c1ac9a1f6c6fa35c219db014930f2bc50b906dd51160f (8-bit RGBA work image sha256:1f94b5dbe509e47f)	bc7enc_rdo b943862 (bc7enc v1.08, MIT / public domain; built with MSVC 2022 cl /O2 /openmp, 4-mode CLI, ispc not used); per level: -C -u4 -e -g -q -f; own mip chain (Pillow BOX, normals renormalised, padded to 4x4 by edge replication), payloads concatenated into a DX10 DDS (linear format)	DDS (DX10 header), BC7_UNORM, 1024x1024, 11 mips, 2-D
27-game-assets/textures-dds/acg_paving151_disp/acg_paving151_disp.bc7.bc7enc-u4-z1.dds	1398276	1edae2430ee31df30bdcd8bfc98c0d494dc79ad2f8c96ea101d3a9a340ca8cb8	27-game-assets_textures-dds.zip	CC0-1.0	none required (courtesy credit in README)	https://ambientcg.com/get?file=PavingStones151_1K-PNG.zip	PavingStones151_1K-PNG_Displacement.png sha256:c01e78bd688a73c7398c1ac9a1f6c6fa35c219db014930f2bc50b906dd51160f (8-bit RGBA work image sha256:1f94b5dbe509e47f)	bc7enc_rdo b943862 (bc7enc v1.08, MIT / public domain; built with MSVC 2022 cl /O2 /openmp, 4-mode CLI, ispc not used); per level: -C -u4 -z1 -g -q -f; own mip chain (Pillow BOX, normals renormalised, padded to 4x4 by edge replication), payloads concatenated into a DX10 DDS (linear format)	DDS (DX10 header), BC7_UNORM, 1024x1024, 11 mips, 2-D
27-game-assets/textures-dds/acg_paving151_disp/acg_paving151_disp.bc7.bc7enc-u4.dds	1398276	6e6c41f561ce3499ef00eddc7035c2cdea5cd682fd806a3ecc0562289a685b95	27-game-assets_textures-dds.zip	CC0-1.0	none required (courtesy credit in README)	https://ambientcg.com/get?file=PavingStones151_1K-PNG.zip	PavingStones151_1K-PNG_Displacement.png sha256:c01e78bd688a73c7398c1ac9a1f6c6fa35c219db014930f2bc50b906dd51160f (8-bit RGBA work image sha256:1f94b5dbe509e47f)	bc7enc_rdo b943862 (bc7enc v1.08, MIT / public domain; built with MSVC 2022 cl /O2 /openmp, 4-mode CLI, ispc not used); per level: -C -u4  -g -q -f; own mip chain (Pillow BOX, normals renormalised, padded to 4x4 by edge replication), payloads concatenated into a DX10 DDS (linear format)	DDS (DX10 header), BC7_UNORM, 1024x1024, 11 mips, 2-D
27-game-assets/textures-dds/acg_paving151_disp/acg_paving151_disp.bc7.texconv.dds	1398276	d3feff41e8e5d1d2d78d40590f29c69fd93505fd10f6feae8218e7c2c6df287a	27-game-assets_textures-dds.zip	CC0-1.0	none required (courtesy credit in README)	https://ambientcg.com/get?file=PavingStones151_1K-PNG.zip	PavingStones151_1K-PNG_Displacement.png sha256:c01e78bd688a73c7398c1ac9a1f6c6fa35c219db014930f2bc50b906dd51160f (8-bit RGBA work image sha256:1f94b5dbe509e47f)	DirectXTex texconv 2026.5.8.1 (tag may2026, MIT); -nogpu -m 0 -f BC7_UNORM -dx10 -ft dds (texconv's own mip chain and default CPU BC7 codec)	DDS (DX10 header), BC7_UNORM, 1024x1024, 11 mips, 2-D
27-game-assets/textures-dds/acg_paving151_normal/acg_paving151_normal.bc1.bc7enc.dds	699212	7e79b337460040938f1eb040910fc617e820d8da356d0abde11d0eaa1b27ab22	27-game-assets_textures-dds.zip	CC0-1.0	none required (courtesy credit in README)	https://ambientcg.com/get?file=PavingStones151_1K-PNG.zip	PavingStones151_1K-PNG_NormalGL.png sha256:67d902d0396cb823d8aa6eeeabe73d23d022dde44f8575c55bae3726feb5f6e3 (8-bit RGBA work image sha256:da632fd67f7ca04d)	bc7enc_rdo b943862 (bc7enc v1.08, MIT / public domain; built with MSVC 2022 cl /O2 /openmp, 4-mode CLI, ispc not used); per level: -1  -g -q -f; own mip chain (Pillow BOX, normals renormalised, padded to 4x4 by edge replication), payloads concatenated into a DX10 DDS (linear format)	DDS (DX10 header), BC1_UNORM, 1024x1024, 11 mips, 2-D
27-game-assets/textures-dds/acg_paving151_normal/acg_paving151_normal.bc1.texconv.dds	699212	650f78a1dd99df548367fd77e27ccfa6f1f0d51b75028fb337198abc1d926851	27-game-assets_textures-dds.zip	CC0-1.0	none required (courtesy credit in README)	https://ambientcg.com/get?file=PavingStones151_1K-PNG.zip	PavingStones151_1K-PNG_NormalGL.png sha256:67d902d0396cb823d8aa6eeeabe73d23d022dde44f8575c55bae3726feb5f6e3 (8-bit RGBA work image sha256:da632fd67f7ca04d)	DirectXTex texconv 2026.5.8.1 (tag may2026, MIT); -nogpu -m 0 -f BC1_UNORM -dx10 -ft dds (texconv's own mip chain and default CPU BC1 codec)	DDS (DX10 header), BC1_UNORM, 1024x1024, 11 mips, 2-D
27-game-assets/textures-dds/acg_paving151_normal/acg_paving151_normal.bc5.bc7enc.dds	1398276	8e1ddbd65ff2105766c9880a5299f277fbfb4215dac792e9a7415b211b8cf065	27-game-assets_textures-dds.zip	CC0-1.0	none required (courtesy credit in README)	https://ambientcg.com/get?file=PavingStones151_1K-PNG.zip	PavingStones151_1K-PNG_NormalGL.png sha256:67d902d0396cb823d8aa6eeeabe73d23d022dde44f8575c55bae3726feb5f6e3 (8-bit RGBA work image sha256:da632fd67f7ca04d)	bc7enc_rdo b943862 (bc7enc v1.08, MIT / public domain; built with MSVC 2022 cl /O2 /openmp, 4-mode CLI, ispc not used); per level: -5  -g -q -f; own mip chain (Pillow BOX, normals renormalised, padded to 4x4 by edge replication), payloads concatenated into a DX10 DDS (linear format)	DDS (DX10 header), BC5_UNORM, 1024x1024, 11 mips, 2-D
27-game-assets/textures-dds/acg_paving151_normal/acg_paving151_normal.bc5.etcpak.dds	1398276	0e7af1a0083665122505c7773f92cc82b4e1d1c6f565aec6d8cccb52452b4ef8	27-game-assets_textures-dds.zip	CC0-1.0	none required (courtesy credit in README)	https://ambientcg.com/get?file=PavingStones151_1K-PNG.zip	PavingStones151_1K-PNG_NormalGL.png sha256:67d902d0396cb823d8aa6eeeabe73d23d022dde44f8575c55bae3726feb5f6e3 (8-bit RGBA work image sha256:da632fd67f7ca04d)	etcpak 0.9.15 (pip wheel: MIT wrapper over etcpak BSD-3-Clause); etcpak.compress_bc5(RGBA8, w, h) per level; own mip chain (Pillow BOX, padded to 4x4)	DDS (DX10 header), BC5_UNORM, 1024x1024, 11 mips, 2-D
27-game-assets/textures-dds/acg_paving151_normal/acg_paving151_normal.bc5.texconv.dds	1398276	3ecae119ac720f0e3677b377e3cd38b972156da7d16f9854003b61f2c36c0f45	27-game-assets_textures-dds.zip	CC0-1.0	none required (courtesy credit in README)	https://ambientcg.com/get?file=PavingStones151_1K-PNG.zip	PavingStones151_1K-PNG_NormalGL.png sha256:67d902d0396cb823d8aa6eeeabe73d23d022dde44f8575c55bae3726feb5f6e3 (8-bit RGBA work image sha256:da632fd67f7ca04d)	DirectXTex texconv 2026.5.8.1 (tag may2026, MIT); -nogpu -m 0 -f BC5_UNORM -dx10 -ft dds (texconv's own mip chain and default CPU BC5 codec)	DDS (DX10 header), BC5_UNORM, 1024x1024, 11 mips, 2-D
27-game-assets/textures-dds/acg_paving151_normal/acg_paving151_normal.bc7.bc7enc-u4-e.dds	1398276	79a15bb060738d1dbbe875a402cdf1f54c5cca4730ba7599523d588c7da8c514	27-game-assets_textures-dds.zip	CC0-1.0	none required (courtesy credit in README)	https://ambientcg.com/get?file=PavingStones151_1K-PNG.zip	PavingStones151_1K-PNG_NormalGL.png sha256:67d902d0396cb823d8aa6eeeabe73d23d022dde44f8575c55bae3726feb5f6e3 (8-bit RGBA work image sha256:da632fd67f7ca04d)	bc7enc_rdo b943862 (bc7enc v1.08, MIT / public domain; built with MSVC 2022 cl /O2 /openmp, 4-mode CLI, ispc not used); per level: -C -u4 -e -g -q -f; own mip chain (Pillow BOX, normals renormalised, padded to 4x4 by edge replication), payloads concatenated into a DX10 DDS (linear format)	DDS (DX10 header), BC7_UNORM, 1024x1024, 11 mips, 2-D
27-game-assets/textures-dds/acg_paving151_normal/acg_paving151_normal.bc7.bc7enc-u4-z1.dds	1398276	8a83430af34d2bae6914f86fbc7a50ff9b27369c859dea2aa2b40d9d6620cd2a	27-game-assets_textures-dds.zip	CC0-1.0	none required (courtesy credit in README)	https://ambientcg.com/get?file=PavingStones151_1K-PNG.zip	PavingStones151_1K-PNG_NormalGL.png sha256:67d902d0396cb823d8aa6eeeabe73d23d022dde44f8575c55bae3726feb5f6e3 (8-bit RGBA work image sha256:da632fd67f7ca04d)	bc7enc_rdo b943862 (bc7enc v1.08, MIT / public domain; built with MSVC 2022 cl /O2 /openmp, 4-mode CLI, ispc not used); per level: -C -u4 -z1 -g -q -f; own mip chain (Pillow BOX, normals renormalised, padded to 4x4 by edge replication), payloads concatenated into a DX10 DDS (linear format)	DDS (DX10 header), BC7_UNORM, 1024x1024, 11 mips, 2-D
27-game-assets/textures-dds/acg_paving151_normal/acg_paving151_normal.bc7.bc7enc-u4-z2.dds	1398276	0adbbc50483b7d02f9d8d009963715fda908020c0d57dd2dfdad5cdb00085e25	27-game-assets_textures-dds.zip	CC0-1.0	none required (courtesy credit in README)	https://ambientcg.com/get?file=PavingStones151_1K-PNG.zip	PavingStones151_1K-PNG_NormalGL.png sha256:67d902d0396cb823d8aa6eeeabe73d23d022dde44f8575c55bae3726feb5f6e3 (8-bit RGBA work image sha256:da632fd67f7ca04d)	bc7enc_rdo b943862 (bc7enc v1.08, MIT / public domain; built with MSVC 2022 cl /O2 /openmp, 4-mode CLI, ispc not used); per level: -C -u4 -z2 -g -q -f; own mip chain (Pillow BOX, normals renormalised, padded to 4x4 by edge replication), payloads concatenated into a DX10 DDS (linear format)	DDS (DX10 header), BC7_UNORM, 1024x1024, 11 mips, 2-D
27-game-assets/textures-dds/acg_paving151_normal/acg_paving151_normal.bc7.bc7enc-u4.dds	1398276	d18ebb4f4a77f533e603660456a90ca1b65408404006928ecf2370f34062770a	27-game-assets_textures-dds.zip	CC0-1.0	none required (courtesy credit in README)	https://ambientcg.com/get?file=PavingStones151_1K-PNG.zip	PavingStones151_1K-PNG_NormalGL.png sha256:67d902d0396cb823d8aa6eeeabe73d23d022dde44f8575c55bae3726feb5f6e3 (8-bit RGBA work image sha256:da632fd67f7ca04d)	bc7enc_rdo b943862 (bc7enc v1.08, MIT / public domain; built with MSVC 2022 cl /O2 /openmp, 4-mode CLI, ispc not used); per level: -C -u4  -g -q -f; own mip chain (Pillow BOX, normals renormalised, padded to 4x4 by edge replication), payloads concatenated into a DX10 DDS (linear format)	DDS (DX10 header), BC7_UNORM, 1024x1024, 11 mips, 2-D
27-game-assets/textures-dds/acg_paving151_normal/acg_paving151_normal.bc7.texconv.dds	1398276	db891a5c5321e525e68e3284f47daba22aedd22fbb2068b703a0fa70aee1ade6	27-game-assets_textures-dds.zip	CC0-1.0	none required (courtesy credit in README)	https://ambientcg.com/get?file=PavingStones151_1K-PNG.zip	PavingStones151_1K-PNG_NormalGL.png sha256:67d902d0396cb823d8aa6eeeabe73d23d022dde44f8575c55bae3726feb5f6e3 (8-bit RGBA work image sha256:da632fd67f7ca04d)	DirectXTex texconv 2026.5.8.1 (tag may2026, MIT); -nogpu -m 0 -f BC7_UNORM -dx10 -ft dds (texconv's own mip chain and default CPU BC7 codec)	DDS (DX10 header), BC7_UNORM, 1024x1024, 11 mips, 2-D
27-game-assets/textures-dds/acg_paving151_rough/acg_paving151_rough.bc1.bc7enc.dds	699212	36aac4b2d7307e812920a49df2275a6a5f947e4b2f76c430b505836027bc64fd	27-game-assets_textures-dds.zip	CC0-1.0	none required (courtesy credit in README)	https://ambientcg.com/get?file=PavingStones151_1K-PNG.zip	PavingStones151_1K-PNG_Roughness.png sha256:926712bb12daa8c4c84f32488f0f1873496d04ce5fa85ead84816780d4fd5485 (8-bit RGBA work image sha256:ebe16c34a0297193)	bc7enc_rdo b943862 (bc7enc v1.08, MIT / public domain; built with MSVC 2022 cl /O2 /openmp, 4-mode CLI, ispc not used); per level: -1  -g -q -f; own mip chain (Pillow BOX, normals renormalised, padded to 4x4 by edge replication), payloads concatenated into a DX10 DDS (linear format)	DDS (DX10 header), BC1_UNORM, 1024x1024, 11 mips, 2-D
27-game-assets/textures-dds/acg_paving151_rough/acg_paving151_rough.bc4.bc7enc-lowq.dds	699212	20c345ca7e625b5c80a78a9faea0685d11e7a76c43373370907dab50c02eba9c	27-game-assets_textures-dds.zip	CC0-1.0	none required (courtesy credit in README)	https://ambientcg.com/get?file=PavingStones151_1K-PNG.zip	PavingStones151_1K-PNG_Roughness.png sha256:926712bb12daa8c4c84f32488f0f1873496d04ce5fa85ead84816780d4fd5485 (8-bit RGBA work image sha256:ebe16c34a0297193)	bc7enc_rdo b943862 (bc7enc v1.08, MIT / public domain; built with MSVC 2022 cl /O2 /openmp, 4-mode CLI, ispc not used); per level: -4 -hl -g -q -f; own mip chain (Pillow BOX, normals renormalised, padded to 4x4 by edge replication), payloads concatenated into a DX10 DDS (linear format)	DDS (DX10 header), BC4_UNORM, 1024x1024, 11 mips, 2-D
27-game-assets/textures-dds/acg_paving151_rough/acg_paving151_rough.bc4.bc7enc.dds	699212	7a505ff12087ffa61bf795a017ffe64cb7cee673065a33d876446cd503610fef	27-game-assets_textures-dds.zip	CC0-1.0	none required (courtesy credit in README)	https://ambientcg.com/get?file=PavingStones151_1K-PNG.zip	PavingStones151_1K-PNG_Roughness.png sha256:926712bb12daa8c4c84f32488f0f1873496d04ce5fa85ead84816780d4fd5485 (8-bit RGBA work image sha256:ebe16c34a0297193)	bc7enc_rdo b943862 (bc7enc v1.08, MIT / public domain; built with MSVC 2022 cl /O2 /openmp, 4-mode CLI, ispc not used); per level: -4  -g -q -f; own mip chain (Pillow BOX, normals renormalised, padded to 4x4 by edge replication), payloads concatenated into a DX10 DDS (linear format)	DDS (DX10 header), BC4_UNORM, 1024x1024, 11 mips, 2-D
27-game-assets/textures-dds/acg_paving151_rough/acg_paving151_rough.bc4.etcpak.dds	699212	8374224089938310ae0947bf790e4ff7719d9ba79f265ef73ad24f2eaa458c8d	27-game-assets_textures-dds.zip	CC0-1.0	none required (courtesy credit in README)	https://ambientcg.com/get?file=PavingStones151_1K-PNG.zip	PavingStones151_1K-PNG_Roughness.png sha256:926712bb12daa8c4c84f32488f0f1873496d04ce5fa85ead84816780d4fd5485 (8-bit RGBA work image sha256:ebe16c34a0297193)	etcpak 0.9.15 (pip wheel: MIT wrapper over etcpak BSD-3-Clause); etcpak.compress_bc4(RGBA8, w, h) per level; own mip chain (Pillow BOX, padded to 4x4)	DDS (DX10 header), BC4_UNORM, 1024x1024, 11 mips, 2-D
27-game-assets/textures-dds/acg_paving151_rough/acg_paving151_rough.bc4.texconv.dds	699212	9f849afafe0f59225ae270e766f35d19facc3ef03f327abb6d2cf4c1217ee87d	27-game-assets_textures-dds.zip	CC0-1.0	none required (courtesy credit in README)	https://ambientcg.com/get?file=PavingStones151_1K-PNG.zip	PavingStones151_1K-PNG_Roughness.png sha256:926712bb12daa8c4c84f32488f0f1873496d04ce5fa85ead84816780d4fd5485 (8-bit RGBA work image sha256:ebe16c34a0297193)	DirectXTex texconv 2026.5.8.1 (tag may2026, MIT); -nogpu -m 0 -f BC4_UNORM -dx10 -ft dds (texconv's own mip chain and default CPU BC4 codec)	DDS (DX10 header), BC4_UNORM, 1024x1024, 11 mips, 2-D
27-game-assets/textures-dds/acg_paving151_rough/acg_paving151_rough.bc7.bc7enc-u4-e.dds	1398276	180e3725974bf2c27a8644af277a05ed22b3997b2594ff114d07cc14bd3a5b42	27-game-assets_textures-dds.zip	CC0-1.0	none required (courtesy credit in README)	https://ambientcg.com/get?file=PavingStones151_1K-PNG.zip	PavingStones151_1K-PNG_Roughness.png sha256:926712bb12daa8c4c84f32488f0f1873496d04ce5fa85ead84816780d4fd5485 (8-bit RGBA work image sha256:ebe16c34a0297193)	bc7enc_rdo b943862 (bc7enc v1.08, MIT / public domain; built with MSVC 2022 cl /O2 /openmp, 4-mode CLI, ispc not used); per level: -C -u4 -e -g -q -f; own mip chain (Pillow BOX, normals renormalised, padded to 4x4 by edge replication), payloads concatenated into a DX10 DDS (linear format)	DDS (DX10 header), BC7_UNORM, 1024x1024, 11 mips, 2-D
27-game-assets/textures-dds/acg_paving151_rough/acg_paving151_rough.bc7.bc7enc-u4-z1.dds	1398276	f2b769c748f4cc19cec5bb50c2666123ff38fb424b3cf66ee9572ea86a43acdd	27-game-assets_textures-dds.zip	CC0-1.0	none required (courtesy credit in README)	https://ambientcg.com/get?file=PavingStones151_1K-PNG.zip	PavingStones151_1K-PNG_Roughness.png sha256:926712bb12daa8c4c84f32488f0f1873496d04ce5fa85ead84816780d4fd5485 (8-bit RGBA work image sha256:ebe16c34a0297193)	bc7enc_rdo b943862 (bc7enc v1.08, MIT / public domain; built with MSVC 2022 cl /O2 /openmp, 4-mode CLI, ispc not used); per level: -C -u4 -z1 -g -q -f; own mip chain (Pillow BOX, normals renormalised, padded to 4x4 by edge replication), payloads concatenated into a DX10 DDS (linear format)	DDS (DX10 header), BC7_UNORM, 1024x1024, 11 mips, 2-D
27-game-assets/textures-dds/acg_paving151_rough/acg_paving151_rough.bc7.bc7enc-u4.dds	1398276	d77d2e7b2d8842a3e4dbaeebfbbe381da30872c2f9e26743df61e5bbce414e0b	27-game-assets_textures-dds.zip	CC0-1.0	none required (courtesy credit in README)	https://ambientcg.com/get?file=PavingStones151_1K-PNG.zip	PavingStones151_1K-PNG_Roughness.png sha256:926712bb12daa8c4c84f32488f0f1873496d04ce5fa85ead84816780d4fd5485 (8-bit RGBA work image sha256:ebe16c34a0297193)	bc7enc_rdo b943862 (bc7enc v1.08, MIT / public domain; built with MSVC 2022 cl /O2 /openmp, 4-mode CLI, ispc not used); per level: -C -u4  -g -q -f; own mip chain (Pillow BOX, normals renormalised, padded to 4x4 by edge replication), payloads concatenated into a DX10 DDS (linear format)	DDS (DX10 header), BC7_UNORM, 1024x1024, 11 mips, 2-D
27-game-assets/textures-dds/acg_paving151_rough/acg_paving151_rough.bc7.texconv.dds	1398276	4ba8d17baa503b0a19f6ba5db93ac5b36b1553f52d4c8a37ccdcfe9e9006e45b	27-game-assets_textures-dds.zip	CC0-1.0	none required (courtesy credit in README)	https://ambientcg.com/get?file=PavingStones151_1K-PNG.zip	PavingStones151_1K-PNG_Roughness.png sha256:926712bb12daa8c4c84f32488f0f1873496d04ce5fa85ead84816780d4fd5485 (8-bit RGBA work image sha256:ebe16c34a0297193)	DirectXTex texconv 2026.5.8.1 (tag may2026, MIT); -nogpu -m 0 -f BC7_UNORM -dx10 -ft dds (texconv's own mip chain and default CPU BC7 codec)	DDS (DX10 header), BC7_UNORM, 1024x1024, 11 mips, 2-D
27-game-assets/textures-dds/acg_tiles141_color/acg_tiles141_color.bc1.bc7enc.dds	699212	c56d897594b3af222547c6e4e5d72c7e6d86d1f6f78ee2b6286f8a12e7cb1c8d	27-game-assets_textures-dds.zip	CC0-1.0	none required (courtesy credit in README)	https://ambientcg.com/get?file=Tiles141_1K-PNG.zip	Tiles141_1K-PNG_Color.png sha256:5c3817197e0108d6185131e64525c6d53d508ebb71ab804715ef5340578d9fe6 (8-bit RGBA work image sha256:aa61decfbc14001d)	bc7enc_rdo b943862 (bc7enc v1.08, MIT / public domain; built with MSVC 2022 cl /O2 /openmp, 4-mode CLI, ispc not used); per level: -1  -g -q -f; own mip chain (Pillow BOX, normals renormalised, padded to 4x4 by edge replication), payloads concatenated into a DX10 DDS (sRGB format)	DDS (DX10 header), BC1_UNORM_SRGB, 1024x1024, 11 mips, 2-D
27-game-assets/textures-dds/acg_tiles141_color/acg_tiles141_color.bc1.etcpak.dds	699212	d061b765289027f809cc86ab03734699c406e16c5d3dab925b2854e1befdfcf5	27-game-assets_textures-dds.zip	CC0-1.0	none required (courtesy credit in README)	https://ambientcg.com/get?file=Tiles141_1K-PNG.zip	Tiles141_1K-PNG_Color.png sha256:5c3817197e0108d6185131e64525c6d53d508ebb71ab804715ef5340578d9fe6 (8-bit RGBA work image sha256:aa61decfbc14001d)	etcpak 0.9.15 (pip wheel: MIT wrapper over etcpak BSD-3-Clause); etcpak.compress_bc1(RGBA8, w, h) per level; own mip chain (Pillow BOX, padded to 4x4)	DDS (DX10 header), BC1_UNORM_SRGB, 1024x1024, 11 mips, 2-D
27-game-assets/textures-dds/acg_tiles141_color/acg_tiles141_color.bc1.texconv.dds	699212	786c767200a4973ce1012f836e7f9a4c3e632203cb480c053d125a8094ee6e88	27-game-assets_textures-dds.zip	CC0-1.0	none required (courtesy credit in README)	https://ambientcg.com/get?file=Tiles141_1K-PNG.zip	Tiles141_1K-PNG_Color.png sha256:5c3817197e0108d6185131e64525c6d53d508ebb71ab804715ef5340578d9fe6 (8-bit RGBA work image sha256:aa61decfbc14001d)	DirectXTex texconv 2026.5.8.1 (tag may2026, MIT); -nogpu -m 0 -f BC1_UNORM_SRGB -dx10 -ft dds -srgb (texconv's own mip chain and default CPU BC1 codec)	DDS (DX10 header), BC1_UNORM_SRGB, 1024x1024, 11 mips, 2-D
27-game-assets/textures-dds/acg_tiles141_color/acg_tiles141_color.bc3.bc7enc.dds	1398276	370bc945e6989a7806f2dcb923c429624d877bd660a8884e30757552e3be1c18	27-game-assets_textures-dds.zip	CC0-1.0	none required (courtesy credit in README)	https://ambientcg.com/get?file=Tiles141_1K-PNG.zip	Tiles141_1K-PNG_Color.png sha256:5c3817197e0108d6185131e64525c6d53d508ebb71ab804715ef5340578d9fe6 (8-bit RGBA work image sha256:aa61decfbc14001d)	bc7enc_rdo b943862 (bc7enc v1.08, MIT / public domain; built with MSVC 2022 cl /O2 /openmp, 4-mode CLI, ispc not used); per level: -3  -g -q -f; own mip chain (Pillow BOX, normals renormalised, padded to 4x4 by edge replication), payloads concatenated into a DX10 DDS (sRGB format)	DDS (DX10 header), BC3_UNORM_SRGB, 1024x1024, 11 mips, 2-D
27-game-assets/textures-dds/acg_tiles141_color/acg_tiles141_color.bc3.etcpak.dds	1398276	b7869dbc8070a59dc7907c4c0733cf501cb6939993ffd27fb40d0a634f97bc0a	27-game-assets_textures-dds.zip	CC0-1.0	none required (courtesy credit in README)	https://ambientcg.com/get?file=Tiles141_1K-PNG.zip	Tiles141_1K-PNG_Color.png sha256:5c3817197e0108d6185131e64525c6d53d508ebb71ab804715ef5340578d9fe6 (8-bit RGBA work image sha256:aa61decfbc14001d)	etcpak 0.9.15 (pip wheel: MIT wrapper over etcpak BSD-3-Clause); etcpak.compress_bc3(RGBA8, w, h) per level; own mip chain (Pillow BOX, padded to 4x4)	DDS (DX10 header), BC3_UNORM_SRGB, 1024x1024, 11 mips, 2-D
27-game-assets/textures-dds/acg_tiles141_color/acg_tiles141_color.bc3.texconv.dds	1398276	7268f66153695789cb977849820b2a53bf9d84c847feb3217220a8ac2109837e	27-game-assets_textures-dds.zip	CC0-1.0	none required (courtesy credit in README)	https://ambientcg.com/get?file=Tiles141_1K-PNG.zip	Tiles141_1K-PNG_Color.png sha256:5c3817197e0108d6185131e64525c6d53d508ebb71ab804715ef5340578d9fe6 (8-bit RGBA work image sha256:aa61decfbc14001d)	DirectXTex texconv 2026.5.8.1 (tag may2026, MIT); -nogpu -m 0 -f BC3_UNORM_SRGB -dx10 -ft dds -srgb (texconv's own mip chain and default CPU BC3 codec)	DDS (DX10 header), BC3_UNORM_SRGB, 1024x1024, 11 mips, 2-D
27-game-assets/textures-dds/acg_tiles141_color/acg_tiles141_color.bc7.bc7enc-u4-e.dds	1398276	91c57c557bfa4d10cf1ac22317e5b3c3dce57508c9a62852ea79a98f851bfa4f	27-game-assets_textures-dds.zip	CC0-1.0	none required (courtesy credit in README)	https://ambientcg.com/get?file=Tiles141_1K-PNG.zip	Tiles141_1K-PNG_Color.png sha256:5c3817197e0108d6185131e64525c6d53d508ebb71ab804715ef5340578d9fe6 (8-bit RGBA work image sha256:aa61decfbc14001d)	bc7enc_rdo b943862 (bc7enc v1.08, MIT / public domain; built with MSVC 2022 cl /O2 /openmp, 4-mode CLI, ispc not used); per level: -C -u4 -e -g -q -f; own mip chain (Pillow BOX, normals renormalised, padded to 4x4 by edge replication), payloads concatenated into a DX10 DDS (sRGB format)	DDS (DX10 header), BC7_UNORM_SRGB, 1024x1024, 11 mips, 2-D
27-game-assets/textures-dds/acg_tiles141_color/acg_tiles141_color.bc7.bc7enc-u4-z0.5.dds	1398276	e73de080273a8a0d1080de4b5fb3faefd976bb025a088453e45ed6763f88eed2	27-game-assets_textures-dds.zip	CC0-1.0	none required (courtesy credit in README)	https://ambientcg.com/get?file=Tiles141_1K-PNG.zip	Tiles141_1K-PNG_Color.png sha256:5c3817197e0108d6185131e64525c6d53d508ebb71ab804715ef5340578d9fe6 (8-bit RGBA work image sha256:aa61decfbc14001d)	bc7enc_rdo b943862 (bc7enc v1.08, MIT / public domain; built with MSVC 2022 cl /O2 /openmp, 4-mode CLI, ispc not used); per level: -C -u4 -z0.5 -g -q -f; own mip chain (Pillow BOX, normals renormalised, padded to 4x4 by edge replication), payloads concatenated into a DX10 DDS (sRGB format)	DDS (DX10 header), BC7_UNORM_SRGB, 1024x1024, 11 mips, 2-D
27-game-assets/textures-dds/acg_tiles141_color/acg_tiles141_color.bc7.bc7enc-u4-z1.dds	1398276	89af1e7e124984d11a460ac3dfafaa31327ff386c352d99cb7e3028c49bdddaf	27-game-assets_textures-dds.zip	CC0-1.0	none required (courtesy credit in README)	https://ambientcg.com/get?file=Tiles141_1K-PNG.zip	Tiles141_1K-PNG_Color.png sha256:5c3817197e0108d6185131e64525c6d53d508ebb71ab804715ef5340578d9fe6 (8-bit RGBA work image sha256:aa61decfbc14001d)	bc7enc_rdo b943862 (bc7enc v1.08, MIT / public domain; built with MSVC 2022 cl /O2 /openmp, 4-mode CLI, ispc not used); per level: -C -u4 -z1 -g -q -f; own mip chain (Pillow BOX, normals renormalised, padded to 4x4 by edge replication), payloads concatenated into a DX10 DDS (sRGB format)	DDS (DX10 header), BC7_UNORM_SRGB, 1024x1024, 11 mips, 2-D
27-game-assets/textures-dds/acg_tiles141_color/acg_tiles141_color.bc7.bc7enc-u4-z2.dds	1398276	7b3ba3a6a3fc3c9434d7217a5788a18708863b7174226d7eed1bc2c9e759226a	27-game-assets_textures-dds.zip	CC0-1.0	none required (courtesy credit in README)	https://ambientcg.com/get?file=Tiles141_1K-PNG.zip	Tiles141_1K-PNG_Color.png sha256:5c3817197e0108d6185131e64525c6d53d508ebb71ab804715ef5340578d9fe6 (8-bit RGBA work image sha256:aa61decfbc14001d)	bc7enc_rdo b943862 (bc7enc v1.08, MIT / public domain; built with MSVC 2022 cl /O2 /openmp, 4-mode CLI, ispc not used); per level: -C -u4 -z2 -g -q -f; own mip chain (Pillow BOX, normals renormalised, padded to 4x4 by edge replication), payloads concatenated into a DX10 DDS (sRGB format)	DDS (DX10 header), BC7_UNORM_SRGB, 1024x1024, 11 mips, 2-D
27-game-assets/textures-dds/acg_tiles141_color/acg_tiles141_color.bc7.bc7enc-u4.dds	1398276	a27f640d87c6ac545320e5ae32f924168d3cc6692b2526357745e18c70b10d9d	27-game-assets_textures-dds.zip	CC0-1.0	none required (courtesy credit in README)	https://ambientcg.com/get?file=Tiles141_1K-PNG.zip	Tiles141_1K-PNG_Color.png sha256:5c3817197e0108d6185131e64525c6d53d508ebb71ab804715ef5340578d9fe6 (8-bit RGBA work image sha256:aa61decfbc14001d)	bc7enc_rdo b943862 (bc7enc v1.08, MIT / public domain; built with MSVC 2022 cl /O2 /openmp, 4-mode CLI, ispc not used); per level: -C -u4  -g -q -f; own mip chain (Pillow BOX, normals renormalised, padded to 4x4 by edge replication), payloads concatenated into a DX10 DDS (sRGB format)	DDS (DX10 header), BC7_UNORM_SRGB, 1024x1024, 11 mips, 2-D
27-game-assets/textures-dds/acg_tiles141_color/acg_tiles141_color.bc7.texconv.dds	1398276	4571c47bc82c964269a1d35db5159dbdc825cbe8e3702b23d98348030d30da55	27-game-assets_textures-dds.zip	CC0-1.0	none required (courtesy credit in README)	https://ambientcg.com/get?file=Tiles141_1K-PNG.zip	Tiles141_1K-PNG_Color.png sha256:5c3817197e0108d6185131e64525c6d53d508ebb71ab804715ef5340578d9fe6 (8-bit RGBA work image sha256:aa61decfbc14001d)	DirectXTex texconv 2026.5.8.1 (tag may2026, MIT); -nogpu -m 0 -f BC7_UNORM_SRGB -dx10 -ft dds -srgb (texconv's own mip chain and default CPU BC7 codec)	DDS (DX10 header), BC7_UNORM_SRGB, 1024x1024, 11 mips, 2-D
27-game-assets/textures-dds/acg_tiles141_disp/acg_tiles141_disp.bc1.bc7enc.dds	699212	2b527bf937112290c52b07c6290b97e864b5144d54df9573c2f9e83e7f282a6f	27-game-assets_textures-dds.zip	CC0-1.0	none required (courtesy credit in README)	https://ambientcg.com/get?file=Tiles141_1K-PNG.zip	Tiles141_1K-PNG_Displacement.png sha256:bde430e57f6d170efbc2e2975b06678b35a31bab2fd990fb7728bdfbdacbcfa1 (8-bit RGBA work image sha256:cb8bd59b005ccd39)	bc7enc_rdo b943862 (bc7enc v1.08, MIT / public domain; built with MSVC 2022 cl /O2 /openmp, 4-mode CLI, ispc not used); per level: -1  -g -q -f; own mip chain (Pillow BOX, normals renormalised, padded to 4x4 by edge replication), payloads concatenated into a DX10 DDS (linear format)	DDS (DX10 header), BC1_UNORM, 1024x1024, 11 mips, 2-D
27-game-assets/textures-dds/acg_tiles141_disp/acg_tiles141_disp.bc4.bc7enc-lowq.dds	699212	08621444a62623e3b7b3dd78fd0be05495fbadf2b994dfe99d7f9aa11fc0f74e	27-game-assets_textures-dds.zip	CC0-1.0	none required (courtesy credit in README)	https://ambientcg.com/get?file=Tiles141_1K-PNG.zip	Tiles141_1K-PNG_Displacement.png sha256:bde430e57f6d170efbc2e2975b06678b35a31bab2fd990fb7728bdfbdacbcfa1 (8-bit RGBA work image sha256:cb8bd59b005ccd39)	bc7enc_rdo b943862 (bc7enc v1.08, MIT / public domain; built with MSVC 2022 cl /O2 /openmp, 4-mode CLI, ispc not used); per level: -4 -hl -g -q -f; own mip chain (Pillow BOX, normals renormalised, padded to 4x4 by edge replication), payloads concatenated into a DX10 DDS (linear format)	DDS (DX10 header), BC4_UNORM, 1024x1024, 11 mips, 2-D
27-game-assets/textures-dds/acg_tiles141_disp/acg_tiles141_disp.bc4.bc7enc.dds	699212	405f3650799925a7247ffc09a7fa69d95854dac0ffcec74282cf907b639bfa83	27-game-assets_textures-dds.zip	CC0-1.0	none required (courtesy credit in README)	https://ambientcg.com/get?file=Tiles141_1K-PNG.zip	Tiles141_1K-PNG_Displacement.png sha256:bde430e57f6d170efbc2e2975b06678b35a31bab2fd990fb7728bdfbdacbcfa1 (8-bit RGBA work image sha256:cb8bd59b005ccd39)	bc7enc_rdo b943862 (bc7enc v1.08, MIT / public domain; built with MSVC 2022 cl /O2 /openmp, 4-mode CLI, ispc not used); per level: -4  -g -q -f; own mip chain (Pillow BOX, normals renormalised, padded to 4x4 by edge replication), payloads concatenated into a DX10 DDS (linear format)	DDS (DX10 header), BC4_UNORM, 1024x1024, 11 mips, 2-D
27-game-assets/textures-dds/acg_tiles141_disp/acg_tiles141_disp.bc4.etcpak.dds	699212	179fc0c731619fde1c6de98a75f689c2405b04425093281456e9606f206ff35f	27-game-assets_textures-dds.zip	CC0-1.0	none required (courtesy credit in README)	https://ambientcg.com/get?file=Tiles141_1K-PNG.zip	Tiles141_1K-PNG_Displacement.png sha256:bde430e57f6d170efbc2e2975b06678b35a31bab2fd990fb7728bdfbdacbcfa1 (8-bit RGBA work image sha256:cb8bd59b005ccd39)	etcpak 0.9.15 (pip wheel: MIT wrapper over etcpak BSD-3-Clause); etcpak.compress_bc4(RGBA8, w, h) per level; own mip chain (Pillow BOX, padded to 4x4)	DDS (DX10 header), BC4_UNORM, 1024x1024, 11 mips, 2-D
27-game-assets/textures-dds/acg_tiles141_disp/acg_tiles141_disp.bc4.texconv.dds	699212	4f127843bef37ce741c5f3a9de9e7a418fc4dfd3cace58702d402347e14d55fe	27-game-assets_textures-dds.zip	CC0-1.0	none required (courtesy credit in README)	https://ambientcg.com/get?file=Tiles141_1K-PNG.zip	Tiles141_1K-PNG_Displacement.png sha256:bde430e57f6d170efbc2e2975b06678b35a31bab2fd990fb7728bdfbdacbcfa1 (8-bit RGBA work image sha256:cb8bd59b005ccd39)	DirectXTex texconv 2026.5.8.1 (tag may2026, MIT); -nogpu -m 0 -f BC4_UNORM -dx10 -ft dds (texconv's own mip chain and default CPU BC4 codec)	DDS (DX10 header), BC4_UNORM, 1024x1024, 11 mips, 2-D
27-game-assets/textures-dds/acg_tiles141_disp/acg_tiles141_disp.bc7.bc7enc-u4-e.dds	1398276	980a0848a10298a9e8524f0f91f5b8338eec82b4cb4760e609f24d56f2710200	27-game-assets_textures-dds.zip	CC0-1.0	none required (courtesy credit in README)	https://ambientcg.com/get?file=Tiles141_1K-PNG.zip	Tiles141_1K-PNG_Displacement.png sha256:bde430e57f6d170efbc2e2975b06678b35a31bab2fd990fb7728bdfbdacbcfa1 (8-bit RGBA work image sha256:cb8bd59b005ccd39)	bc7enc_rdo b943862 (bc7enc v1.08, MIT / public domain; built with MSVC 2022 cl /O2 /openmp, 4-mode CLI, ispc not used); per level: -C -u4 -e -g -q -f; own mip chain (Pillow BOX, normals renormalised, padded to 4x4 by edge replication), payloads concatenated into a DX10 DDS (linear format)	DDS (DX10 header), BC7_UNORM, 1024x1024, 11 mips, 2-D
27-game-assets/textures-dds/acg_tiles141_disp/acg_tiles141_disp.bc7.bc7enc-u4-z1.dds	1398276	bfd32c8f2d735dda480a3e6253c3b617d0a51cde1eb21df8d8b6f06f61c98d2a	27-game-assets_textures-dds.zip	CC0-1.0	none required (courtesy credit in README)	https://ambientcg.com/get?file=Tiles141_1K-PNG.zip	Tiles141_1K-PNG_Displacement.png sha256:bde430e57f6d170efbc2e2975b06678b35a31bab2fd990fb7728bdfbdacbcfa1 (8-bit RGBA work image sha256:cb8bd59b005ccd39)	bc7enc_rdo b943862 (bc7enc v1.08, MIT / public domain; built with MSVC 2022 cl /O2 /openmp, 4-mode CLI, ispc not used); per level: -C -u4 -z1 -g -q -f; own mip chain (Pillow BOX, normals renormalised, padded to 4x4 by edge replication), payloads concatenated into a DX10 DDS (linear format)	DDS (DX10 header), BC7_UNORM, 1024x1024, 11 mips, 2-D
27-game-assets/textures-dds/acg_tiles141_disp/acg_tiles141_disp.bc7.bc7enc-u4.dds	1398276	e273c3e66bd7d17c6db0f7a7b04cdc11217e9c15a0377c16fa314ecf934ba17b	27-game-assets_textures-dds.zip	CC0-1.0	none required (courtesy credit in README)	https://ambientcg.com/get?file=Tiles141_1K-PNG.zip	Tiles141_1K-PNG_Displacement.png sha256:bde430e57f6d170efbc2e2975b06678b35a31bab2fd990fb7728bdfbdacbcfa1 (8-bit RGBA work image sha256:cb8bd59b005ccd39)	bc7enc_rdo b943862 (bc7enc v1.08, MIT / public domain; built with MSVC 2022 cl /O2 /openmp, 4-mode CLI, ispc not used); per level: -C -u4  -g -q -f; own mip chain (Pillow BOX, normals renormalised, padded to 4x4 by edge replication), payloads concatenated into a DX10 DDS (linear format)	DDS (DX10 header), BC7_UNORM, 1024x1024, 11 mips, 2-D
27-game-assets/textures-dds/acg_tiles141_disp/acg_tiles141_disp.bc7.texconv.dds	1398276	5da59032153496b9e2dccea6fd64c00f5bf1105b7e97c74added83e106dfe971	27-game-assets_textures-dds.zip	CC0-1.0	none required (courtesy credit in README)	https://ambientcg.com/get?file=Tiles141_1K-PNG.zip	Tiles141_1K-PNG_Displacement.png sha256:bde430e57f6d170efbc2e2975b06678b35a31bab2fd990fb7728bdfbdacbcfa1 (8-bit RGBA work image sha256:cb8bd59b005ccd39)	DirectXTex texconv 2026.5.8.1 (tag may2026, MIT); -nogpu -m 0 -f BC7_UNORM -dx10 -ft dds (texconv's own mip chain and default CPU BC7 codec)	DDS (DX10 header), BC7_UNORM, 1024x1024, 11 mips, 2-D
27-game-assets/textures-dds/acg_tiles141_normal/acg_tiles141_normal.bc1.bc7enc.dds	699212	67b02472126645266e028442f54bbf40ce9f41f4122f20e97ef29f8ecdaa613c	27-game-assets_textures-dds.zip	CC0-1.0	none required (courtesy credit in README)	https://ambientcg.com/get?file=Tiles141_1K-PNG.zip	Tiles141_1K-PNG_NormalGL.png sha256:c65d473bbbc907f99cd9ec3d48d2dbafe7e1b368f65c7abd5c8877058083d5f8 (8-bit RGBA work image sha256:665e9524001a4909)	bc7enc_rdo b943862 (bc7enc v1.08, MIT / public domain; built with MSVC 2022 cl /O2 /openmp, 4-mode CLI, ispc not used); per level: -1  -g -q -f; own mip chain (Pillow BOX, normals renormalised, padded to 4x4 by edge replication), payloads concatenated into a DX10 DDS (linear format)	DDS (DX10 header), BC1_UNORM, 1024x1024, 11 mips, 2-D
27-game-assets/textures-dds/acg_tiles141_normal/acg_tiles141_normal.bc1.texconv.dds	699212	816aa4c5ec782a565c7d8f7f7d0d91ffbd76cedd212821f5f84ce479b22770c7	27-game-assets_textures-dds.zip	CC0-1.0	none required (courtesy credit in README)	https://ambientcg.com/get?file=Tiles141_1K-PNG.zip	Tiles141_1K-PNG_NormalGL.png sha256:c65d473bbbc907f99cd9ec3d48d2dbafe7e1b368f65c7abd5c8877058083d5f8 (8-bit RGBA work image sha256:665e9524001a4909)	DirectXTex texconv 2026.5.8.1 (tag may2026, MIT); -nogpu -m 0 -f BC1_UNORM -dx10 -ft dds (texconv's own mip chain and default CPU BC1 codec)	DDS (DX10 header), BC1_UNORM, 1024x1024, 11 mips, 2-D
27-game-assets/textures-dds/acg_tiles141_normal/acg_tiles141_normal.bc5.bc7enc.dds	1398276	b7d53e07aea747771eafc83fcfb5c1c7ed8c6076107e0d7f41d3f58290f85332	27-game-assets_textures-dds.zip	CC0-1.0	none required (courtesy credit in README)	https://ambientcg.com/get?file=Tiles141_1K-PNG.zip	Tiles141_1K-PNG_NormalGL.png sha256:c65d473bbbc907f99cd9ec3d48d2dbafe7e1b368f65c7abd5c8877058083d5f8 (8-bit RGBA work image sha256:665e9524001a4909)	bc7enc_rdo b943862 (bc7enc v1.08, MIT / public domain; built with MSVC 2022 cl /O2 /openmp, 4-mode CLI, ispc not used); per level: -5  -g -q -f; own mip chain (Pillow BOX, normals renormalised, padded to 4x4 by edge replication), payloads concatenated into a DX10 DDS (linear format)	DDS (DX10 header), BC5_UNORM, 1024x1024, 11 mips, 2-D
27-game-assets/textures-dds/acg_tiles141_normal/acg_tiles141_normal.bc5.etcpak.dds	1398276	b154c32e45d55d2be389ec20b859630c1c8b9bf9aa2d5cba19740b73232ec077	27-game-assets_textures-dds.zip	CC0-1.0	none required (courtesy credit in README)	https://ambientcg.com/get?file=Tiles141_1K-PNG.zip	Tiles141_1K-PNG_NormalGL.png sha256:c65d473bbbc907f99cd9ec3d48d2dbafe7e1b368f65c7abd5c8877058083d5f8 (8-bit RGBA work image sha256:665e9524001a4909)	etcpak 0.9.15 (pip wheel: MIT wrapper over etcpak BSD-3-Clause); etcpak.compress_bc5(RGBA8, w, h) per level; own mip chain (Pillow BOX, padded to 4x4)	DDS (DX10 header), BC5_UNORM, 1024x1024, 11 mips, 2-D
27-game-assets/textures-dds/acg_tiles141_normal/acg_tiles141_normal.bc5.texconv.dds	1398276	f2b091977350a792a916c54b272118357312d4718beac66fa154d78b92d08d96	27-game-assets_textures-dds.zip	CC0-1.0	none required (courtesy credit in README)	https://ambientcg.com/get?file=Tiles141_1K-PNG.zip	Tiles141_1K-PNG_NormalGL.png sha256:c65d473bbbc907f99cd9ec3d48d2dbafe7e1b368f65c7abd5c8877058083d5f8 (8-bit RGBA work image sha256:665e9524001a4909)	DirectXTex texconv 2026.5.8.1 (tag may2026, MIT); -nogpu -m 0 -f BC5_UNORM -dx10 -ft dds (texconv's own mip chain and default CPU BC5 codec)	DDS (DX10 header), BC5_UNORM, 1024x1024, 11 mips, 2-D
27-game-assets/textures-dds/acg_tiles141_normal/acg_tiles141_normal.bc7.bc7enc-u4-e.dds	1398276	a7dcf3fc43bcecab12d97dcb160165916a58cc9c0c6e3b96adc98341d3a93e8f	27-game-assets_textures-dds.zip	CC0-1.0	none required (courtesy credit in README)	https://ambientcg.com/get?file=Tiles141_1K-PNG.zip	Tiles141_1K-PNG_NormalGL.png sha256:c65d473bbbc907f99cd9ec3d48d2dbafe7e1b368f65c7abd5c8877058083d5f8 (8-bit RGBA work image sha256:665e9524001a4909)	bc7enc_rdo b943862 (bc7enc v1.08, MIT / public domain; built with MSVC 2022 cl /O2 /openmp, 4-mode CLI, ispc not used); per level: -C -u4 -e -g -q -f; own mip chain (Pillow BOX, normals renormalised, padded to 4x4 by edge replication), payloads concatenated into a DX10 DDS (linear format)	DDS (DX10 header), BC7_UNORM, 1024x1024, 11 mips, 2-D
27-game-assets/textures-dds/acg_tiles141_normal/acg_tiles141_normal.bc7.bc7enc-u4-z1.dds	1398276	b056b71c95d3eae3f7cc84efefde9fa9bbe2c33b29560b68ccfb249e2484f0ac	27-game-assets_textures-dds.zip	CC0-1.0	none required (courtesy credit in README)	https://ambientcg.com/get?file=Tiles141_1K-PNG.zip	Tiles141_1K-PNG_NormalGL.png sha256:c65d473bbbc907f99cd9ec3d48d2dbafe7e1b368f65c7abd5c8877058083d5f8 (8-bit RGBA work image sha256:665e9524001a4909)	bc7enc_rdo b943862 (bc7enc v1.08, MIT / public domain; built with MSVC 2022 cl /O2 /openmp, 4-mode CLI, ispc not used); per level: -C -u4 -z1 -g -q -f; own mip chain (Pillow BOX, normals renormalised, padded to 4x4 by edge replication), payloads concatenated into a DX10 DDS (linear format)	DDS (DX10 header), BC7_UNORM, 1024x1024, 11 mips, 2-D
27-game-assets/textures-dds/acg_tiles141_normal/acg_tiles141_normal.bc7.bc7enc-u4-z2.dds	1398276	f67e9b1b741778867a6ec580cfc1dffb50dd0f7de68962288194f4ea7834e296	27-game-assets_textures-dds.zip	CC0-1.0	none required (courtesy credit in README)	https://ambientcg.com/get?file=Tiles141_1K-PNG.zip	Tiles141_1K-PNG_NormalGL.png sha256:c65d473bbbc907f99cd9ec3d48d2dbafe7e1b368f65c7abd5c8877058083d5f8 (8-bit RGBA work image sha256:665e9524001a4909)	bc7enc_rdo b943862 (bc7enc v1.08, MIT / public domain; built with MSVC 2022 cl /O2 /openmp, 4-mode CLI, ispc not used); per level: -C -u4 -z2 -g -q -f; own mip chain (Pillow BOX, normals renormalised, padded to 4x4 by edge replication), payloads concatenated into a DX10 DDS (linear format)	DDS (DX10 header), BC7_UNORM, 1024x1024, 11 mips, 2-D
27-game-assets/textures-dds/acg_tiles141_normal/acg_tiles141_normal.bc7.bc7enc-u4.dds	1398276	c03dff889a5f3a93020725fb401c99c55d640878526d360594cfceb0d6d268e8	27-game-assets_textures-dds.zip	CC0-1.0	none required (courtesy credit in README)	https://ambientcg.com/get?file=Tiles141_1K-PNG.zip	Tiles141_1K-PNG_NormalGL.png sha256:c65d473bbbc907f99cd9ec3d48d2dbafe7e1b368f65c7abd5c8877058083d5f8 (8-bit RGBA work image sha256:665e9524001a4909)	bc7enc_rdo b943862 (bc7enc v1.08, MIT / public domain; built with MSVC 2022 cl /O2 /openmp, 4-mode CLI, ispc not used); per level: -C -u4  -g -q -f; own mip chain (Pillow BOX, normals renormalised, padded to 4x4 by edge replication), payloads concatenated into a DX10 DDS (linear format)	DDS (DX10 header), BC7_UNORM, 1024x1024, 11 mips, 2-D
27-game-assets/textures-dds/acg_tiles141_normal/acg_tiles141_normal.bc7.texconv.dds	1398276	27f1681930ccb28308bdcac9ea361ae7adcb917c888cb1635eea3e6d313bb7eb	27-game-assets_textures-dds.zip	CC0-1.0	none required (courtesy credit in README)	https://ambientcg.com/get?file=Tiles141_1K-PNG.zip	Tiles141_1K-PNG_NormalGL.png sha256:c65d473bbbc907f99cd9ec3d48d2dbafe7e1b368f65c7abd5c8877058083d5f8 (8-bit RGBA work image sha256:665e9524001a4909)	DirectXTex texconv 2026.5.8.1 (tag may2026, MIT); -nogpu -m 0 -f BC7_UNORM -dx10 -ft dds (texconv's own mip chain and default CPU BC7 codec)	DDS (DX10 header), BC7_UNORM, 1024x1024, 11 mips, 2-D
27-game-assets/textures-dds/acg_tiles141_rough/acg_tiles141_rough.bc1.bc7enc.dds	699212	30f59fdf9c5ba8f5e8c194563b735a4f35a526806163ea9a76215eb5d3f9ccf5	27-game-assets_textures-dds.zip	CC0-1.0	none required (courtesy credit in README)	https://ambientcg.com/get?file=Tiles141_1K-PNG.zip	Tiles141_1K-PNG_Roughness.png sha256:fe1eb0ad17d6e6168e292298079fb7d48d45a47713ef1b9a92feaf5724d75eab (8-bit RGBA work image sha256:f37edb71b4af4f0d)	bc7enc_rdo b943862 (bc7enc v1.08, MIT / public domain; built with MSVC 2022 cl /O2 /openmp, 4-mode CLI, ispc not used); per level: -1  -g -q -f; own mip chain (Pillow BOX, normals renormalised, padded to 4x4 by edge replication), payloads concatenated into a DX10 DDS (linear format)	DDS (DX10 header), BC1_UNORM, 1024x1024, 11 mips, 2-D
27-game-assets/textures-dds/acg_tiles141_rough/acg_tiles141_rough.bc4.bc7enc-lowq.dds	699212	aac5a29bf9289343ec54888338fb1b8b4bea82e0139183a7841202ce71ba74b7	27-game-assets_textures-dds.zip	CC0-1.0	none required (courtesy credit in README)	https://ambientcg.com/get?file=Tiles141_1K-PNG.zip	Tiles141_1K-PNG_Roughness.png sha256:fe1eb0ad17d6e6168e292298079fb7d48d45a47713ef1b9a92feaf5724d75eab (8-bit RGBA work image sha256:f37edb71b4af4f0d)	bc7enc_rdo b943862 (bc7enc v1.08, MIT / public domain; built with MSVC 2022 cl /O2 /openmp, 4-mode CLI, ispc not used); per level: -4 -hl -g -q -f; own mip chain (Pillow BOX, normals renormalised, padded to 4x4 by edge replication), payloads concatenated into a DX10 DDS (linear format)	DDS (DX10 header), BC4_UNORM, 1024x1024, 11 mips, 2-D
27-game-assets/textures-dds/acg_tiles141_rough/acg_tiles141_rough.bc4.bc7enc.dds	699212	bca011c1618d7021b93b4ea6d7f6d7cb1febda582e66b57645c40d2cd6dc36eb	27-game-assets_textures-dds.zip	CC0-1.0	none required (courtesy credit in README)	https://ambientcg.com/get?file=Tiles141_1K-PNG.zip	Tiles141_1K-PNG_Roughness.png sha256:fe1eb0ad17d6e6168e292298079fb7d48d45a47713ef1b9a92feaf5724d75eab (8-bit RGBA work image sha256:f37edb71b4af4f0d)	bc7enc_rdo b943862 (bc7enc v1.08, MIT / public domain; built with MSVC 2022 cl /O2 /openmp, 4-mode CLI, ispc not used); per level: -4  -g -q -f; own mip chain (Pillow BOX, normals renormalised, padded to 4x4 by edge replication), payloads concatenated into a DX10 DDS (linear format)	DDS (DX10 header), BC4_UNORM, 1024x1024, 11 mips, 2-D
27-game-assets/textures-dds/acg_tiles141_rough/acg_tiles141_rough.bc4.etcpak.dds	699212	87a8b652bd20178e202a34d61ec45f7d04c65c33d1224e115c7259cde888928c	27-game-assets_textures-dds.zip	CC0-1.0	none required (courtesy credit in README)	https://ambientcg.com/get?file=Tiles141_1K-PNG.zip	Tiles141_1K-PNG_Roughness.png sha256:fe1eb0ad17d6e6168e292298079fb7d48d45a47713ef1b9a92feaf5724d75eab (8-bit RGBA work image sha256:f37edb71b4af4f0d)	etcpak 0.9.15 (pip wheel: MIT wrapper over etcpak BSD-3-Clause); etcpak.compress_bc4(RGBA8, w, h) per level; own mip chain (Pillow BOX, padded to 4x4)	DDS (DX10 header), BC4_UNORM, 1024x1024, 11 mips, 2-D
27-game-assets/textures-dds/acg_tiles141_rough/acg_tiles141_rough.bc4.texconv.dds	699212	d8492699ac311e89cbf58bb208abcf69d158006c9cf1052bd39c044775d884b7	27-game-assets_textures-dds.zip	CC0-1.0	none required (courtesy credit in README)	https://ambientcg.com/get?file=Tiles141_1K-PNG.zip	Tiles141_1K-PNG_Roughness.png sha256:fe1eb0ad17d6e6168e292298079fb7d48d45a47713ef1b9a92feaf5724d75eab (8-bit RGBA work image sha256:f37edb71b4af4f0d)	DirectXTex texconv 2026.5.8.1 (tag may2026, MIT); -nogpu -m 0 -f BC4_UNORM -dx10 -ft dds (texconv's own mip chain and default CPU BC4 codec)	DDS (DX10 header), BC4_UNORM, 1024x1024, 11 mips, 2-D
27-game-assets/textures-dds/acg_tiles141_rough/acg_tiles141_rough.bc7.bc7enc-u4-e.dds	1398276	a5b587498a72e729f075d8c7d3f061e3594f8d08c8b1c781df27f5496f7887de	27-game-assets_textures-dds.zip	CC0-1.0	none required (courtesy credit in README)	https://ambientcg.com/get?file=Tiles141_1K-PNG.zip	Tiles141_1K-PNG_Roughness.png sha256:fe1eb0ad17d6e6168e292298079fb7d48d45a47713ef1b9a92feaf5724d75eab (8-bit RGBA work image sha256:f37edb71b4af4f0d)	bc7enc_rdo b943862 (bc7enc v1.08, MIT / public domain; built with MSVC 2022 cl /O2 /openmp, 4-mode CLI, ispc not used); per level: -C -u4 -e -g -q -f; own mip chain (Pillow BOX, normals renormalised, padded to 4x4 by edge replication), payloads concatenated into a DX10 DDS (linear format)	DDS (DX10 header), BC7_UNORM, 1024x1024, 11 mips, 2-D
27-game-assets/textures-dds/acg_tiles141_rough/acg_tiles141_rough.bc7.bc7enc-u4-z1.dds	1398276	595e1c79cf88c41b2527a5dbc8f5cd341aa8e7e6c382a6ee30b4249280e8bb4b	27-game-assets_textures-dds.zip	CC0-1.0	none required (courtesy credit in README)	https://ambientcg.com/get?file=Tiles141_1K-PNG.zip	Tiles141_1K-PNG_Roughness.png sha256:fe1eb0ad17d6e6168e292298079fb7d48d45a47713ef1b9a92feaf5724d75eab (8-bit RGBA work image sha256:f37edb71b4af4f0d)	bc7enc_rdo b943862 (bc7enc v1.08, MIT / public domain; built with MSVC 2022 cl /O2 /openmp, 4-mode CLI, ispc not used); per level: -C -u4 -z1 -g -q -f; own mip chain (Pillow BOX, normals renormalised, padded to 4x4 by edge replication), payloads concatenated into a DX10 DDS (linear format)	DDS (DX10 header), BC7_UNORM, 1024x1024, 11 mips, 2-D
27-game-assets/textures-dds/acg_tiles141_rough/acg_tiles141_rough.bc7.bc7enc-u4.dds	1398276	b82189d52419bb84d2f3c9f0b341558e45d6f4b3a9eb501d1e8f4de5965da6d2	27-game-assets_textures-dds.zip	CC0-1.0	none required (courtesy credit in README)	https://ambientcg.com/get?file=Tiles141_1K-PNG.zip	Tiles141_1K-PNG_Roughness.png sha256:fe1eb0ad17d6e6168e292298079fb7d48d45a47713ef1b9a92feaf5724d75eab (8-bit RGBA work image sha256:f37edb71b4af4f0d)	bc7enc_rdo b943862 (bc7enc v1.08, MIT / public domain; built with MSVC 2022 cl /O2 /openmp, 4-mode CLI, ispc not used); per level: -C -u4  -g -q -f; own mip chain (Pillow BOX, normals renormalised, padded to 4x4 by edge replication), payloads concatenated into a DX10 DDS (linear format)	DDS (DX10 header), BC7_UNORM, 1024x1024, 11 mips, 2-D
27-game-assets/textures-dds/acg_tiles141_rough/acg_tiles141_rough.bc7.texconv.dds	1398276	11992027632219e7c2c9901eaa6c226c931793c1cabce36bd214b4eb9d8e3282	27-game-assets_textures-dds.zip	CC0-1.0	none required (courtesy credit in README)	https://ambientcg.com/get?file=Tiles141_1K-PNG.zip	Tiles141_1K-PNG_Roughness.png sha256:fe1eb0ad17d6e6168e292298079fb7d48d45a47713ef1b9a92feaf5724d75eab (8-bit RGBA work image sha256:f37edb71b4af4f0d)	DirectXTex texconv 2026.5.8.1 (tag may2026, MIT); -nogpu -m 0 -f BC7_UNORM -dx10 -ft dds (texconv's own mip chain and default CPU BC7 codec)	DDS (DX10 header), BC7_UNORM, 1024x1024, 11 mips, 2-D
27-game-assets/textures-dds/containers/array4.bc1.texassemble-texconv.dds	2796404	d2e82518f37166d33bb1af02f9d4dcd9bc5502e33fc3b33303fba5cba41fd685	27-game-assets_textures-dds.zip	CC0-1.0	none required (courtesy credit in README)	https://polyhaven.com/license ; https://docs.ambientcg.com/license/	4 slices 1024x1024: ph brick/wood/leather/metal diffuse 1k (sources: brick_wall_005_Diffuse_1k.png 2523a2c48e97ed9bfddb0f977b693afe7aa675da8c7a43ae77e8237e14ec7725; wood_planks_grey_Diffuse_1k.png 3e6aeb842edd813759fdc96a6ffe6b695c888280f42501de589442311749ac5d; brown_leather_Diffuse_1k.png 24f8bf54ee3b436f3077eacefb710ab77f62772fb75c5298e862854b597cd664; blue_metal_plate_Diffuse_1k.png 90eaf269bbfb5a9b456bd414f6d270bb3eabb086ff326b5931f435d985e1a162)	DirectXTex texassemble 2026.5.8.1 (MIT) then DirectXTex texconv 2026.5.8.1 (tag may2026, MIT): texassemble array -f R8G8B8A8_UNORM_SRGB -srgb -dx10 (uncompressed, 1 mip), then texconv -nogpu -m 0 -f BC1_UNORM_SRGB -dx10 (mips + BC1 CPU codec)	DDS (DX10 header), BC1_UNORM_SRGB, 1024x1024, 11 mips, 2-D array 4
27-game-assets/textures-dds/containers/array4.bc7.texassemble-texconv.dds	5592660	acae5ce5d1eb52bd913ff4c11977e8c571f59de9e8588cc8d5c8c705bd9dde9c	27-game-assets_textures-dds.zip	CC0-1.0	none required (courtesy credit in README)	https://polyhaven.com/license ; https://docs.ambientcg.com/license/	4 slices 1024x1024: ph brick/wood/leather/metal diffuse 1k (sources: brick_wall_005_Diffuse_1k.png 2523a2c48e97ed9bfddb0f977b693afe7aa675da8c7a43ae77e8237e14ec7725; wood_planks_grey_Diffuse_1k.png 3e6aeb842edd813759fdc96a6ffe6b695c888280f42501de589442311749ac5d; brown_leather_Diffuse_1k.png 24f8bf54ee3b436f3077eacefb710ab77f62772fb75c5298e862854b597cd664; blue_metal_plate_Diffuse_1k.png 90eaf269bbfb5a9b456bd414f6d270bb3eabb086ff326b5931f435d985e1a162)	DirectXTex texassemble 2026.5.8.1 (MIT) then DirectXTex texconv 2026.5.8.1 (tag may2026, MIT): texassemble array -f R8G8B8A8_UNORM_SRGB -srgb -dx10 (uncompressed, 1 mip), then texconv -nogpu -m 0 -f BC7_UNORM_SRGB -dx10 (mips + BC7 CPU codec)	DDS (DX10 header), BC7_UNORM_SRGB, 1024x1024, 11 mips, 2-D array 4
27-game-assets/textures-dds/containers/cube6.bc1.texassemble-texconv.dds	1048804	8a1fd3ee57ed7ebc05531652ac90bdbfc8a9d6ccfe06c6321021eff3fb728967	27-game-assets_textures-dds.zip	CC0-1.0	none required (courtesy credit in README)	https://polyhaven.com/license ; https://docs.ambientcg.com/license/	6 faces 512x512: ph_brick/wood/leather/metal/rock diffuse 1k + acg Tiles141 colour, box-downsampled (sources: brick_wall_005_Diffuse_1k.png 2523a2c48e97ed9bfddb0f977b693afe7aa675da8c7a43ae77e8237e14ec7725; wood_planks_grey_Diffuse_1k.png 3e6aeb842edd813759fdc96a6ffe6b695c888280f42501de589442311749ac5d; brown_leather_Diffuse_1k.png 24f8bf54ee3b436f3077eacefb710ab77f62772fb75c5298e862854b597cd664; blue_metal_plate_Diffuse_1k.png 90eaf269bbfb5a9b456bd414f6d270bb3eabb086ff326b5931f435d985e1a162; rock_boulder_cracked_Diffuse_1k.png cb57c59ea319668148fb65e47eae114c9d9d8a81c5fcb877818a94743447f863; Tiles141_1K-PNG_Color.png 5c3817197e0108d6185131e64525c6d53d508ebb71ab804715ef5340578d9fe6)	DirectXTex texassemble 2026.5.8.1 (MIT) then DirectXTex texconv 2026.5.8.1 (tag may2026, MIT): texassemble cube -f R8G8B8A8_UNORM_SRGB -srgb -dx10 (uncompressed, 1 mip), then texconv -nogpu -m 0 -f BC1_UNORM_SRGB -dx10 (mips + BC1 CPU codec)	DDS (DX10 header), BC1_UNORM_SRGB, 512x512, 10 mips, cubemap
27-game-assets/textures-dds/containers/cube6.bc7.texassemble-texconv.dds	2097460	b015a7903f1999b75e4d0e17eeabf06929544e97d72649dbe9ec4711e7042bfa	27-game-assets_textures-dds.zip	CC0-1.0	none required (courtesy credit in README)	https://polyhaven.com/license ; https://docs.ambientcg.com/license/	6 faces 512x512: ph_brick/wood/leather/metal/rock diffuse 1k + acg Tiles141 colour, box-downsampled (sources: brick_wall_005_Diffuse_1k.png 2523a2c48e97ed9bfddb0f977b693afe7aa675da8c7a43ae77e8237e14ec7725; wood_planks_grey_Diffuse_1k.png 3e6aeb842edd813759fdc96a6ffe6b695c888280f42501de589442311749ac5d; brown_leather_Diffuse_1k.png 24f8bf54ee3b436f3077eacefb710ab77f62772fb75c5298e862854b597cd664; blue_metal_plate_Diffuse_1k.png 90eaf269bbfb5a9b456bd414f6d270bb3eabb086ff326b5931f435d985e1a162; rock_boulder_cracked_Diffuse_1k.png cb57c59ea319668148fb65e47eae114c9d9d8a81c5fcb877818a94743447f863; Tiles141_1K-PNG_Color.png 5c3817197e0108d6185131e64525c6d53d508ebb71ab804715ef5340578d9fe6)	DirectXTex texassemble 2026.5.8.1 (MIT) then DirectXTex texconv 2026.5.8.1 (tag may2026, MIT): texassemble cube -f R8G8B8A8_UNORM_SRGB -srgb -dx10 (uncompressed, 1 mip), then texconv -nogpu -m 0 -f BC7_UNORM_SRGB -dx10 (mips + BC7 CPU codec)	DDS (DX10 header), BC7_UNORM_SRGB, 512x512, 10 mips, cubemap
27-game-assets/textures-dds/containers/volume8.bc1.texassemble-texconv.dds	299852	eb58018dc597266eb0e01d696e5c5104aab1213c55316edebd66fca58e54ea27	27-game-assets_textures-dds.zip	CC0-1.0	none required (courtesy credit in README)	https://polyhaven.com/license ; https://docs.ambientcg.com/license/	8 slices 256x256 (box-downsampled): ph brick/wood/leather/metal/rock diffuse 1k + acg Tiles141/Ground112/PavingStones151 colour (sources: brick_wall_005_Diffuse_1k.png 2523a2c48e97ed9bfddb0f977b693afe7aa675da8c7a43ae77e8237e14ec7725; wood_planks_grey_Diffuse_1k.png 3e6aeb842edd813759fdc96a6ffe6b695c888280f42501de589442311749ac5d; brown_leather_Diffuse_1k.png 24f8bf54ee3b436f3077eacefb710ab77f62772fb75c5298e862854b597cd664; blue_metal_plate_Diffuse_1k.png 90eaf269bbfb5a9b456bd414f6d270bb3eabb086ff326b5931f435d985e1a162; rock_boulder_cracked_Diffuse_1k.png cb57c59ea319668148fb65e47eae114c9d9d8a81c5fcb877818a94743447f863; Tiles141_1K-PNG_Color.png 5c3817197e0108d6185131e64525c6d53d508ebb71ab804715ef5340578d9fe6; Ground112_1K-PNG_Color.png 9b2ac7ff6b6d0298342d8ca52bb51a7c5d5faa7d7d483fccbe7225772e9b3937; PavingStones151_1K-PNG_Color.png 4b5d6ccbc9231f0a4dc4a500e5fe62cd738329783768b94010f5efe6a8f12c9f)	DirectXTex texassemble 2026.5.8.1 (MIT) then DirectXTex texconv 2026.5.8.1 (tag may2026, MIT): texassemble volume -f R8G8B8A8_UNORM_SRGB -srgb -dx10 (uncompressed, 1 mip), then texconv -nogpu -m 0 -f BC1_UNORM_SRGB -dx10 (mips + BC1 CPU codec)	DDS (DX10 header), BC1_UNORM_SRGB, 256x256, 9 mips, volume 8 slices
27-game-assets/textures-dds/containers/volume8.bc7.texassemble-texconv.dds	599556	b3364c193c327afeb2c015cf35a80f9f73295c3cbd45313441f754365ea8cee9	27-game-assets_textures-dds.zip	CC0-1.0	none required (courtesy credit in README)	https://polyhaven.com/license ; https://docs.ambientcg.com/license/	8 slices 256x256 (box-downsampled): ph brick/wood/leather/metal/rock diffuse 1k + acg Tiles141/Ground112/PavingStones151 colour (sources: brick_wall_005_Diffuse_1k.png 2523a2c48e97ed9bfddb0f977b693afe7aa675da8c7a43ae77e8237e14ec7725; wood_planks_grey_Diffuse_1k.png 3e6aeb842edd813759fdc96a6ffe6b695c888280f42501de589442311749ac5d; brown_leather_Diffuse_1k.png 24f8bf54ee3b436f3077eacefb710ab77f62772fb75c5298e862854b597cd664; blue_metal_plate_Diffuse_1k.png 90eaf269bbfb5a9b456bd414f6d270bb3eabb086ff326b5931f435d985e1a162; rock_boulder_cracked_Diffuse_1k.png cb57c59ea319668148fb65e47eae114c9d9d8a81c5fcb877818a94743447f863; Tiles141_1K-PNG_Color.png 5c3817197e0108d6185131e64525c6d53d508ebb71ab804715ef5340578d9fe6; Ground112_1K-PNG_Color.png 9b2ac7ff6b6d0298342d8ca52bb51a7c5d5faa7d7d483fccbe7225772e9b3937; PavingStones151_1K-PNG_Color.png 4b5d6ccbc9231f0a4dc4a500e5fe62cd738329783768b94010f5efe6a8f12c9f)	DirectXTex texassemble 2026.5.8.1 (MIT) then DirectXTex texconv 2026.5.8.1 (tag may2026, MIT): texassemble volume -f R8G8B8A8_UNORM_SRGB -srgb -dx10 (uncompressed, 1 mip), then texconv -nogpu -m 0 -f BC7_UNORM_SRGB -dx10 (mips + BC7 CPU codec)	DDS (DX10 header), BC7_UNORM_SRGB, 256x256, 9 mips, volume 8 slices
27-game-assets/textures-dds/hdri_kloofendal_1k/hdri_kloofendal_1k.bc6h.texconv.dds	699236	db9f17a99d1de0c55aae0028f7fab030bb3e0c3009a5d9f3cc2e3194ead76f8f	27-game-assets_textures-dds.zip	CC0-1.0	none required (courtesy credit in README)	https://dl.polyhaven.org/file/ph-assets/HDRIs/hdr/1k/kloofendal_48d_partly_cloudy_puresky_1k.hdr	kloofendal_48d_partly_cloudy_puresky_1k.hdr sha256:fd94c84997b8a3c353b62c2125a9b44e19509956986a126e472684432a02d798	DirectXTex texconv 2026.5.8.1 (tag may2026, MIT); -nogpu -m 0 -f BC6H_UF16 -dx10 -ft dds (texconv's own mip chain and default CPU BC6H codec)	DDS (DX10 header), BC6H_UF16, 1024x512, 11 mips, 2-D
27-game-assets/textures-dds/noise_detail/noise_detail.bc1.bc7enc.dds	699212	bb054283f8128f5f5276d04da57f33c1d31591b680c3f029e9eb980aae97b2a8	27-game-assets_textures-dds.zip	CC0-1.0	none required (courtesy credit in README)		generated: numpy fBm value noise 1024x1024 RGB, seed 20261001 (work image sha256:54d279a95e89ab07)	bc7enc_rdo b943862 (bc7enc v1.08, MIT / public domain; built with MSVC 2022 cl /O2 /openmp, 4-mode CLI, ispc not used); per level: -1  -g -q -f; own mip chain (Pillow BOX, normals renormalised, padded to 4x4 by edge replication), payloads concatenated into a DX10 DDS (linear format)	DDS (DX10 header), BC1_UNORM, 1024x1024, 11 mips, 2-D
27-game-assets/textures-dds/noise_detail/noise_detail.bc1.etcpak.dds	699212	30ca9a0c1bd11d265355f4595399f116286afec286903351b30f744ec58cc207	27-game-assets_textures-dds.zip	CC0-1.0	none required (courtesy credit in README)		generated: numpy fBm value noise 1024x1024 RGB, seed 20261001 (work image sha256:54d279a95e89ab07)	etcpak 0.9.15 (pip wheel: MIT wrapper over etcpak BSD-3-Clause); etcpak.compress_bc1(RGBA8, w, h) per level; own mip chain (Pillow BOX, padded to 4x4)	DDS (DX10 header), BC1_UNORM, 1024x1024, 11 mips, 2-D
27-game-assets/textures-dds/noise_detail/noise_detail.bc1.texconv.dds	699212	81f674b60529c4fa76241805206d4557df45d8239a27b8cef6925994a74a80e9	27-game-assets_textures-dds.zip	CC0-1.0	none required (courtesy credit in README)		generated: numpy fBm value noise 1024x1024 RGB, seed 20261001 (work image sha256:54d279a95e89ab07)	DirectXTex texconv 2026.5.8.1 (tag may2026, MIT); -nogpu -m 0 -f BC1_UNORM -dx10 -ft dds (texconv's own mip chain and default CPU BC1 codec)	DDS (DX10 header), BC1_UNORM, 1024x1024, 11 mips, 2-D
27-game-assets/textures-dds/noise_detail/noise_detail.bc3.bc7enc.dds	1398276	d4ad75457dafab8de2f011f11284cb1747373f70ee25d12a708fcdd5bba51b26	27-game-assets_textures-dds.zip	CC0-1.0	none required (courtesy credit in README)		generated: numpy fBm value noise 1024x1024 RGB, seed 20261001 (work image sha256:54d279a95e89ab07)	bc7enc_rdo b943862 (bc7enc v1.08, MIT / public domain; built with MSVC 2022 cl /O2 /openmp, 4-mode CLI, ispc not used); per level: -3  -g -q -f; own mip chain (Pillow BOX, normals renormalised, padded to 4x4 by edge replication), payloads concatenated into a DX10 DDS (linear format)	DDS (DX10 header), BC3_UNORM, 1024x1024, 11 mips, 2-D
27-game-assets/textures-dds/noise_detail/noise_detail.bc3.etcpak.dds	1398276	48bfaab50e8ccabcd71dcc3ed2a378ea899221b99e9fe70e7959687fd2a81582	27-game-assets_textures-dds.zip	CC0-1.0	none required (courtesy credit in README)		generated: numpy fBm value noise 1024x1024 RGB, seed 20261001 (work image sha256:54d279a95e89ab07)	etcpak 0.9.15 (pip wheel: MIT wrapper over etcpak BSD-3-Clause); etcpak.compress_bc3(RGBA8, w, h) per level; own mip chain (Pillow BOX, padded to 4x4)	DDS (DX10 header), BC3_UNORM, 1024x1024, 11 mips, 2-D
27-game-assets/textures-dds/noise_detail/noise_detail.bc3.texconv.dds	1398276	a63aba739202462d58fd69f7b6477a73069aa70a9e552d634c866acdc5270a26	27-game-assets_textures-dds.zip	CC0-1.0	none required (courtesy credit in README)		generated: numpy fBm value noise 1024x1024 RGB, seed 20261001 (work image sha256:54d279a95e89ab07)	DirectXTex texconv 2026.5.8.1 (tag may2026, MIT); -nogpu -m 0 -f BC3_UNORM -dx10 -ft dds (texconv's own mip chain and default CPU BC3 codec)	DDS (DX10 header), BC3_UNORM, 1024x1024, 11 mips, 2-D
27-game-assets/textures-dds/noise_detail/noise_detail.bc7.bc7enc-u4-e.dds	1398276	07483c63f642c58678b5c6d7afe6c47f2ccc4de5a8b7c73c42d365e2b78e4093	27-game-assets_textures-dds.zip	CC0-1.0	none required (courtesy credit in README)		generated: numpy fBm value noise 1024x1024 RGB, seed 20261001 (work image sha256:54d279a95e89ab07)	bc7enc_rdo b943862 (bc7enc v1.08, MIT / public domain; built with MSVC 2022 cl /O2 /openmp, 4-mode CLI, ispc not used); per level: -C -u4 -e -g -q -f; own mip chain (Pillow BOX, normals renormalised, padded to 4x4 by edge replication), payloads concatenated into a DX10 DDS (linear format)	DDS (DX10 header), BC7_UNORM, 1024x1024, 11 mips, 2-D
27-game-assets/textures-dds/noise_detail/noise_detail.bc7.bc7enc-u4-z0.5.dds	1398276	77d3b9b5c44379f052b2f899cd3f1a42536152347b2fd5bc38199580754d7edc	27-game-assets_textures-dds.zip	CC0-1.0	none required (courtesy credit in README)		generated: numpy fBm value noise 1024x1024 RGB, seed 20261001 (work image sha256:54d279a95e89ab07)	bc7enc_rdo b943862 (bc7enc v1.08, MIT / public domain; built with MSVC 2022 cl /O2 /openmp, 4-mode CLI, ispc not used); per level: -C -u4 -z0.5 -g -q -f; own mip chain (Pillow BOX, normals renormalised, padded to 4x4 by edge replication), payloads concatenated into a DX10 DDS (linear format)	DDS (DX10 header), BC7_UNORM, 1024x1024, 11 mips, 2-D
27-game-assets/textures-dds/noise_detail/noise_detail.bc7.bc7enc-u4-z1.dds	1398276	7ae813c6c216771f46906eb4aa61e60fed02f1d5840706224d3f164f9acd7014	27-game-assets_textures-dds.zip	CC0-1.0	none required (courtesy credit in README)		generated: numpy fBm value noise 1024x1024 RGB, seed 20261001 (work image sha256:54d279a95e89ab07)	bc7enc_rdo b943862 (bc7enc v1.08, MIT / public domain; built with MSVC 2022 cl /O2 /openmp, 4-mode CLI, ispc not used); per level: -C -u4 -z1 -g -q -f; own mip chain (Pillow BOX, normals renormalised, padded to 4x4 by edge replication), payloads concatenated into a DX10 DDS (linear format)	DDS (DX10 header), BC7_UNORM, 1024x1024, 11 mips, 2-D
27-game-assets/textures-dds/noise_detail/noise_detail.bc7.bc7enc-u4-z2.dds	1398276	49198e9b0af90f6c3179f8b3d67a2573aac80f8824c8790eeb4a3073769cdb1e	27-game-assets_textures-dds.zip	CC0-1.0	none required (courtesy credit in README)		generated: numpy fBm value noise 1024x1024 RGB, seed 20261001 (work image sha256:54d279a95e89ab07)	bc7enc_rdo b943862 (bc7enc v1.08, MIT / public domain; built with MSVC 2022 cl /O2 /openmp, 4-mode CLI, ispc not used); per level: -C -u4 -z2 -g -q -f; own mip chain (Pillow BOX, normals renormalised, padded to 4x4 by edge replication), payloads concatenated into a DX10 DDS (linear format)	DDS (DX10 header), BC7_UNORM, 1024x1024, 11 mips, 2-D
27-game-assets/textures-dds/noise_detail/noise_detail.bc7.bc7enc-u4.dds	1398276	b49c0f813b8852df0f56a99d87010de085912bbb0b7f2b0adb3b7c280c8c6821	27-game-assets_textures-dds.zip	CC0-1.0	none required (courtesy credit in README)		generated: numpy fBm value noise 1024x1024 RGB, seed 20261001 (work image sha256:54d279a95e89ab07)	bc7enc_rdo b943862 (bc7enc v1.08, MIT / public domain; built with MSVC 2022 cl /O2 /openmp, 4-mode CLI, ispc not used); per level: -C -u4  -g -q -f; own mip chain (Pillow BOX, normals renormalised, padded to 4x4 by edge replication), payloads concatenated into a DX10 DDS (linear format)	DDS (DX10 header), BC7_UNORM, 1024x1024, 11 mips, 2-D
27-game-assets/textures-dds/noise_detail/noise_detail.bc7.texconv.dds	1398276	705022283476e82f9c1f5045a434f15116dcdebe3b10b5101b60007e5aeb9d98	27-game-assets_textures-dds.zip	CC0-1.0	none required (courtesy credit in README)		generated: numpy fBm value noise 1024x1024 RGB, seed 20261001 (work image sha256:54d279a95e89ab07)	DirectXTex texconv 2026.5.8.1 (tag may2026, MIT); -nogpu -m 0 -f BC7_UNORM -dx10 -ft dds (texconv's own mip chain and default CPU BC7 codec)	DDS (DX10 header), BC7_UNORM, 1024x1024, 11 mips, 2-D
27-game-assets/textures-dds/ph_brick_arm_1k/ph_brick_arm_1k.bc1.bc7enc.dds	699212	12dcf05f5ea049c0b51afd66531f6f7b449724fb9d45ad0d774a009c70e8b11d	27-game-assets_textures-dds.zip	CC0-1.0	none required (courtesy credit in README)	https://dl.polyhaven.org/file/ph-assets/Textures/png/1k/brick_wall_005/brick_wall_005_arm_1k.png	brick_wall_005_arm_1k.png sha256:f3fe86de3028330320e176a3aeb3f98af9039cf01e7b680e9b65c7ab15bd87f0 (8-bit RGBA work image sha256:71bc561e4f2cac32)	bc7enc_rdo b943862 (bc7enc v1.08, MIT / public domain; built with MSVC 2022 cl /O2 /openmp, 4-mode CLI, ispc not used); per level: -1  -g -q -f; own mip chain (Pillow BOX, normals renormalised, padded to 4x4 by edge replication), payloads concatenated into a DX10 DDS (linear format)	DDS (DX10 header), BC1_UNORM, 1024x1024, 11 mips, 2-D
27-game-assets/textures-dds/ph_brick_arm_1k/ph_brick_arm_1k.bc1.texconv.dds	699212	232596f938ff25da9a60e2105923abfb75dbedf804282129c16a085eee84e3bb	27-game-assets_textures-dds.zip	CC0-1.0	none required (courtesy credit in README)	https://dl.polyhaven.org/file/ph-assets/Textures/png/1k/brick_wall_005/brick_wall_005_arm_1k.png	brick_wall_005_arm_1k.png sha256:f3fe86de3028330320e176a3aeb3f98af9039cf01e7b680e9b65c7ab15bd87f0 (8-bit RGBA work image sha256:71bc561e4f2cac32)	DirectXTex texconv 2026.5.8.1 (tag may2026, MIT); -nogpu -m 0 -f BC1_UNORM -dx10 -ft dds (texconv's own mip chain and default CPU BC1 codec)	DDS (DX10 header), BC1_UNORM, 1024x1024, 11 mips, 2-D
27-game-assets/textures-dds/ph_brick_arm_1k/ph_brick_arm_1k.bc3.bc7enc.dds	1398276	bb2a5c7868bde6d02130eebd3cd28446b7b47c68ec7baeba3587d732e3913d24	27-game-assets_textures-dds.zip	CC0-1.0	none required (courtesy credit in README)	https://dl.polyhaven.org/file/ph-assets/Textures/png/1k/brick_wall_005/brick_wall_005_arm_1k.png	brick_wall_005_arm_1k.png sha256:f3fe86de3028330320e176a3aeb3f98af9039cf01e7b680e9b65c7ab15bd87f0 (8-bit RGBA work image sha256:71bc561e4f2cac32)	bc7enc_rdo b943862 (bc7enc v1.08, MIT / public domain; built with MSVC 2022 cl /O2 /openmp, 4-mode CLI, ispc not used); per level: -3  -g -q -f; own mip chain (Pillow BOX, normals renormalised, padded to 4x4 by edge replication), payloads concatenated into a DX10 DDS (linear format)	DDS (DX10 header), BC3_UNORM, 1024x1024, 11 mips, 2-D
27-game-assets/textures-dds/ph_brick_arm_1k/ph_brick_arm_1k.bc3.etcpak.dds	1398276	c1cf52ad783bcbfcb2b3ccaaa96b33178bb235914ce31ba9bf5ace591523325b	27-game-assets_textures-dds.zip	CC0-1.0	none required (courtesy credit in README)	https://dl.polyhaven.org/file/ph-assets/Textures/png/1k/brick_wall_005/brick_wall_005_arm_1k.png	brick_wall_005_arm_1k.png sha256:f3fe86de3028330320e176a3aeb3f98af9039cf01e7b680e9b65c7ab15bd87f0 (8-bit RGBA work image sha256:71bc561e4f2cac32)	etcpak 0.9.15 (pip wheel: MIT wrapper over etcpak BSD-3-Clause); etcpak.compress_bc3(RGBA8, w, h) per level; own mip chain (Pillow BOX, padded to 4x4)	DDS (DX10 header), BC3_UNORM, 1024x1024, 11 mips, 2-D
27-game-assets/textures-dds/ph_brick_arm_1k/ph_brick_arm_1k.bc3.texconv.dds	1398276	2f935fb43514eb13c901786b45ea4d219b262d86dd0b63624c982d6091096a2b	27-game-assets_textures-dds.zip	CC0-1.0	none required (courtesy credit in README)	https://dl.polyhaven.org/file/ph-assets/Textures/png/1k/brick_wall_005/brick_wall_005_arm_1k.png	brick_wall_005_arm_1k.png sha256:f3fe86de3028330320e176a3aeb3f98af9039cf01e7b680e9b65c7ab15bd87f0 (8-bit RGBA work image sha256:71bc561e4f2cac32)	DirectXTex texconv 2026.5.8.1 (tag may2026, MIT); -nogpu -m 0 -f BC3_UNORM -dx10 -ft dds (texconv's own mip chain and default CPU BC3 codec)	DDS (DX10 header), BC3_UNORM, 1024x1024, 11 mips, 2-D
27-game-assets/textures-dds/ph_brick_arm_1k/ph_brick_arm_1k.bc7.bc7enc-u4-e.dds	1398276	075c10febbf25dc96b693dc35b409bfdb6d1c8f6a40aa8fb728f33280457d07e	27-game-assets_textures-dds.zip	CC0-1.0	none required (courtesy credit in README)	https://dl.polyhaven.org/file/ph-assets/Textures/png/1k/brick_wall_005/brick_wall_005_arm_1k.png	brick_wall_005_arm_1k.png sha256:f3fe86de3028330320e176a3aeb3f98af9039cf01e7b680e9b65c7ab15bd87f0 (8-bit RGBA work image sha256:71bc561e4f2cac32)	bc7enc_rdo b943862 (bc7enc v1.08, MIT / public domain; built with MSVC 2022 cl /O2 /openmp, 4-mode CLI, ispc not used); per level: -C -u4 -e -g -q -f; own mip chain (Pillow BOX, normals renormalised, padded to 4x4 by edge replication), payloads concatenated into a DX10 DDS (linear format)	DDS (DX10 header), BC7_UNORM, 1024x1024, 11 mips, 2-D
27-game-assets/textures-dds/ph_brick_arm_1k/ph_brick_arm_1k.bc7.bc7enc-u4-z1.dds	1398276	7ff8c70892bb2f7676f6a4830440b53b1689642541ccdddb3e4400f3c09eef34	27-game-assets_textures-dds.zip	CC0-1.0	none required (courtesy credit in README)	https://dl.polyhaven.org/file/ph-assets/Textures/png/1k/brick_wall_005/brick_wall_005_arm_1k.png	brick_wall_005_arm_1k.png sha256:f3fe86de3028330320e176a3aeb3f98af9039cf01e7b680e9b65c7ab15bd87f0 (8-bit RGBA work image sha256:71bc561e4f2cac32)	bc7enc_rdo b943862 (bc7enc v1.08, MIT / public domain; built with MSVC 2022 cl /O2 /openmp, 4-mode CLI, ispc not used); per level: -C -u4 -z1 -g -q -f; own mip chain (Pillow BOX, normals renormalised, padded to 4x4 by edge replication), payloads concatenated into a DX10 DDS (linear format)	DDS (DX10 header), BC7_UNORM, 1024x1024, 11 mips, 2-D
27-game-assets/textures-dds/ph_brick_arm_1k/ph_brick_arm_1k.bc7.bc7enc-u4-z2.dds	1398276	95a26e45c78fb1b31b0851f158533b76227521553025ab33f205223c0b148fc9	27-game-assets_textures-dds.zip	CC0-1.0	none required (courtesy credit in README)	https://dl.polyhaven.org/file/ph-assets/Textures/png/1k/brick_wall_005/brick_wall_005_arm_1k.png	brick_wall_005_arm_1k.png sha256:f3fe86de3028330320e176a3aeb3f98af9039cf01e7b680e9b65c7ab15bd87f0 (8-bit RGBA work image sha256:71bc561e4f2cac32)	bc7enc_rdo b943862 (bc7enc v1.08, MIT / public domain; built with MSVC 2022 cl /O2 /openmp, 4-mode CLI, ispc not used); per level: -C -u4 -z2 -g -q -f; own mip chain (Pillow BOX, normals renormalised, padded to 4x4 by edge replication), payloads concatenated into a DX10 DDS (linear format)	DDS (DX10 header), BC7_UNORM, 1024x1024, 11 mips, 2-D
27-game-assets/textures-dds/ph_brick_arm_1k/ph_brick_arm_1k.bc7.bc7enc-u4.dds	1398276	d03ca4263769a29d728561c8b19b970d2d9d99fb6244c96b5d63320ef6260afd	27-game-assets_textures-dds.zip	CC0-1.0	none required (courtesy credit in README)	https://dl.polyhaven.org/file/ph-assets/Textures/png/1k/brick_wall_005/brick_wall_005_arm_1k.png	brick_wall_005_arm_1k.png sha256:f3fe86de3028330320e176a3aeb3f98af9039cf01e7b680e9b65c7ab15bd87f0 (8-bit RGBA work image sha256:71bc561e4f2cac32)	bc7enc_rdo b943862 (bc7enc v1.08, MIT / public domain; built with MSVC 2022 cl /O2 /openmp, 4-mode CLI, ispc not used); per level: -C -u4  -g -q -f; own mip chain (Pillow BOX, normals renormalised, padded to 4x4 by edge replication), payloads concatenated into a DX10 DDS (linear format)	DDS (DX10 header), BC7_UNORM, 1024x1024, 11 mips, 2-D
27-game-assets/textures-dds/ph_brick_arm_1k/ph_brick_arm_1k.bc7.texconv.dds	1398276	d3e3678383b56515e67ad6cd67a4544be1ef45b68a008f4c376c9321329343eb	27-game-assets_textures-dds.zip	CC0-1.0	none required (courtesy credit in README)	https://dl.polyhaven.org/file/ph-assets/Textures/png/1k/brick_wall_005/brick_wall_005_arm_1k.png	brick_wall_005_arm_1k.png sha256:f3fe86de3028330320e176a3aeb3f98af9039cf01e7b680e9b65c7ab15bd87f0 (8-bit RGBA work image sha256:71bc561e4f2cac32)	DirectXTex texconv 2026.5.8.1 (tag may2026, MIT); -nogpu -m 0 -f BC7_UNORM -dx10 -ft dds (texconv's own mip chain and default CPU BC7 codec)	DDS (DX10 header), BC7_UNORM, 1024x1024, 11 mips, 2-D
27-game-assets/textures-dds/ph_brick_arm_2k/ph_brick_arm_2k.bc1.bc7enc.dds	2796364	0d04b959cf222c8e96dbfab8ccfe1ffed1b64967b20c66cf596dfd69afe0dd01	27-game-assets_textures-dds.zip	CC0-1.0	none required (courtesy credit in README)	https://dl.polyhaven.org/file/ph-assets/Textures/png/2k/brick_wall_005/brick_wall_005_arm_2k.png	brick_wall_005_arm_2k.png sha256:ff55fc21467d0d29f52affaccc45d1f27b49f38863063139aa8b2a91d69bcfec (8-bit RGBA work image sha256:bdae3424d30fa910)	bc7enc_rdo b943862 (bc7enc v1.08, MIT / public domain; built with MSVC 2022 cl /O2 /openmp, 4-mode CLI, ispc not used); per level: -1  -g -q -f; own mip chain (Pillow BOX, normals renormalised, padded to 4x4 by edge replication), payloads concatenated into a DX10 DDS (linear format)	DDS (DX10 header), BC1_UNORM, 2048x2048, 12 mips, 2-D
27-game-assets/textures-dds/ph_brick_arm_2k/ph_brick_arm_2k.bc3.bc7enc.dds	5592580	f5487f0dd3f6311793d2b8d679e2fb732a0344cd5089fc04cf4fffa2d4101950	27-game-assets_textures-dds.zip	CC0-1.0	none required (courtesy credit in README)	https://dl.polyhaven.org/file/ph-assets/Textures/png/2k/brick_wall_005/brick_wall_005_arm_2k.png	brick_wall_005_arm_2k.png sha256:ff55fc21467d0d29f52affaccc45d1f27b49f38863063139aa8b2a91d69bcfec (8-bit RGBA work image sha256:bdae3424d30fa910)	bc7enc_rdo b943862 (bc7enc v1.08, MIT / public domain; built with MSVC 2022 cl /O2 /openmp, 4-mode CLI, ispc not used); per level: -3  -g -q -f; own mip chain (Pillow BOX, normals renormalised, padded to 4x4 by edge replication), payloads concatenated into a DX10 DDS (linear format)	DDS (DX10 header), BC3_UNORM, 2048x2048, 12 mips, 2-D
27-game-assets/textures-dds/ph_brick_arm_2k/ph_brick_arm_2k.bc7.bc7enc-u4-z1.dds	5592580	1e9c469d838bf0cdbfff7a4113e10f23ad31b51eb9f535777a1795163efef1fd	27-game-assets_textures-dds.zip	CC0-1.0	none required (courtesy credit in README)	https://dl.polyhaven.org/file/ph-assets/Textures/png/2k/brick_wall_005/brick_wall_005_arm_2k.png	brick_wall_005_arm_2k.png sha256:ff55fc21467d0d29f52affaccc45d1f27b49f38863063139aa8b2a91d69bcfec (8-bit RGBA work image sha256:bdae3424d30fa910)	bc7enc_rdo b943862 (bc7enc v1.08, MIT / public domain; built with MSVC 2022 cl /O2 /openmp, 4-mode CLI, ispc not used); per level: -C -u4 -z1 -g -q -f; own mip chain (Pillow BOX, normals renormalised, padded to 4x4 by edge replication), payloads concatenated into a DX10 DDS (linear format)	DDS (DX10 header), BC7_UNORM, 2048x2048, 12 mips, 2-D
27-game-assets/textures-dds/ph_brick_arm_2k/ph_brick_arm_2k.bc7.bc7enc-u4.dds	5592580	9de920d95fd2f3c9e08fcf8bab3ea4c9c057878bdec076ee09d6c0d91d454406	27-game-assets_textures-dds.zip	CC0-1.0	none required (courtesy credit in README)	https://dl.polyhaven.org/file/ph-assets/Textures/png/2k/brick_wall_005/brick_wall_005_arm_2k.png	brick_wall_005_arm_2k.png sha256:ff55fc21467d0d29f52affaccc45d1f27b49f38863063139aa8b2a91d69bcfec (8-bit RGBA work image sha256:bdae3424d30fa910)	bc7enc_rdo b943862 (bc7enc v1.08, MIT / public domain; built with MSVC 2022 cl /O2 /openmp, 4-mode CLI, ispc not used); per level: -C -u4  -g -q -f; own mip chain (Pillow BOX, normals renormalised, padded to 4x4 by edge replication), payloads concatenated into a DX10 DDS (linear format)	DDS (DX10 header), BC7_UNORM, 2048x2048, 12 mips, 2-D
27-game-assets/textures-dds/ph_brick_arm_2k/ph_brick_arm_2k.bc7.texconv.dds	5592580	1e0bf57ac9a737770674b8e7cbefdc2b7542f748eb543e1af52011591fc85be5	27-game-assets_textures-dds.zip	CC0-1.0	none required (courtesy credit in README)	https://dl.polyhaven.org/file/ph-assets/Textures/png/2k/brick_wall_005/brick_wall_005_arm_2k.png	brick_wall_005_arm_2k.png sha256:ff55fc21467d0d29f52affaccc45d1f27b49f38863063139aa8b2a91d69bcfec (8-bit RGBA work image sha256:bdae3424d30fa910)	DirectXTex texconv 2026.5.8.1 (tag may2026, MIT); -nogpu -m 0 -f BC7_UNORM -dx10 -ft dds (texconv's own mip chain and default CPU BC7 codec)	DDS (DX10 header), BC7_UNORM, 2048x2048, 12 mips, 2-D
27-game-assets/textures-dds/ph_brick_diffuse_1k/ph_brick_diffuse_1k.bc1.bc7enc.dds	699212	5767a2d7c0bac2b91f29682c83f19e65587efb7ff9483af28576a0ec31e926bd	27-game-assets_textures-dds.zip	CC0-1.0	none required (courtesy credit in README)	https://dl.polyhaven.org/file/ph-assets/Textures/png/1k/brick_wall_005/brick_wall_005_diff_1k.png	brick_wall_005_Diffuse_1k.png sha256:2523a2c48e97ed9bfddb0f977b693afe7aa675da8c7a43ae77e8237e14ec7725 (8-bit RGBA work image sha256:00f00ec18188edb6)	bc7enc_rdo b943862 (bc7enc v1.08, MIT / public domain; built with MSVC 2022 cl /O2 /openmp, 4-mode CLI, ispc not used); per level: -1  -g -q -f; own mip chain (Pillow BOX, normals renormalised, padded to 4x4 by edge replication), payloads concatenated into a DX10 DDS (sRGB format)	DDS (DX10 header), BC1_UNORM_SRGB, 1024x1024, 11 mips, 2-D
27-game-assets/textures-dds/ph_brick_diffuse_1k/ph_brick_diffuse_1k.bc1.etcpak.dds	699212	d2eb82adf5c69890902b28ce6c73c0f2761b974e90bf54a8836a1c750792d3a0	27-game-assets_textures-dds.zip	CC0-1.0	none required (courtesy credit in README)	https://dl.polyhaven.org/file/ph-assets/Textures/png/1k/brick_wall_005/brick_wall_005_diff_1k.png	brick_wall_005_Diffuse_1k.png sha256:2523a2c48e97ed9bfddb0f977b693afe7aa675da8c7a43ae77e8237e14ec7725 (8-bit RGBA work image sha256:00f00ec18188edb6)	etcpak 0.9.15 (pip wheel: MIT wrapper over etcpak BSD-3-Clause); etcpak.compress_bc1(RGBA8, w, h) per level; own mip chain (Pillow BOX, padded to 4x4)	DDS (DX10 header), BC1_UNORM_SRGB, 1024x1024, 11 mips, 2-D
27-game-assets/textures-dds/ph_brick_diffuse_1k/ph_brick_diffuse_1k.bc1.texconv.dds	699212	f145a1dfd1b7b297be34686cf8f32f7d6c3e1ba1d83da2b091cfcf6a1774762a	27-game-assets_textures-dds.zip	CC0-1.0	none required (courtesy credit in README)	https://dl.polyhaven.org/file/ph-assets/Textures/png/1k/brick_wall_005/brick_wall_005_diff_1k.png	brick_wall_005_Diffuse_1k.png sha256:2523a2c48e97ed9bfddb0f977b693afe7aa675da8c7a43ae77e8237e14ec7725 (8-bit RGBA work image sha256:00f00ec18188edb6)	DirectXTex texconv 2026.5.8.1 (tag may2026, MIT); -nogpu -m 0 -f BC1_UNORM_SRGB -dx10 -ft dds -srgb (texconv's own mip chain and default CPU BC1 codec)	DDS (DX10 header), BC1_UNORM_SRGB, 1024x1024, 11 mips, 2-D
27-game-assets/textures-dds/ph_brick_diffuse_1k/ph_brick_diffuse_1k.bc3.bc7enc.dds	1398276	869deb0c518235853778215ec187b6aad43c299a2a0424ad0e3d8859a2da14a5	27-game-assets_textures-dds.zip	CC0-1.0	none required (courtesy credit in README)	https://dl.polyhaven.org/file/ph-assets/Textures/png/1k/brick_wall_005/brick_wall_005_diff_1k.png	brick_wall_005_Diffuse_1k.png sha256:2523a2c48e97ed9bfddb0f977b693afe7aa675da8c7a43ae77e8237e14ec7725 (8-bit RGBA work image sha256:00f00ec18188edb6)	bc7enc_rdo b943862 (bc7enc v1.08, MIT / public domain; built with MSVC 2022 cl /O2 /openmp, 4-mode CLI, ispc not used); per level: -3  -g -q -f; own mip chain (Pillow BOX, normals renormalised, padded to 4x4 by edge replication), payloads concatenated into a DX10 DDS (sRGB format)	DDS (DX10 header), BC3_UNORM_SRGB, 1024x1024, 11 mips, 2-D
27-game-assets/textures-dds/ph_brick_diffuse_1k/ph_brick_diffuse_1k.bc3.etcpak.dds	1398276	8955578efa6b8749dcc226845874236643641f5d5c238338cc62352d8e8defbd	27-game-assets_textures-dds.zip	CC0-1.0	none required (courtesy credit in README)	https://dl.polyhaven.org/file/ph-assets/Textures/png/1k/brick_wall_005/brick_wall_005_diff_1k.png	brick_wall_005_Diffuse_1k.png sha256:2523a2c48e97ed9bfddb0f977b693afe7aa675da8c7a43ae77e8237e14ec7725 (8-bit RGBA work image sha256:00f00ec18188edb6)	etcpak 0.9.15 (pip wheel: MIT wrapper over etcpak BSD-3-Clause); etcpak.compress_bc3(RGBA8, w, h) per level; own mip chain (Pillow BOX, padded to 4x4)	DDS (DX10 header), BC3_UNORM_SRGB, 1024x1024, 11 mips, 2-D
27-game-assets/textures-dds/ph_brick_diffuse_1k/ph_brick_diffuse_1k.bc3.texconv.dds	1398276	a73a6eac402978fd0a47ac81f5e0cbac90375d235a36683f49f2c2a31acd7f4a	27-game-assets_textures-dds.zip	CC0-1.0	none required (courtesy credit in README)	https://dl.polyhaven.org/file/ph-assets/Textures/png/1k/brick_wall_005/brick_wall_005_diff_1k.png	brick_wall_005_Diffuse_1k.png sha256:2523a2c48e97ed9bfddb0f977b693afe7aa675da8c7a43ae77e8237e14ec7725 (8-bit RGBA work image sha256:00f00ec18188edb6)	DirectXTex texconv 2026.5.8.1 (tag may2026, MIT); -nogpu -m 0 -f BC3_UNORM_SRGB -dx10 -ft dds -srgb (texconv's own mip chain and default CPU BC3 codec)	DDS (DX10 header), BC3_UNORM_SRGB, 1024x1024, 11 mips, 2-D
27-game-assets/textures-dds/ph_brick_diffuse_1k/ph_brick_diffuse_1k.bc7.bc7enc-u4-e.dds	1398276	f8e72261d0dbac71fb2ff7d4b07e1b900abdcf3d5085c991fff9cabbc94547b6	27-game-assets_textures-dds.zip	CC0-1.0	none required (courtesy credit in README)	https://dl.polyhaven.org/file/ph-assets/Textures/png/1k/brick_wall_005/brick_wall_005_diff_1k.png	brick_wall_005_Diffuse_1k.png sha256:2523a2c48e97ed9bfddb0f977b693afe7aa675da8c7a43ae77e8237e14ec7725 (8-bit RGBA work image sha256:00f00ec18188edb6)	bc7enc_rdo b943862 (bc7enc v1.08, MIT / public domain; built with MSVC 2022 cl /O2 /openmp, 4-mode CLI, ispc not used); per level: -C -u4 -e -g -q -f; own mip chain (Pillow BOX, normals renormalised, padded to 4x4 by edge replication), payloads concatenated into a DX10 DDS (sRGB format)	DDS (DX10 header), BC7_UNORM_SRGB, 1024x1024, 11 mips, 2-D
27-game-assets/textures-dds/ph_brick_diffuse_1k/ph_brick_diffuse_1k.bc7.bc7enc-u4-z0.5.dds	1398276	d5255377b2515b81b0840329c0c7f194bc3e4ada0d6827f82098c995df624d90	27-game-assets_textures-dds.zip	CC0-1.0	none required (courtesy credit in README)	https://dl.polyhaven.org/file/ph-assets/Textures/png/1k/brick_wall_005/brick_wall_005_diff_1k.png	brick_wall_005_Diffuse_1k.png sha256:2523a2c48e97ed9bfddb0f977b693afe7aa675da8c7a43ae77e8237e14ec7725 (8-bit RGBA work image sha256:00f00ec18188edb6)	bc7enc_rdo b943862 (bc7enc v1.08, MIT / public domain; built with MSVC 2022 cl /O2 /openmp, 4-mode CLI, ispc not used); per level: -C -u4 -z0.5 -g -q -f; own mip chain (Pillow BOX, normals renormalised, padded to 4x4 by edge replication), payloads concatenated into a DX10 DDS (sRGB format)	DDS (DX10 header), BC7_UNORM_SRGB, 1024x1024, 11 mips, 2-D
27-game-assets/textures-dds/ph_brick_diffuse_1k/ph_brick_diffuse_1k.bc7.bc7enc-u4-z1.dds	1398276	5d14eb9ed22636db3686647c0b1695c653704fdca8a21fd66e15df49ec05dd87	27-game-assets_textures-dds.zip	CC0-1.0	none required (courtesy credit in README)	https://dl.polyhaven.org/file/ph-assets/Textures/png/1k/brick_wall_005/brick_wall_005_diff_1k.png	brick_wall_005_Diffuse_1k.png sha256:2523a2c48e97ed9bfddb0f977b693afe7aa675da8c7a43ae77e8237e14ec7725 (8-bit RGBA work image sha256:00f00ec18188edb6)	bc7enc_rdo b943862 (bc7enc v1.08, MIT / public domain; built with MSVC 2022 cl /O2 /openmp, 4-mode CLI, ispc not used); per level: -C -u4 -z1 -g -q -f; own mip chain (Pillow BOX, normals renormalised, padded to 4x4 by edge replication), payloads concatenated into a DX10 DDS (sRGB format)	DDS (DX10 header), BC7_UNORM_SRGB, 1024x1024, 11 mips, 2-D
27-game-assets/textures-dds/ph_brick_diffuse_1k/ph_brick_diffuse_1k.bc7.bc7enc-u4-z2.dds	1398276	f84fdd1a50120c3e0a415c9b9ee40c6447b36985371067c96cdd4089a81c1f2f	27-game-assets_textures-dds.zip	CC0-1.0	none required (courtesy credit in README)	https://dl.polyhaven.org/file/ph-assets/Textures/png/1k/brick_wall_005/brick_wall_005_diff_1k.png	brick_wall_005_Diffuse_1k.png sha256:2523a2c48e97ed9bfddb0f977b693afe7aa675da8c7a43ae77e8237e14ec7725 (8-bit RGBA work image sha256:00f00ec18188edb6)	bc7enc_rdo b943862 (bc7enc v1.08, MIT / public domain; built with MSVC 2022 cl /O2 /openmp, 4-mode CLI, ispc not used); per level: -C -u4 -z2 -g -q -f; own mip chain (Pillow BOX, normals renormalised, padded to 4x4 by edge replication), payloads concatenated into a DX10 DDS (sRGB format)	DDS (DX10 header), BC7_UNORM_SRGB, 1024x1024, 11 mips, 2-D
27-game-assets/textures-dds/ph_brick_diffuse_1k/ph_brick_diffuse_1k.bc7.bc7enc-u4.dds	1398276	b4a566a645b17152987759e8318988470793ff75ab4456e0cdd222145ebfe9b4	27-game-assets_textures-dds.zip	CC0-1.0	none required (courtesy credit in README)	https://dl.polyhaven.org/file/ph-assets/Textures/png/1k/brick_wall_005/brick_wall_005_diff_1k.png	brick_wall_005_Diffuse_1k.png sha256:2523a2c48e97ed9bfddb0f977b693afe7aa675da8c7a43ae77e8237e14ec7725 (8-bit RGBA work image sha256:00f00ec18188edb6)	bc7enc_rdo b943862 (bc7enc v1.08, MIT / public domain; built with MSVC 2022 cl /O2 /openmp, 4-mode CLI, ispc not used); per level: -C -u4  -g -q -f; own mip chain (Pillow BOX, normals renormalised, padded to 4x4 by edge replication), payloads concatenated into a DX10 DDS (sRGB format)	DDS (DX10 header), BC7_UNORM_SRGB, 1024x1024, 11 mips, 2-D
27-game-assets/textures-dds/ph_brick_diffuse_1k/ph_brick_diffuse_1k.bc7.texconv.dds	1398276	d895d76cdacefb8223113075ab97f4450d131c5052a7048fa12f34f0198af524	27-game-assets_textures-dds.zip	CC0-1.0	none required (courtesy credit in README)	https://dl.polyhaven.org/file/ph-assets/Textures/png/1k/brick_wall_005/brick_wall_005_diff_1k.png	brick_wall_005_Diffuse_1k.png sha256:2523a2c48e97ed9bfddb0f977b693afe7aa675da8c7a43ae77e8237e14ec7725 (8-bit RGBA work image sha256:00f00ec18188edb6)	DirectXTex texconv 2026.5.8.1 (tag may2026, MIT); -nogpu -m 0 -f BC7_UNORM_SRGB -dx10 -ft dds -srgb (texconv's own mip chain and default CPU BC7 codec)	DDS (DX10 header), BC7_UNORM_SRGB, 1024x1024, 11 mips, 2-D
27-game-assets/textures-dds/ph_brick_diffuse_2k/ph_brick_diffuse_2k.bc1.bc7enc.dds	2796364	cb0b0961668c023bad197c6792a44191253cb4cc3c160eada8641528a2736643	27-game-assets_textures-dds.zip	CC0-1.0	none required (courtesy credit in README)	https://dl.polyhaven.org/file/ph-assets/Textures/png/2k/brick_wall_005/brick_wall_005_diff_2k.png	brick_wall_005_Diffuse_2k.png sha256:7d48655e45c0f1ffcd6c754d3fe6a9287a2ae056b044358d8a89406655be8a7c (8-bit RGBA work image sha256:e235247b8ac87181)	bc7enc_rdo b943862 (bc7enc v1.08, MIT / public domain; built with MSVC 2022 cl /O2 /openmp, 4-mode CLI, ispc not used); per level: -1  -g -q -f; own mip chain (Pillow BOX, normals renormalised, padded to 4x4 by edge replication), payloads concatenated into a DX10 DDS (sRGB format)	DDS (DX10 header), BC1_UNORM_SRGB, 2048x2048, 12 mips, 2-D
27-game-assets/textures-dds/ph_brick_diffuse_2k/ph_brick_diffuse_2k.bc3.bc7enc.dds	5592580	ae09ded3db35bcc7d190e94eb0f17d4dc7824b4926d69b38df601e08bc0aee29	27-game-assets_textures-dds.zip	CC0-1.0	none required (courtesy credit in README)	https://dl.polyhaven.org/file/ph-assets/Textures/png/2k/brick_wall_005/brick_wall_005_diff_2k.png	brick_wall_005_Diffuse_2k.png sha256:7d48655e45c0f1ffcd6c754d3fe6a9287a2ae056b044358d8a89406655be8a7c (8-bit RGBA work image sha256:e235247b8ac87181)	bc7enc_rdo b943862 (bc7enc v1.08, MIT / public domain; built with MSVC 2022 cl /O2 /openmp, 4-mode CLI, ispc not used); per level: -3  -g -q -f; own mip chain (Pillow BOX, normals renormalised, padded to 4x4 by edge replication), payloads concatenated into a DX10 DDS (sRGB format)	DDS (DX10 header), BC3_UNORM_SRGB, 2048x2048, 12 mips, 2-D
27-game-assets/textures-dds/ph_brick_diffuse_2k/ph_brick_diffuse_2k.bc7.bc7enc-u4-z1.dds	5592580	aa4a921a307b7dbc221717ffeebed7b4c61e6faa11bf7417fb1c3248e9d1ae94	27-game-assets_textures-dds.zip	CC0-1.0	none required (courtesy credit in README)	https://dl.polyhaven.org/file/ph-assets/Textures/png/2k/brick_wall_005/brick_wall_005_diff_2k.png	brick_wall_005_Diffuse_2k.png sha256:7d48655e45c0f1ffcd6c754d3fe6a9287a2ae056b044358d8a89406655be8a7c (8-bit RGBA work image sha256:e235247b8ac87181)	bc7enc_rdo b943862 (bc7enc v1.08, MIT / public domain; built with MSVC 2022 cl /O2 /openmp, 4-mode CLI, ispc not used); per level: -C -u4 -z1 -g -q -f; own mip chain (Pillow BOX, normals renormalised, padded to 4x4 by edge replication), payloads concatenated into a DX10 DDS (sRGB format)	DDS (DX10 header), BC7_UNORM_SRGB, 2048x2048, 12 mips, 2-D
27-game-assets/textures-dds/ph_brick_diffuse_2k/ph_brick_diffuse_2k.bc7.bc7enc-u4.dds	5592580	58b6a455df8263c340fa442e167cd8bbead365665a09e4623663d84244e98374	27-game-assets_textures-dds.zip	CC0-1.0	none required (courtesy credit in README)	https://dl.polyhaven.org/file/ph-assets/Textures/png/2k/brick_wall_005/brick_wall_005_diff_2k.png	brick_wall_005_Diffuse_2k.png sha256:7d48655e45c0f1ffcd6c754d3fe6a9287a2ae056b044358d8a89406655be8a7c (8-bit RGBA work image sha256:e235247b8ac87181)	bc7enc_rdo b943862 (bc7enc v1.08, MIT / public domain; built with MSVC 2022 cl /O2 /openmp, 4-mode CLI, ispc not used); per level: -C -u4  -g -q -f; own mip chain (Pillow BOX, normals renormalised, padded to 4x4 by edge replication), payloads concatenated into a DX10 DDS (sRGB format)	DDS (DX10 header), BC7_UNORM_SRGB, 2048x2048, 12 mips, 2-D
27-game-assets/textures-dds/ph_brick_diffuse_2k/ph_brick_diffuse_2k.bc7.texconv.dds	5592580	fb975bd7ccbec64462ee26dd236423b9cda852683b85a6d42fe573efba5dbdda	27-game-assets_textures-dds.zip	CC0-1.0	none required (courtesy credit in README)	https://dl.polyhaven.org/file/ph-assets/Textures/png/2k/brick_wall_005/brick_wall_005_diff_2k.png	brick_wall_005_Diffuse_2k.png sha256:7d48655e45c0f1ffcd6c754d3fe6a9287a2ae056b044358d8a89406655be8a7c (8-bit RGBA work image sha256:e235247b8ac87181)	DirectXTex texconv 2026.5.8.1 (tag may2026, MIT); -nogpu -m 0 -f BC7_UNORM_SRGB -dx10 -ft dds -srgb (texconv's own mip chain and default CPU BC7 codec)	DDS (DX10 header), BC7_UNORM_SRGB, 2048x2048, 12 mips, 2-D
27-game-assets/textures-dds/ph_brick_normal_1k/ph_brick_normal_1k.bc1.bc7enc.dds	699212	f53c695801b6928d99d454d7e0d6ddc00421d3f44cbdcb34ac993d4cd4d56286	27-game-assets_textures-dds.zip	CC0-1.0	none required (courtesy credit in README)	https://dl.polyhaven.org/file/ph-assets/Textures/png/1k/brick_wall_005/brick_wall_005_nor_gl_1k.png	brick_wall_005_nor_gl_1k.png sha256:845f7807822a26445e2a56d1df8bf7b3bd985ad0eba0be555a5f41c993079c63 (8-bit RGBA work image sha256:ecf6a49d11376c7b)	bc7enc_rdo b943862 (bc7enc v1.08, MIT / public domain; built with MSVC 2022 cl /O2 /openmp, 4-mode CLI, ispc not used); per level: -1  -g -q -f; own mip chain (Pillow BOX, normals renormalised, padded to 4x4 by edge replication), payloads concatenated into a DX10 DDS (linear format)	DDS (DX10 header), BC1_UNORM, 1024x1024, 11 mips, 2-D
27-game-assets/textures-dds/ph_brick_normal_1k/ph_brick_normal_1k.bc1.texconv.dds	699212	1af9b404d20e7057b14e88964dd9de21fec4db1f7fbadd52469527c64e2c2fe5	27-game-assets_textures-dds.zip	CC0-1.0	none required (courtesy credit in README)	https://dl.polyhaven.org/file/ph-assets/Textures/png/1k/brick_wall_005/brick_wall_005_nor_gl_1k.png	brick_wall_005_nor_gl_1k.png sha256:845f7807822a26445e2a56d1df8bf7b3bd985ad0eba0be555a5f41c993079c63 (8-bit RGBA work image sha256:ecf6a49d11376c7b)	DirectXTex texconv 2026.5.8.1 (tag may2026, MIT); -nogpu -m 0 -f BC1_UNORM -dx10 -ft dds (texconv's own mip chain and default CPU BC1 codec)	DDS (DX10 header), BC1_UNORM, 1024x1024, 11 mips, 2-D
27-game-assets/textures-dds/ph_brick_normal_1k/ph_brick_normal_1k.bc5.bc7enc.dds	1398276	6341c17d2d9f664f0dd44dbbdb3662c62fc81caa060b6cb26c5c7d4bb49ec5ad	27-game-assets_textures-dds.zip	CC0-1.0	none required (courtesy credit in README)	https://dl.polyhaven.org/file/ph-assets/Textures/png/1k/brick_wall_005/brick_wall_005_nor_gl_1k.png	brick_wall_005_nor_gl_1k.png sha256:845f7807822a26445e2a56d1df8bf7b3bd985ad0eba0be555a5f41c993079c63 (8-bit RGBA work image sha256:ecf6a49d11376c7b)	bc7enc_rdo b943862 (bc7enc v1.08, MIT / public domain; built with MSVC 2022 cl /O2 /openmp, 4-mode CLI, ispc not used); per level: -5  -g -q -f; own mip chain (Pillow BOX, normals renormalised, padded to 4x4 by edge replication), payloads concatenated into a DX10 DDS (linear format)	DDS (DX10 header), BC5_UNORM, 1024x1024, 11 mips, 2-D
27-game-assets/textures-dds/ph_brick_normal_1k/ph_brick_normal_1k.bc5.etcpak.dds	1398276	070ea8fcf9f20f9003a57a05b5bb853d4d0d9aeddc0474488a125f6ed518b7fb	27-game-assets_textures-dds.zip	CC0-1.0	none required (courtesy credit in README)	https://dl.polyhaven.org/file/ph-assets/Textures/png/1k/brick_wall_005/brick_wall_005_nor_gl_1k.png	brick_wall_005_nor_gl_1k.png sha256:845f7807822a26445e2a56d1df8bf7b3bd985ad0eba0be555a5f41c993079c63 (8-bit RGBA work image sha256:ecf6a49d11376c7b)	etcpak 0.9.15 (pip wheel: MIT wrapper over etcpak BSD-3-Clause); etcpak.compress_bc5(RGBA8, w, h) per level; own mip chain (Pillow BOX, padded to 4x4)	DDS (DX10 header), BC5_UNORM, 1024x1024, 11 mips, 2-D
27-game-assets/textures-dds/ph_brick_normal_1k/ph_brick_normal_1k.bc5.texconv.dds	1398276	a5a4d335071324ab20f60564bb786d33c96f6ce65f2e73159e7efeb3cdba35a0	27-game-assets_textures-dds.zip	CC0-1.0	none required (courtesy credit in README)	https://dl.polyhaven.org/file/ph-assets/Textures/png/1k/brick_wall_005/brick_wall_005_nor_gl_1k.png	brick_wall_005_nor_gl_1k.png sha256:845f7807822a26445e2a56d1df8bf7b3bd985ad0eba0be555a5f41c993079c63 (8-bit RGBA work image sha256:ecf6a49d11376c7b)	DirectXTex texconv 2026.5.8.1 (tag may2026, MIT); -nogpu -m 0 -f BC5_UNORM -dx10 -ft dds (texconv's own mip chain and default CPU BC5 codec)	DDS (DX10 header), BC5_UNORM, 1024x1024, 11 mips, 2-D
27-game-assets/textures-dds/ph_brick_normal_1k/ph_brick_normal_1k.bc7.bc7enc-u4-e.dds	1398276	ec5c5d0eed52ea7d329e76c9f2915604cfbae758b0bf83034a9a1b59a700a0b9	27-game-assets_textures-dds.zip	CC0-1.0	none required (courtesy credit in README)	https://dl.polyhaven.org/file/ph-assets/Textures/png/1k/brick_wall_005/brick_wall_005_nor_gl_1k.png	brick_wall_005_nor_gl_1k.png sha256:845f7807822a26445e2a56d1df8bf7b3bd985ad0eba0be555a5f41c993079c63 (8-bit RGBA work image sha256:ecf6a49d11376c7b)	bc7enc_rdo b943862 (bc7enc v1.08, MIT / public domain; built with MSVC 2022 cl /O2 /openmp, 4-mode CLI, ispc not used); per level: -C -u4 -e -g -q -f; own mip chain (Pillow BOX, normals renormalised, padded to 4x4 by edge replication), payloads concatenated into a DX10 DDS (linear format)	DDS (DX10 header), BC7_UNORM, 1024x1024, 11 mips, 2-D
27-game-assets/textures-dds/ph_brick_normal_1k/ph_brick_normal_1k.bc7.bc7enc-u4-z1.dds	1398276	5373504a408ae47e4ff29cdc5eb760e06747ae4ddd687771416508db9214dbce	27-game-assets_textures-dds.zip	CC0-1.0	none required (courtesy credit in README)	https://dl.polyhaven.org/file/ph-assets/Textures/png/1k/brick_wall_005/brick_wall_005_nor_gl_1k.png	brick_wall_005_nor_gl_1k.png sha256:845f7807822a26445e2a56d1df8bf7b3bd985ad0eba0be555a5f41c993079c63 (8-bit RGBA work image sha256:ecf6a49d11376c7b)	bc7enc_rdo b943862 (bc7enc v1.08, MIT / public domain; built with MSVC 2022 cl /O2 /openmp, 4-mode CLI, ispc not used); per level: -C -u4 -z1 -g -q -f; own mip chain (Pillow BOX, normals renormalised, padded to 4x4 by edge replication), payloads concatenated into a DX10 DDS (linear format)	DDS (DX10 header), BC7_UNORM, 1024x1024, 11 mips, 2-D
27-game-assets/textures-dds/ph_brick_normal_1k/ph_brick_normal_1k.bc7.bc7enc-u4-z2.dds	1398276	7531c57ae65b488dfb1f6fce62767c682353a4356b4f789b26a69b9a043d2ca9	27-game-assets_textures-dds.zip	CC0-1.0	none required (courtesy credit in README)	https://dl.polyhaven.org/file/ph-assets/Textures/png/1k/brick_wall_005/brick_wall_005_nor_gl_1k.png	brick_wall_005_nor_gl_1k.png sha256:845f7807822a26445e2a56d1df8bf7b3bd985ad0eba0be555a5f41c993079c63 (8-bit RGBA work image sha256:ecf6a49d11376c7b)	bc7enc_rdo b943862 (bc7enc v1.08, MIT / public domain; built with MSVC 2022 cl /O2 /openmp, 4-mode CLI, ispc not used); per level: -C -u4 -z2 -g -q -f; own mip chain (Pillow BOX, normals renormalised, padded to 4x4 by edge replication), payloads concatenated into a DX10 DDS (linear format)	DDS (DX10 header), BC7_UNORM, 1024x1024, 11 mips, 2-D
27-game-assets/textures-dds/ph_brick_normal_1k/ph_brick_normal_1k.bc7.bc7enc-u4.dds	1398276	2e68c28720729069a301ef64d6ca173aa00941bff7ac926ec7a8c10bcf1e96a2	27-game-assets_textures-dds.zip	CC0-1.0	none required (courtesy credit in README)	https://dl.polyhaven.org/file/ph-assets/Textures/png/1k/brick_wall_005/brick_wall_005_nor_gl_1k.png	brick_wall_005_nor_gl_1k.png sha256:845f7807822a26445e2a56d1df8bf7b3bd985ad0eba0be555a5f41c993079c63 (8-bit RGBA work image sha256:ecf6a49d11376c7b)	bc7enc_rdo b943862 (bc7enc v1.08, MIT / public domain; built with MSVC 2022 cl /O2 /openmp, 4-mode CLI, ispc not used); per level: -C -u4  -g -q -f; own mip chain (Pillow BOX, normals renormalised, padded to 4x4 by edge replication), payloads concatenated into a DX10 DDS (linear format)	DDS (DX10 header), BC7_UNORM, 1024x1024, 11 mips, 2-D
27-game-assets/textures-dds/ph_brick_normal_1k/ph_brick_normal_1k.bc7.texconv.dds	1398276	c408980cb838e5cc71d3b3b2f7f39e824f4bf930fb102836a48e6c31a2ab067a	27-game-assets_textures-dds.zip	CC0-1.0	none required (courtesy credit in README)	https://dl.polyhaven.org/file/ph-assets/Textures/png/1k/brick_wall_005/brick_wall_005_nor_gl_1k.png	brick_wall_005_nor_gl_1k.png sha256:845f7807822a26445e2a56d1df8bf7b3bd985ad0eba0be555a5f41c993079c63 (8-bit RGBA work image sha256:ecf6a49d11376c7b)	DirectXTex texconv 2026.5.8.1 (tag may2026, MIT); -nogpu -m 0 -f BC7_UNORM -dx10 -ft dds (texconv's own mip chain and default CPU BC7 codec)	DDS (DX10 header), BC7_UNORM, 1024x1024, 11 mips, 2-D
27-game-assets/textures-dds/ph_brick_normal_2k/ph_brick_normal_2k.bc1.bc7enc.dds	2796364	93c0ef94f0c43491be62180803efe7914aa5440a1f9f034b2d6868a300c76f63	27-game-assets_textures-dds.zip	CC0-1.0	none required (courtesy credit in README)	https://dl.polyhaven.org/file/ph-assets/Textures/png/2k/brick_wall_005/brick_wall_005_nor_gl_2k.png	brick_wall_005_nor_gl_2k.png sha256:6173692437c2ac830adf9d8862a128b281c5a5ad83871ccae76fb0a3510955bb (8-bit RGBA work image sha256:0fc6183f1eefb5e6)	bc7enc_rdo b943862 (bc7enc v1.08, MIT / public domain; built with MSVC 2022 cl /O2 /openmp, 4-mode CLI, ispc not used); per level: -1  -g -q -f; own mip chain (Pillow BOX, normals renormalised, padded to 4x4 by edge replication), payloads concatenated into a DX10 DDS (linear format)	DDS (DX10 header), BC1_UNORM, 2048x2048, 12 mips, 2-D
27-game-assets/textures-dds/ph_brick_normal_2k/ph_brick_normal_2k.bc5.bc7enc.dds	5592580	fff68269f0b9f48ea4c3194a2122b413fba01b8fd84a2af45b8b022ad70eba5f	27-game-assets_textures-dds.zip	CC0-1.0	none required (courtesy credit in README)	https://dl.polyhaven.org/file/ph-assets/Textures/png/2k/brick_wall_005/brick_wall_005_nor_gl_2k.png	brick_wall_005_nor_gl_2k.png sha256:6173692437c2ac830adf9d8862a128b281c5a5ad83871ccae76fb0a3510955bb (8-bit RGBA work image sha256:0fc6183f1eefb5e6)	bc7enc_rdo b943862 (bc7enc v1.08, MIT / public domain; built with MSVC 2022 cl /O2 /openmp, 4-mode CLI, ispc not used); per level: -5  -g -q -f; own mip chain (Pillow BOX, normals renormalised, padded to 4x4 by edge replication), payloads concatenated into a DX10 DDS (linear format)	DDS (DX10 header), BC5_UNORM, 2048x2048, 12 mips, 2-D
27-game-assets/textures-dds/ph_brick_normal_2k/ph_brick_normal_2k.bc7.bc7enc-u4-z1.dds	5592580	a2b133ce651142f06a2e9d9f95b92bc38af8ebda46af15d7d38fd2fa8c36e413	27-game-assets_textures-dds.zip	CC0-1.0	none required (courtesy credit in README)	https://dl.polyhaven.org/file/ph-assets/Textures/png/2k/brick_wall_005/brick_wall_005_nor_gl_2k.png	brick_wall_005_nor_gl_2k.png sha256:6173692437c2ac830adf9d8862a128b281c5a5ad83871ccae76fb0a3510955bb (8-bit RGBA work image sha256:0fc6183f1eefb5e6)	bc7enc_rdo b943862 (bc7enc v1.08, MIT / public domain; built with MSVC 2022 cl /O2 /openmp, 4-mode CLI, ispc not used); per level: -C -u4 -z1 -g -q -f; own mip chain (Pillow BOX, normals renormalised, padded to 4x4 by edge replication), payloads concatenated into a DX10 DDS (linear format)	DDS (DX10 header), BC7_UNORM, 2048x2048, 12 mips, 2-D
27-game-assets/textures-dds/ph_brick_normal_2k/ph_brick_normal_2k.bc7.bc7enc-u4.dds	5592580	081a6edb14f9ea553050a33ca3de3f49b64463735e0a450aa171ba1e345263ee	27-game-assets_textures-dds.zip	CC0-1.0	none required (courtesy credit in README)	https://dl.polyhaven.org/file/ph-assets/Textures/png/2k/brick_wall_005/brick_wall_005_nor_gl_2k.png	brick_wall_005_nor_gl_2k.png sha256:6173692437c2ac830adf9d8862a128b281c5a5ad83871ccae76fb0a3510955bb (8-bit RGBA work image sha256:0fc6183f1eefb5e6)	bc7enc_rdo b943862 (bc7enc v1.08, MIT / public domain; built with MSVC 2022 cl /O2 /openmp, 4-mode CLI, ispc not used); per level: -C -u4  -g -q -f; own mip chain (Pillow BOX, normals renormalised, padded to 4x4 by edge replication), payloads concatenated into a DX10 DDS (linear format)	DDS (DX10 header), BC7_UNORM, 2048x2048, 12 mips, 2-D
27-game-assets/textures-dds/ph_brick_normal_2k/ph_brick_normal_2k.bc7.texconv.dds	5592580	c82de545333aeb25ab52a6a529eb3bcf9f084bb488b4ebe1d77e3f2c75740ade	27-game-assets_textures-dds.zip	CC0-1.0	none required (courtesy credit in README)	https://dl.polyhaven.org/file/ph-assets/Textures/png/2k/brick_wall_005/brick_wall_005_nor_gl_2k.png	brick_wall_005_nor_gl_2k.png sha256:6173692437c2ac830adf9d8862a128b281c5a5ad83871ccae76fb0a3510955bb (8-bit RGBA work image sha256:0fc6183f1eefb5e6)	DirectXTex texconv 2026.5.8.1 (tag may2026, MIT); -nogpu -m 0 -f BC7_UNORM -dx10 -ft dds (texconv's own mip chain and default CPU BC7 codec)	DDS (DX10 header), BC7_UNORM, 2048x2048, 12 mips, 2-D
27-game-assets/textures-dds/ph_leather_arm_1k/ph_leather_arm_1k.bc1.bc7enc.dds	699212	d532c1cdfe180d898ef3ba763d2969ad47a00042da0ea74902cb0760e009bf6d	27-game-assets_textures-dds.zip	CC0-1.0	none required (courtesy credit in README)	https://dl.polyhaven.org/file/ph-assets/Textures/png/1k/brown_leather/brown_leather_arm_1k.png	brown_leather_arm_1k.png sha256:0234c75f09a2e6af6eecd8674e79b413f41d4a665f1ecbfc84eb3e3ffe6419c3 (8-bit RGBA work image sha256:cd4568ba4b72d4bb)	bc7enc_rdo b943862 (bc7enc v1.08, MIT / public domain; built with MSVC 2022 cl /O2 /openmp, 4-mode CLI, ispc not used); per level: -1  -g -q -f; own mip chain (Pillow BOX, normals renormalised, padded to 4x4 by edge replication), payloads concatenated into a DX10 DDS (linear format)	DDS (DX10 header), BC1_UNORM, 1024x1024, 11 mips, 2-D
27-game-assets/textures-dds/ph_leather_arm_1k/ph_leather_arm_1k.bc1.texconv.dds	699212	22ff67a56ab1fe668bd387191a89e0e4699e834cc37f3fb0ce9967c8abfd5da9	27-game-assets_textures-dds.zip	CC0-1.0	none required (courtesy credit in README)	https://dl.polyhaven.org/file/ph-assets/Textures/png/1k/brown_leather/brown_leather_arm_1k.png	brown_leather_arm_1k.png sha256:0234c75f09a2e6af6eecd8674e79b413f41d4a665f1ecbfc84eb3e3ffe6419c3 (8-bit RGBA work image sha256:cd4568ba4b72d4bb)	DirectXTex texconv 2026.5.8.1 (tag may2026, MIT); -nogpu -m 0 -f BC1_UNORM -dx10 -ft dds (texconv's own mip chain and default CPU BC1 codec)	DDS (DX10 header), BC1_UNORM, 1024x1024, 11 mips, 2-D
27-game-assets/textures-dds/ph_leather_arm_1k/ph_leather_arm_1k.bc3.bc7enc.dds	1398276	ddae71f02660498497e2f5db4bf43479cd26423acb6baa0ff1f8558170cd6717	27-game-assets_textures-dds.zip	CC0-1.0	none required (courtesy credit in README)	https://dl.polyhaven.org/file/ph-assets/Textures/png/1k/brown_leather/brown_leather_arm_1k.png	brown_leather_arm_1k.png sha256:0234c75f09a2e6af6eecd8674e79b413f41d4a665f1ecbfc84eb3e3ffe6419c3 (8-bit RGBA work image sha256:cd4568ba4b72d4bb)	bc7enc_rdo b943862 (bc7enc v1.08, MIT / public domain; built with MSVC 2022 cl /O2 /openmp, 4-mode CLI, ispc not used); per level: -3  -g -q -f; own mip chain (Pillow BOX, normals renormalised, padded to 4x4 by edge replication), payloads concatenated into a DX10 DDS (linear format)	DDS (DX10 header), BC3_UNORM, 1024x1024, 11 mips, 2-D
27-game-assets/textures-dds/ph_leather_arm_1k/ph_leather_arm_1k.bc3.etcpak.dds	1398276	68b779f465454b064174a973d4e674a21149e13688623e16a510251a95e8e426	27-game-assets_textures-dds.zip	CC0-1.0	none required (courtesy credit in README)	https://dl.polyhaven.org/file/ph-assets/Textures/png/1k/brown_leather/brown_leather_arm_1k.png	brown_leather_arm_1k.png sha256:0234c75f09a2e6af6eecd8674e79b413f41d4a665f1ecbfc84eb3e3ffe6419c3 (8-bit RGBA work image sha256:cd4568ba4b72d4bb)	etcpak 0.9.15 (pip wheel: MIT wrapper over etcpak BSD-3-Clause); etcpak.compress_bc3(RGBA8, w, h) per level; own mip chain (Pillow BOX, padded to 4x4)	DDS (DX10 header), BC3_UNORM, 1024x1024, 11 mips, 2-D
27-game-assets/textures-dds/ph_leather_arm_1k/ph_leather_arm_1k.bc3.texconv.dds	1398276	46337761e58a47c5c3bb6027c57abd0c340d3427591e155d4f2a9c7924db5688	27-game-assets_textures-dds.zip	CC0-1.0	none required (courtesy credit in README)	https://dl.polyhaven.org/file/ph-assets/Textures/png/1k/brown_leather/brown_leather_arm_1k.png	brown_leather_arm_1k.png sha256:0234c75f09a2e6af6eecd8674e79b413f41d4a665f1ecbfc84eb3e3ffe6419c3 (8-bit RGBA work image sha256:cd4568ba4b72d4bb)	DirectXTex texconv 2026.5.8.1 (tag may2026, MIT); -nogpu -m 0 -f BC3_UNORM -dx10 -ft dds (texconv's own mip chain and default CPU BC3 codec)	DDS (DX10 header), BC3_UNORM, 1024x1024, 11 mips, 2-D
27-game-assets/textures-dds/ph_leather_arm_1k/ph_leather_arm_1k.bc7.bc7enc-u4-e.dds	1398276	46324605edbaa6bc8b97e9e6773dbd75e72978ab1e420fac82de91c4a340a2df	27-game-assets_textures-dds.zip	CC0-1.0	none required (courtesy credit in README)	https://dl.polyhaven.org/file/ph-assets/Textures/png/1k/brown_leather/brown_leather_arm_1k.png	brown_leather_arm_1k.png sha256:0234c75f09a2e6af6eecd8674e79b413f41d4a665f1ecbfc84eb3e3ffe6419c3 (8-bit RGBA work image sha256:cd4568ba4b72d4bb)	bc7enc_rdo b943862 (bc7enc v1.08, MIT / public domain; built with MSVC 2022 cl /O2 /openmp, 4-mode CLI, ispc not used); per level: -C -u4 -e -g -q -f; own mip chain (Pillow BOX, normals renormalised, padded to 4x4 by edge replication), payloads concatenated into a DX10 DDS (linear format)	DDS (DX10 header), BC7_UNORM, 1024x1024, 11 mips, 2-D
27-game-assets/textures-dds/ph_leather_arm_1k/ph_leather_arm_1k.bc7.bc7enc-u4-z1.dds	1398276	f7d888734b5dd549751b2e53334e1673d7463aab6c51b6e4773ec26724fbf5e0	27-game-assets_textures-dds.zip	CC0-1.0	none required (courtesy credit in README)	https://dl.polyhaven.org/file/ph-assets/Textures/png/1k/brown_leather/brown_leather_arm_1k.png	brown_leather_arm_1k.png sha256:0234c75f09a2e6af6eecd8674e79b413f41d4a665f1ecbfc84eb3e3ffe6419c3 (8-bit RGBA work image sha256:cd4568ba4b72d4bb)	bc7enc_rdo b943862 (bc7enc v1.08, MIT / public domain; built with MSVC 2022 cl /O2 /openmp, 4-mode CLI, ispc not used); per level: -C -u4 -z1 -g -q -f; own mip chain (Pillow BOX, normals renormalised, padded to 4x4 by edge replication), payloads concatenated into a DX10 DDS (linear format)	DDS (DX10 header), BC7_UNORM, 1024x1024, 11 mips, 2-D
27-game-assets/textures-dds/ph_leather_arm_1k/ph_leather_arm_1k.bc7.bc7enc-u4-z2.dds	1398276	7e07215d0f383bd63717516adf51a1176feafd1f7ffa0df73f5e2b438425711c	27-game-assets_textures-dds.zip	CC0-1.0	none required (courtesy credit in README)	https://dl.polyhaven.org/file/ph-assets/Textures/png/1k/brown_leather/brown_leather_arm_1k.png	brown_leather_arm_1k.png sha256:0234c75f09a2e6af6eecd8674e79b413f41d4a665f1ecbfc84eb3e3ffe6419c3 (8-bit RGBA work image sha256:cd4568ba4b72d4bb)	bc7enc_rdo b943862 (bc7enc v1.08, MIT / public domain; built with MSVC 2022 cl /O2 /openmp, 4-mode CLI, ispc not used); per level: -C -u4 -z2 -g -q -f; own mip chain (Pillow BOX, normals renormalised, padded to 4x4 by edge replication), payloads concatenated into a DX10 DDS (linear format)	DDS (DX10 header), BC7_UNORM, 1024x1024, 11 mips, 2-D
27-game-assets/textures-dds/ph_leather_arm_1k/ph_leather_arm_1k.bc7.bc7enc-u4.dds	1398276	85728de62a427f59a59bfb83103fe7d47a5d3ec51eed10b05f6f0334d2cfe39a	27-game-assets_textures-dds.zip	CC0-1.0	none required (courtesy credit in README)	https://dl.polyhaven.org/file/ph-assets/Textures/png/1k/brown_leather/brown_leather_arm_1k.png	brown_leather_arm_1k.png sha256:0234c75f09a2e6af6eecd8674e79b413f41d4a665f1ecbfc84eb3e3ffe6419c3 (8-bit RGBA work image sha256:cd4568ba4b72d4bb)	bc7enc_rdo b943862 (bc7enc v1.08, MIT / public domain; built with MSVC 2022 cl /O2 /openmp, 4-mode CLI, ispc not used); per level: -C -u4  -g -q -f; own mip chain (Pillow BOX, normals renormalised, padded to 4x4 by edge replication), payloads concatenated into a DX10 DDS (linear format)	DDS (DX10 header), BC7_UNORM, 1024x1024, 11 mips, 2-D
27-game-assets/textures-dds/ph_leather_arm_1k/ph_leather_arm_1k.bc7.texconv.dds	1398276	532ce2a2eb36b6846d8f638d00b01a4bc2743c592f7262fbf31d11a84ad542a1	27-game-assets_textures-dds.zip	CC0-1.0	none required (courtesy credit in README)	https://dl.polyhaven.org/file/ph-assets/Textures/png/1k/brown_leather/brown_leather_arm_1k.png	brown_leather_arm_1k.png sha256:0234c75f09a2e6af6eecd8674e79b413f41d4a665f1ecbfc84eb3e3ffe6419c3 (8-bit RGBA work image sha256:cd4568ba4b72d4bb)	DirectXTex texconv 2026.5.8.1 (tag may2026, MIT); -nogpu -m 0 -f BC7_UNORM -dx10 -ft dds (texconv's own mip chain and default CPU BC7 codec)	DDS (DX10 header), BC7_UNORM, 1024x1024, 11 mips, 2-D
27-game-assets/textures-dds/ph_leather_diffuse_1k/ph_leather_diffuse_1k.bc1.bc7enc.dds	699212	f4c23a4856a1af6dc7c86ed489413a46102addcb164a572ac09e0a5a4c6197ae	27-game-assets_textures-dds.zip	CC0-1.0	none required (courtesy credit in README)	https://dl.polyhaven.org/file/ph-assets/Textures/png/1k/brown_leather/brown_leather_albedo_1k.png	brown_leather_Diffuse_1k.png sha256:24f8bf54ee3b436f3077eacefb710ab77f62772fb75c5298e862854b597cd664 (8-bit RGBA work image sha256:017f792c28a9b89b)	bc7enc_rdo b943862 (bc7enc v1.08, MIT / public domain; built with MSVC 2022 cl /O2 /openmp, 4-mode CLI, ispc not used); per level: -1  -g -q -f; own mip chain (Pillow BOX, normals renormalised, padded to 4x4 by edge replication), payloads concatenated into a DX10 DDS (sRGB format)	DDS (DX10 header), BC1_UNORM_SRGB, 1024x1024, 11 mips, 2-D
27-game-assets/textures-dds/ph_leather_diffuse_1k/ph_leather_diffuse_1k.bc1.etcpak.dds	699212	c9c4278ee5ffd72077bbd2559f96d19c162396e8883a2da4dbbcca346f26ddc0	27-game-assets_textures-dds.zip	CC0-1.0	none required (courtesy credit in README)	https://dl.polyhaven.org/file/ph-assets/Textures/png/1k/brown_leather/brown_leather_albedo_1k.png	brown_leather_Diffuse_1k.png sha256:24f8bf54ee3b436f3077eacefb710ab77f62772fb75c5298e862854b597cd664 (8-bit RGBA work image sha256:017f792c28a9b89b)	etcpak 0.9.15 (pip wheel: MIT wrapper over etcpak BSD-3-Clause); etcpak.compress_bc1(RGBA8, w, h) per level; own mip chain (Pillow BOX, padded to 4x4)	DDS (DX10 header), BC1_UNORM_SRGB, 1024x1024, 11 mips, 2-D
27-game-assets/textures-dds/ph_leather_diffuse_1k/ph_leather_diffuse_1k.bc1.texconv.dds	699212	7822c6b016046856db43c9ed75d11ac90310a6ec72989be2c4e8c1c8039a6945	27-game-assets_textures-dds.zip	CC0-1.0	none required (courtesy credit in README)	https://dl.polyhaven.org/file/ph-assets/Textures/png/1k/brown_leather/brown_leather_albedo_1k.png	brown_leather_Diffuse_1k.png sha256:24f8bf54ee3b436f3077eacefb710ab77f62772fb75c5298e862854b597cd664 (8-bit RGBA work image sha256:017f792c28a9b89b)	DirectXTex texconv 2026.5.8.1 (tag may2026, MIT); -nogpu -m 0 -f BC1_UNORM_SRGB -dx10 -ft dds -srgb (texconv's own mip chain and default CPU BC1 codec)	DDS (DX10 header), BC1_UNORM_SRGB, 1024x1024, 11 mips, 2-D
27-game-assets/textures-dds/ph_leather_diffuse_1k/ph_leather_diffuse_1k.bc3.bc7enc.dds	1398276	8a55b65391bc57b01d0ac5e5219e47a6dedcbc425e11147d3e406fbd3351833a	27-game-assets_textures-dds.zip	CC0-1.0	none required (courtesy credit in README)	https://dl.polyhaven.org/file/ph-assets/Textures/png/1k/brown_leather/brown_leather_albedo_1k.png	brown_leather_Diffuse_1k.png sha256:24f8bf54ee3b436f3077eacefb710ab77f62772fb75c5298e862854b597cd664 (8-bit RGBA work image sha256:017f792c28a9b89b)	bc7enc_rdo b943862 (bc7enc v1.08, MIT / public domain; built with MSVC 2022 cl /O2 /openmp, 4-mode CLI, ispc not used); per level: -3  -g -q -f; own mip chain (Pillow BOX, normals renormalised, padded to 4x4 by edge replication), payloads concatenated into a DX10 DDS (sRGB format)	DDS (DX10 header), BC3_UNORM_SRGB, 1024x1024, 11 mips, 2-D
27-game-assets/textures-dds/ph_leather_diffuse_1k/ph_leather_diffuse_1k.bc3.etcpak.dds	1398276	eb0c05c9ac649cc72342991b17ab5c5e28618eec911ae7332b1f9ed3429c0594	27-game-assets_textures-dds.zip	CC0-1.0	none required (courtesy credit in README)	https://dl.polyhaven.org/file/ph-assets/Textures/png/1k/brown_leather/brown_leather_albedo_1k.png	brown_leather_Diffuse_1k.png sha256:24f8bf54ee3b436f3077eacefb710ab77f62772fb75c5298e862854b597cd664 (8-bit RGBA work image sha256:017f792c28a9b89b)	etcpak 0.9.15 (pip wheel: MIT wrapper over etcpak BSD-3-Clause); etcpak.compress_bc3(RGBA8, w, h) per level; own mip chain (Pillow BOX, padded to 4x4)	DDS (DX10 header), BC3_UNORM_SRGB, 1024x1024, 11 mips, 2-D
27-game-assets/textures-dds/ph_leather_diffuse_1k/ph_leather_diffuse_1k.bc3.texconv.dds	1398276	d2186129a5af4f8de24a6ada5a11003172365f42f2beb041ee4e5379fb3b1cf3	27-game-assets_textures-dds.zip	CC0-1.0	none required (courtesy credit in README)	https://dl.polyhaven.org/file/ph-assets/Textures/png/1k/brown_leather/brown_leather_albedo_1k.png	brown_leather_Diffuse_1k.png sha256:24f8bf54ee3b436f3077eacefb710ab77f62772fb75c5298e862854b597cd664 (8-bit RGBA work image sha256:017f792c28a9b89b)	DirectXTex texconv 2026.5.8.1 (tag may2026, MIT); -nogpu -m 0 -f BC3_UNORM_SRGB -dx10 -ft dds -srgb (texconv's own mip chain and default CPU BC3 codec)	DDS (DX10 header), BC3_UNORM_SRGB, 1024x1024, 11 mips, 2-D
27-game-assets/textures-dds/ph_leather_diffuse_1k/ph_leather_diffuse_1k.bc7.bc7enc-u4-e.dds	1398276	910285f242e93e9bb19766bbe67517e5e0e5079a0f63fe29c0a620cbbb24fc24	27-game-assets_textures-dds.zip	CC0-1.0	none required (courtesy credit in README)	https://dl.polyhaven.org/file/ph-assets/Textures/png/1k/brown_leather/brown_leather_albedo_1k.png	brown_leather_Diffuse_1k.png sha256:24f8bf54ee3b436f3077eacefb710ab77f62772fb75c5298e862854b597cd664 (8-bit RGBA work image sha256:017f792c28a9b89b)	bc7enc_rdo b943862 (bc7enc v1.08, MIT / public domain; built with MSVC 2022 cl /O2 /openmp, 4-mode CLI, ispc not used); per level: -C -u4 -e -g -q -f; own mip chain (Pillow BOX, normals renormalised, padded to 4x4 by edge replication), payloads concatenated into a DX10 DDS (sRGB format)	DDS (DX10 header), BC7_UNORM_SRGB, 1024x1024, 11 mips, 2-D
27-game-assets/textures-dds/ph_leather_diffuse_1k/ph_leather_diffuse_1k.bc7.bc7enc-u4-z0.5.dds	1398276	74e0a0466d3d5d18bb7922f4c8ab660cc73fcf2f9e3f792035415fbbdca0b48b	27-game-assets_textures-dds.zip	CC0-1.0	none required (courtesy credit in README)	https://dl.polyhaven.org/file/ph-assets/Textures/png/1k/brown_leather/brown_leather_albedo_1k.png	brown_leather_Diffuse_1k.png sha256:24f8bf54ee3b436f3077eacefb710ab77f62772fb75c5298e862854b597cd664 (8-bit RGBA work image sha256:017f792c28a9b89b)	bc7enc_rdo b943862 (bc7enc v1.08, MIT / public domain; built with MSVC 2022 cl /O2 /openmp, 4-mode CLI, ispc not used); per level: -C -u4 -z0.5 -g -q -f; own mip chain (Pillow BOX, normals renormalised, padded to 4x4 by edge replication), payloads concatenated into a DX10 DDS (sRGB format)	DDS (DX10 header), BC7_UNORM_SRGB, 1024x1024, 11 mips, 2-D
27-game-assets/textures-dds/ph_leather_diffuse_1k/ph_leather_diffuse_1k.bc7.bc7enc-u4-z1.dds	1398276	c22f7116bcc0767c0f3f319d3d3eef00aeffbaace942a57052e7898e8dfb1b19	27-game-assets_textures-dds.zip	CC0-1.0	none required (courtesy credit in README)	https://dl.polyhaven.org/file/ph-assets/Textures/png/1k/brown_leather/brown_leather_albedo_1k.png	brown_leather_Diffuse_1k.png sha256:24f8bf54ee3b436f3077eacefb710ab77f62772fb75c5298e862854b597cd664 (8-bit RGBA work image sha256:017f792c28a9b89b)	bc7enc_rdo b943862 (bc7enc v1.08, MIT / public domain; built with MSVC 2022 cl /O2 /openmp, 4-mode CLI, ispc not used); per level: -C -u4 -z1 -g -q -f; own mip chain (Pillow BOX, normals renormalised, padded to 4x4 by edge replication), payloads concatenated into a DX10 DDS (sRGB format)	DDS (DX10 header), BC7_UNORM_SRGB, 1024x1024, 11 mips, 2-D
27-game-assets/textures-dds/ph_leather_diffuse_1k/ph_leather_diffuse_1k.bc7.bc7enc-u4-z2.dds	1398276	c77a81569ed5ea8ae7c0558727663de655dd95cd99c9bd1523d2acb58e45d141	27-game-assets_textures-dds.zip	CC0-1.0	none required (courtesy credit in README)	https://dl.polyhaven.org/file/ph-assets/Textures/png/1k/brown_leather/brown_leather_albedo_1k.png	brown_leather_Diffuse_1k.png sha256:24f8bf54ee3b436f3077eacefb710ab77f62772fb75c5298e862854b597cd664 (8-bit RGBA work image sha256:017f792c28a9b89b)	bc7enc_rdo b943862 (bc7enc v1.08, MIT / public domain; built with MSVC 2022 cl /O2 /openmp, 4-mode CLI, ispc not used); per level: -C -u4 -z2 -g -q -f; own mip chain (Pillow BOX, normals renormalised, padded to 4x4 by edge replication), payloads concatenated into a DX10 DDS (sRGB format)	DDS (DX10 header), BC7_UNORM_SRGB, 1024x1024, 11 mips, 2-D
27-game-assets/textures-dds/ph_leather_diffuse_1k/ph_leather_diffuse_1k.bc7.bc7enc-u4.dds	1398276	1108d1170b8931b5ab6de647564b62f2a5cb2314f1c7bae389e61ada96da3e6a	27-game-assets_textures-dds.zip	CC0-1.0	none required (courtesy credit in README)	https://dl.polyhaven.org/file/ph-assets/Textures/png/1k/brown_leather/brown_leather_albedo_1k.png	brown_leather_Diffuse_1k.png sha256:24f8bf54ee3b436f3077eacefb710ab77f62772fb75c5298e862854b597cd664 (8-bit RGBA work image sha256:017f792c28a9b89b)	bc7enc_rdo b943862 (bc7enc v1.08, MIT / public domain; built with MSVC 2022 cl /O2 /openmp, 4-mode CLI, ispc not used); per level: -C -u4  -g -q -f; own mip chain (Pillow BOX, normals renormalised, padded to 4x4 by edge replication), payloads concatenated into a DX10 DDS (sRGB format)	DDS (DX10 header), BC7_UNORM_SRGB, 1024x1024, 11 mips, 2-D
27-game-assets/textures-dds/ph_leather_diffuse_1k/ph_leather_diffuse_1k.bc7.texconv.dds	1398276	119ec0df67695d16ffdc09587fe17142b2ec8265786192d9b6b3bbc81305e310	27-game-assets_textures-dds.zip	CC0-1.0	none required (courtesy credit in README)	https://dl.polyhaven.org/file/ph-assets/Textures/png/1k/brown_leather/brown_leather_albedo_1k.png	brown_leather_Diffuse_1k.png sha256:24f8bf54ee3b436f3077eacefb710ab77f62772fb75c5298e862854b597cd664 (8-bit RGBA work image sha256:017f792c28a9b89b)	DirectXTex texconv 2026.5.8.1 (tag may2026, MIT); -nogpu -m 0 -f BC7_UNORM_SRGB -dx10 -ft dds -srgb (texconv's own mip chain and default CPU BC7 codec)	DDS (DX10 header), BC7_UNORM_SRGB, 1024x1024, 11 mips, 2-D
27-game-assets/textures-dds/ph_leather_diffuse_2k/ph_leather_diffuse_2k.bc1.bc7enc.dds	2796364	c120661995f2956a9ebbfee99276776e0e3e1f6136eeff38ab1752802a6845d7	27-game-assets_textures-dds.zip	CC0-1.0	none required (courtesy credit in README)	https://dl.polyhaven.org/file/ph-assets/Textures/png/2k/brown_leather/brown_leather_albedo_2k.png	brown_leather_Diffuse_2k.png sha256:e3d2b4be0c73560e7ca061743a803531bff565a50ba6eee3ad77c6001d775feb (8-bit RGBA work image sha256:6df47f3abe160f33)	bc7enc_rdo b943862 (bc7enc v1.08, MIT / public domain; built with MSVC 2022 cl /O2 /openmp, 4-mode CLI, ispc not used); per level: -1  -g -q -f; own mip chain (Pillow BOX, normals renormalised, padded to 4x4 by edge replication), payloads concatenated into a DX10 DDS (sRGB format)	DDS (DX10 header), BC1_UNORM_SRGB, 2048x2048, 12 mips, 2-D
27-game-assets/textures-dds/ph_leather_diffuse_2k/ph_leather_diffuse_2k.bc3.bc7enc.dds	5592580	08b0df278803b303f82ffe969a446ed8730ad85343d36fad87e8169b5c5aa7ed	27-game-assets_textures-dds.zip	CC0-1.0	none required (courtesy credit in README)	https://dl.polyhaven.org/file/ph-assets/Textures/png/2k/brown_leather/brown_leather_albedo_2k.png	brown_leather_Diffuse_2k.png sha256:e3d2b4be0c73560e7ca061743a803531bff565a50ba6eee3ad77c6001d775feb (8-bit RGBA work image sha256:6df47f3abe160f33)	bc7enc_rdo b943862 (bc7enc v1.08, MIT / public domain; built with MSVC 2022 cl /O2 /openmp, 4-mode CLI, ispc not used); per level: -3  -g -q -f; own mip chain (Pillow BOX, normals renormalised, padded to 4x4 by edge replication), payloads concatenated into a DX10 DDS (sRGB format)	DDS (DX10 header), BC3_UNORM_SRGB, 2048x2048, 12 mips, 2-D
27-game-assets/textures-dds/ph_leather_diffuse_2k/ph_leather_diffuse_2k.bc7.bc7enc-u4-z1.dds	5592580	256009af05ee3e5150088df3725adf5add39ebc90054128d586a12b6b84c262b	27-game-assets_textures-dds.zip	CC0-1.0	none required (courtesy credit in README)	https://dl.polyhaven.org/file/ph-assets/Textures/png/2k/brown_leather/brown_leather_albedo_2k.png	brown_leather_Diffuse_2k.png sha256:e3d2b4be0c73560e7ca061743a803531bff565a50ba6eee3ad77c6001d775feb (8-bit RGBA work image sha256:6df47f3abe160f33)	bc7enc_rdo b943862 (bc7enc v1.08, MIT / public domain; built with MSVC 2022 cl /O2 /openmp, 4-mode CLI, ispc not used); per level: -C -u4 -z1 -g -q -f; own mip chain (Pillow BOX, normals renormalised, padded to 4x4 by edge replication), payloads concatenated into a DX10 DDS (sRGB format)	DDS (DX10 header), BC7_UNORM_SRGB, 2048x2048, 12 mips, 2-D
27-game-assets/textures-dds/ph_leather_diffuse_2k/ph_leather_diffuse_2k.bc7.bc7enc-u4.dds	5592580	34f2a5b057e1f4452577e387b41d606a1fb672d1d1d566fc4963df4e86e775df	27-game-assets_textures-dds.zip	CC0-1.0	none required (courtesy credit in README)	https://dl.polyhaven.org/file/ph-assets/Textures/png/2k/brown_leather/brown_leather_albedo_2k.png	brown_leather_Diffuse_2k.png sha256:e3d2b4be0c73560e7ca061743a803531bff565a50ba6eee3ad77c6001d775feb (8-bit RGBA work image sha256:6df47f3abe160f33)	bc7enc_rdo b943862 (bc7enc v1.08, MIT / public domain; built with MSVC 2022 cl /O2 /openmp, 4-mode CLI, ispc not used); per level: -C -u4  -g -q -f; own mip chain (Pillow BOX, normals renormalised, padded to 4x4 by edge replication), payloads concatenated into a DX10 DDS (sRGB format)	DDS (DX10 header), BC7_UNORM_SRGB, 2048x2048, 12 mips, 2-D
27-game-assets/textures-dds/ph_leather_diffuse_2k/ph_leather_diffuse_2k.bc7.texconv.dds	5592580	a011227fccafc8f007673b0c040f84a9846a6d8235e10f94b403a8d63b1b7594	27-game-assets_textures-dds.zip	CC0-1.0	none required (courtesy credit in README)	https://dl.polyhaven.org/file/ph-assets/Textures/png/2k/brown_leather/brown_leather_albedo_2k.png	brown_leather_Diffuse_2k.png sha256:e3d2b4be0c73560e7ca061743a803531bff565a50ba6eee3ad77c6001d775feb (8-bit RGBA work image sha256:6df47f3abe160f33)	DirectXTex texconv 2026.5.8.1 (tag may2026, MIT); -nogpu -m 0 -f BC7_UNORM_SRGB -dx10 -ft dds -srgb (texconv's own mip chain and default CPU BC7 codec)	DDS (DX10 header), BC7_UNORM_SRGB, 2048x2048, 12 mips, 2-D
27-game-assets/textures-dds/ph_leather_normal_1k/ph_leather_normal_1k.bc1.bc7enc.dds	699212	ba3c2582922da3520e8f00579541723b4735fdeaf014b4410a1dbde8c6ff5be4	27-game-assets_textures-dds.zip	CC0-1.0	none required (courtesy credit in README)	https://dl.polyhaven.org/file/ph-assets/Textures/png/1k/brown_leather/brown_leather_nor_gl_1k.png	brown_leather_nor_gl_1k.png sha256:6354daff40330a2fcd6c1061912876ddc79889c960975adba336b013db5edcd5 (8-bit RGBA work image sha256:7891ca53399a6c69)	bc7enc_rdo b943862 (bc7enc v1.08, MIT / public domain; built with MSVC 2022 cl /O2 /openmp, 4-mode CLI, ispc not used); per level: -1  -g -q -f; own mip chain (Pillow BOX, normals renormalised, padded to 4x4 by edge replication), payloads concatenated into a DX10 DDS (linear format)	DDS (DX10 header), BC1_UNORM, 1024x1024, 11 mips, 2-D
27-game-assets/textures-dds/ph_leather_normal_1k/ph_leather_normal_1k.bc1.texconv.dds	699212	4ac39edd8bd07a9ec5a352fe137bb4b78d6087578b0c3f18966c0d8a74685c3f	27-game-assets_textures-dds.zip	CC0-1.0	none required (courtesy credit in README)	https://dl.polyhaven.org/file/ph-assets/Textures/png/1k/brown_leather/brown_leather_nor_gl_1k.png	brown_leather_nor_gl_1k.png sha256:6354daff40330a2fcd6c1061912876ddc79889c960975adba336b013db5edcd5 (8-bit RGBA work image sha256:7891ca53399a6c69)	DirectXTex texconv 2026.5.8.1 (tag may2026, MIT); -nogpu -m 0 -f BC1_UNORM -dx10 -ft dds (texconv's own mip chain and default CPU BC1 codec)	DDS (DX10 header), BC1_UNORM, 1024x1024, 11 mips, 2-D
27-game-assets/textures-dds/ph_leather_normal_1k/ph_leather_normal_1k.bc5.bc7enc.dds	1398276	72ee70924c7b00ad1292035d1a6298f7ccbf60caba4f0f450537e23a24fdb31a	27-game-assets_textures-dds.zip	CC0-1.0	none required (courtesy credit in README)	https://dl.polyhaven.org/file/ph-assets/Textures/png/1k/brown_leather/brown_leather_nor_gl_1k.png	brown_leather_nor_gl_1k.png sha256:6354daff40330a2fcd6c1061912876ddc79889c960975adba336b013db5edcd5 (8-bit RGBA work image sha256:7891ca53399a6c69)	bc7enc_rdo b943862 (bc7enc v1.08, MIT / public domain; built with MSVC 2022 cl /O2 /openmp, 4-mode CLI, ispc not used); per level: -5  -g -q -f; own mip chain (Pillow BOX, normals renormalised, padded to 4x4 by edge replication), payloads concatenated into a DX10 DDS (linear format)	DDS (DX10 header), BC5_UNORM, 1024x1024, 11 mips, 2-D
27-game-assets/textures-dds/ph_leather_normal_1k/ph_leather_normal_1k.bc5.etcpak.dds	1398276	894a7112fbe3db0f471a9f368fe7d047dd64fa0ae677f67d6a88d2ff7e1a5d6c	27-game-assets_textures-dds.zip	CC0-1.0	none required (courtesy credit in README)	https://dl.polyhaven.org/file/ph-assets/Textures/png/1k/brown_leather/brown_leather_nor_gl_1k.png	brown_leather_nor_gl_1k.png sha256:6354daff40330a2fcd6c1061912876ddc79889c960975adba336b013db5edcd5 (8-bit RGBA work image sha256:7891ca53399a6c69)	etcpak 0.9.15 (pip wheel: MIT wrapper over etcpak BSD-3-Clause); etcpak.compress_bc5(RGBA8, w, h) per level; own mip chain (Pillow BOX, padded to 4x4)	DDS (DX10 header), BC5_UNORM, 1024x1024, 11 mips, 2-D
27-game-assets/textures-dds/ph_leather_normal_1k/ph_leather_normal_1k.bc5.texconv.dds	1398276	9ef0e07814dbedf4de72ae818be751804974130f736fda2210746a30b4f93b78	27-game-assets_textures-dds.zip	CC0-1.0	none required (courtesy credit in README)	https://dl.polyhaven.org/file/ph-assets/Textures/png/1k/brown_leather/brown_leather_nor_gl_1k.png	brown_leather_nor_gl_1k.png sha256:6354daff40330a2fcd6c1061912876ddc79889c960975adba336b013db5edcd5 (8-bit RGBA work image sha256:7891ca53399a6c69)	DirectXTex texconv 2026.5.8.1 (tag may2026, MIT); -nogpu -m 0 -f BC5_UNORM -dx10 -ft dds (texconv's own mip chain and default CPU BC5 codec)	DDS (DX10 header), BC5_UNORM, 1024x1024, 11 mips, 2-D
27-game-assets/textures-dds/ph_leather_normal_1k/ph_leather_normal_1k.bc7.bc7enc-u4-e.dds	1398276	422f5e63cefc51f6a448f3eea7f949691808e0fa47a41957c2ed4a3171f0ad9b	27-game-assets_textures-dds.zip	CC0-1.0	none required (courtesy credit in README)	https://dl.polyhaven.org/file/ph-assets/Textures/png/1k/brown_leather/brown_leather_nor_gl_1k.png	brown_leather_nor_gl_1k.png sha256:6354daff40330a2fcd6c1061912876ddc79889c960975adba336b013db5edcd5 (8-bit RGBA work image sha256:7891ca53399a6c69)	bc7enc_rdo b943862 (bc7enc v1.08, MIT / public domain; built with MSVC 2022 cl /O2 /openmp, 4-mode CLI, ispc not used); per level: -C -u4 -e -g -q -f; own mip chain (Pillow BOX, normals renormalised, padded to 4x4 by edge replication), payloads concatenated into a DX10 DDS (linear format)	DDS (DX10 header), BC7_UNORM, 1024x1024, 11 mips, 2-D
27-game-assets/textures-dds/ph_leather_normal_1k/ph_leather_normal_1k.bc7.bc7enc-u4-z1.dds	1398276	11b813e6f59537b2c7e85604e2938b43e3b9ee646ab5e4c8ac3f4e375e5dd83f	27-game-assets_textures-dds.zip	CC0-1.0	none required (courtesy credit in README)	https://dl.polyhaven.org/file/ph-assets/Textures/png/1k/brown_leather/brown_leather_nor_gl_1k.png	brown_leather_nor_gl_1k.png sha256:6354daff40330a2fcd6c1061912876ddc79889c960975adba336b013db5edcd5 (8-bit RGBA work image sha256:7891ca53399a6c69)	bc7enc_rdo b943862 (bc7enc v1.08, MIT / public domain; built with MSVC 2022 cl /O2 /openmp, 4-mode CLI, ispc not used); per level: -C -u4 -z1 -g -q -f; own mip chain (Pillow BOX, normals renormalised, padded to 4x4 by edge replication), payloads concatenated into a DX10 DDS (linear format)	DDS (DX10 header), BC7_UNORM, 1024x1024, 11 mips, 2-D
27-game-assets/textures-dds/ph_leather_normal_1k/ph_leather_normal_1k.bc7.bc7enc-u4-z2.dds	1398276	65dc509f49dbe06db9241de5fdbed3507ae5d49e94b91d12defcfb6551e5b0b5	27-game-assets_textures-dds.zip	CC0-1.0	none required (courtesy credit in README)	https://dl.polyhaven.org/file/ph-assets/Textures/png/1k/brown_leather/brown_leather_nor_gl_1k.png	brown_leather_nor_gl_1k.png sha256:6354daff40330a2fcd6c1061912876ddc79889c960975adba336b013db5edcd5 (8-bit RGBA work image sha256:7891ca53399a6c69)	bc7enc_rdo b943862 (bc7enc v1.08, MIT / public domain; built with MSVC 2022 cl /O2 /openmp, 4-mode CLI, ispc not used); per level: -C -u4 -z2 -g -q -f; own mip chain (Pillow BOX, normals renormalised, padded to 4x4 by edge replication), payloads concatenated into a DX10 DDS (linear format)	DDS (DX10 header), BC7_UNORM, 1024x1024, 11 mips, 2-D
27-game-assets/textures-dds/ph_leather_normal_1k/ph_leather_normal_1k.bc7.bc7enc-u4.dds	1398276	92d00b64df55cb440697f42591a821d36fdd4169fcc095c85538adffff1f4264	27-game-assets_textures-dds.zip	CC0-1.0	none required (courtesy credit in README)	https://dl.polyhaven.org/file/ph-assets/Textures/png/1k/brown_leather/brown_leather_nor_gl_1k.png	brown_leather_nor_gl_1k.png sha256:6354daff40330a2fcd6c1061912876ddc79889c960975adba336b013db5edcd5 (8-bit RGBA work image sha256:7891ca53399a6c69)	bc7enc_rdo b943862 (bc7enc v1.08, MIT / public domain; built with MSVC 2022 cl /O2 /openmp, 4-mode CLI, ispc not used); per level: -C -u4  -g -q -f; own mip chain (Pillow BOX, normals renormalised, padded to 4x4 by edge replication), payloads concatenated into a DX10 DDS (linear format)	DDS (DX10 header), BC7_UNORM, 1024x1024, 11 mips, 2-D
27-game-assets/textures-dds/ph_leather_normal_1k/ph_leather_normal_1k.bc7.texconv.dds	1398276	da1fbcb4eda8944ad86e79500696c91223086f42f336761e6db9ad9661fa493f	27-game-assets_textures-dds.zip	CC0-1.0	none required (courtesy credit in README)	https://dl.polyhaven.org/file/ph-assets/Textures/png/1k/brown_leather/brown_leather_nor_gl_1k.png	brown_leather_nor_gl_1k.png sha256:6354daff40330a2fcd6c1061912876ddc79889c960975adba336b013db5edcd5 (8-bit RGBA work image sha256:7891ca53399a6c69)	DirectXTex texconv 2026.5.8.1 (tag may2026, MIT); -nogpu -m 0 -f BC7_UNORM -dx10 -ft dds (texconv's own mip chain and default CPU BC7 codec)	DDS (DX10 header), BC7_UNORM, 1024x1024, 11 mips, 2-D
27-game-assets/textures-dds/ph_leather_normal_2k/ph_leather_normal_2k.bc1.bc7enc.dds	2796364	4567ca07aa15b686311b8b5e8279106f6e0e0f6bded3ea2c1c42b5ecc0f8c4b0	27-game-assets_textures-dds.zip	CC0-1.0	none required (courtesy credit in README)	https://dl.polyhaven.org/file/ph-assets/Textures/png/2k/brown_leather/brown_leather_nor_gl_2k.png	brown_leather_nor_gl_2k.png sha256:a9a3f2bf3d04c0ffefc97fbe6aa7b9ed56992359a9a97e37571faa6a15aeefd3 (8-bit RGBA work image sha256:ac8c67bcb16912da)	bc7enc_rdo b943862 (bc7enc v1.08, MIT / public domain; built with MSVC 2022 cl /O2 /openmp, 4-mode CLI, ispc not used); per level: -1  -g -q -f; own mip chain (Pillow BOX, normals renormalised, padded to 4x4 by edge replication), payloads concatenated into a DX10 DDS (linear format)	DDS (DX10 header), BC1_UNORM, 2048x2048, 12 mips, 2-D
27-game-assets/textures-dds/ph_leather_normal_2k/ph_leather_normal_2k.bc5.bc7enc.dds	5592580	98646a8df6cade2aab327ed747e5bb1c7c145f33eded5c7739003973b70b3879	27-game-assets_textures-dds.zip	CC0-1.0	none required (courtesy credit in README)	https://dl.polyhaven.org/file/ph-assets/Textures/png/2k/brown_leather/brown_leather_nor_gl_2k.png	brown_leather_nor_gl_2k.png sha256:a9a3f2bf3d04c0ffefc97fbe6aa7b9ed56992359a9a97e37571faa6a15aeefd3 (8-bit RGBA work image sha256:ac8c67bcb16912da)	bc7enc_rdo b943862 (bc7enc v1.08, MIT / public domain; built with MSVC 2022 cl /O2 /openmp, 4-mode CLI, ispc not used); per level: -5  -g -q -f; own mip chain (Pillow BOX, normals renormalised, padded to 4x4 by edge replication), payloads concatenated into a DX10 DDS (linear format)	DDS (DX10 header), BC5_UNORM, 2048x2048, 12 mips, 2-D
27-game-assets/textures-dds/ph_leather_normal_2k/ph_leather_normal_2k.bc7.bc7enc-u4-z1.dds	5592580	1ab4eefc7a3de12864440370c3da37aa956d6c53945074e10a471119abdd79f6	27-game-assets_textures-dds.zip	CC0-1.0	none required (courtesy credit in README)	https://dl.polyhaven.org/file/ph-assets/Textures/png/2k/brown_leather/brown_leather_nor_gl_2k.png	brown_leather_nor_gl_2k.png sha256:a9a3f2bf3d04c0ffefc97fbe6aa7b9ed56992359a9a97e37571faa6a15aeefd3 (8-bit RGBA work image sha256:ac8c67bcb16912da)	bc7enc_rdo b943862 (bc7enc v1.08, MIT / public domain; built with MSVC 2022 cl /O2 /openmp, 4-mode CLI, ispc not used); per level: -C -u4 -z1 -g -q -f; own mip chain (Pillow BOX, normals renormalised, padded to 4x4 by edge replication), payloads concatenated into a DX10 DDS (linear format)	DDS (DX10 header), BC7_UNORM, 2048x2048, 12 mips, 2-D
27-game-assets/textures-dds/ph_leather_normal_2k/ph_leather_normal_2k.bc7.bc7enc-u4.dds	5592580	2daf485f77848ff049f463da9be6a15f956f598b3379c2af7ec143ce0dbfed9c	27-game-assets_textures-dds.zip	CC0-1.0	none required (courtesy credit in README)	https://dl.polyhaven.org/file/ph-assets/Textures/png/2k/brown_leather/brown_leather_nor_gl_2k.png	brown_leather_nor_gl_2k.png sha256:a9a3f2bf3d04c0ffefc97fbe6aa7b9ed56992359a9a97e37571faa6a15aeefd3 (8-bit RGBA work image sha256:ac8c67bcb16912da)	bc7enc_rdo b943862 (bc7enc v1.08, MIT / public domain; built with MSVC 2022 cl /O2 /openmp, 4-mode CLI, ispc not used); per level: -C -u4  -g -q -f; own mip chain (Pillow BOX, normals renormalised, padded to 4x4 by edge replication), payloads concatenated into a DX10 DDS (linear format)	DDS (DX10 header), BC7_UNORM, 2048x2048, 12 mips, 2-D
27-game-assets/textures-dds/ph_leather_normal_2k/ph_leather_normal_2k.bc7.texconv.dds	5592580	e1a09da11a155c02803438308556ffec2bbed76af009785947f1eed481b8c1d6	27-game-assets_textures-dds.zip	CC0-1.0	none required (courtesy credit in README)	https://dl.polyhaven.org/file/ph-assets/Textures/png/2k/brown_leather/brown_leather_nor_gl_2k.png	brown_leather_nor_gl_2k.png sha256:a9a3f2bf3d04c0ffefc97fbe6aa7b9ed56992359a9a97e37571faa6a15aeefd3 (8-bit RGBA work image sha256:ac8c67bcb16912da)	DirectXTex texconv 2026.5.8.1 (tag may2026, MIT); -nogpu -m 0 -f BC7_UNORM -dx10 -ft dds (texconv's own mip chain and default CPU BC7 codec)	DDS (DX10 header), BC7_UNORM, 2048x2048, 12 mips, 2-D
27-game-assets/textures-dds/ph_metal_arm_1k/ph_metal_arm_1k.bc1.bc7enc.dds	699212	d00765f2aa83e95ee9fa59833e1cde239499e0fa5a8b815df1487fb90999496d	27-game-assets_textures-dds.zip	CC0-1.0	none required (courtesy credit in README)	https://dl.polyhaven.org/file/ph-assets/Textures/png/1k/blue_metal_plate/blue_metal_plate_arm_1k.png	blue_metal_plate_arm_1k.png sha256:9d049e208e52f6bd702a80cfa804786b5ea3fa7f0c70c668636f9f0e7eeafa62 (8-bit RGBA work image sha256:f813f36f3d57de19)	bc7enc_rdo b943862 (bc7enc v1.08, MIT / public domain; built with MSVC 2022 cl /O2 /openmp, 4-mode CLI, ispc not used); per level: -1  -g -q -f; own mip chain (Pillow BOX, normals renormalised, padded to 4x4 by edge replication), payloads concatenated into a DX10 DDS (linear format)	DDS (DX10 header), BC1_UNORM, 1024x1024, 11 mips, 2-D
27-game-assets/textures-dds/ph_metal_arm_1k/ph_metal_arm_1k.bc1.texconv.dds	699212	99e113ebda7b7be188d1b088eee508cc3c7541d42a7706a606687486181b4d54	27-game-assets_textures-dds.zip	CC0-1.0	none required (courtesy credit in README)	https://dl.polyhaven.org/file/ph-assets/Textures/png/1k/blue_metal_plate/blue_metal_plate_arm_1k.png	blue_metal_plate_arm_1k.png sha256:9d049e208e52f6bd702a80cfa804786b5ea3fa7f0c70c668636f9f0e7eeafa62 (8-bit RGBA work image sha256:f813f36f3d57de19)	DirectXTex texconv 2026.5.8.1 (tag may2026, MIT); -nogpu -m 0 -f BC1_UNORM -dx10 -ft dds (texconv's own mip chain and default CPU BC1 codec)	DDS (DX10 header), BC1_UNORM, 1024x1024, 11 mips, 2-D
27-game-assets/textures-dds/ph_metal_arm_1k/ph_metal_arm_1k.bc3.bc7enc.dds	1398276	95825890bd7c1ac70e9a668de88af6d391ad1a43100f5a642f43f9238e2441a1	27-game-assets_textures-dds.zip	CC0-1.0	none required (courtesy credit in README)	https://dl.polyhaven.org/file/ph-assets/Textures/png/1k/blue_metal_plate/blue_metal_plate_arm_1k.png	blue_metal_plate_arm_1k.png sha256:9d049e208e52f6bd702a80cfa804786b5ea3fa7f0c70c668636f9f0e7eeafa62 (8-bit RGBA work image sha256:f813f36f3d57de19)	bc7enc_rdo b943862 (bc7enc v1.08, MIT / public domain; built with MSVC 2022 cl /O2 /openmp, 4-mode CLI, ispc not used); per level: -3  -g -q -f; own mip chain (Pillow BOX, normals renormalised, padded to 4x4 by edge replication), payloads concatenated into a DX10 DDS (linear format)	DDS (DX10 header), BC3_UNORM, 1024x1024, 11 mips, 2-D
27-game-assets/textures-dds/ph_metal_arm_1k/ph_metal_arm_1k.bc3.etcpak.dds	1398276	de1069f9b74ef1abd9e983808aac5447d042a1d630dd49defea1c30d9c29516c	27-game-assets_textures-dds.zip	CC0-1.0	none required (courtesy credit in README)	https://dl.polyhaven.org/file/ph-assets/Textures/png/1k/blue_metal_plate/blue_metal_plate_arm_1k.png	blue_metal_plate_arm_1k.png sha256:9d049e208e52f6bd702a80cfa804786b5ea3fa7f0c70c668636f9f0e7eeafa62 (8-bit RGBA work image sha256:f813f36f3d57de19)	etcpak 0.9.15 (pip wheel: MIT wrapper over etcpak BSD-3-Clause); etcpak.compress_bc3(RGBA8, w, h) per level; own mip chain (Pillow BOX, padded to 4x4)	DDS (DX10 header), BC3_UNORM, 1024x1024, 11 mips, 2-D
27-game-assets/textures-dds/ph_metal_arm_1k/ph_metal_arm_1k.bc3.texconv.dds	1398276	62cdb07688c9bd5d8c9d57d4e9e2e3793737a4d568313b3ab478bce5a9673d1a	27-game-assets_textures-dds.zip	CC0-1.0	none required (courtesy credit in README)	https://dl.polyhaven.org/file/ph-assets/Textures/png/1k/blue_metal_plate/blue_metal_plate_arm_1k.png	blue_metal_plate_arm_1k.png sha256:9d049e208e52f6bd702a80cfa804786b5ea3fa7f0c70c668636f9f0e7eeafa62 (8-bit RGBA work image sha256:f813f36f3d57de19)	DirectXTex texconv 2026.5.8.1 (tag may2026, MIT); -nogpu -m 0 -f BC3_UNORM -dx10 -ft dds (texconv's own mip chain and default CPU BC3 codec)	DDS (DX10 header), BC3_UNORM, 1024x1024, 11 mips, 2-D
27-game-assets/textures-dds/ph_metal_arm_1k/ph_metal_arm_1k.bc7.bc7enc-u4-e.dds	1398276	9e4b6a254a2e6f804e4b7db0f9d3e9eb7aeee6932c1a5fbb8a0526efbdee7dbd	27-game-assets_textures-dds.zip	CC0-1.0	none required (courtesy credit in README)	https://dl.polyhaven.org/file/ph-assets/Textures/png/1k/blue_metal_plate/blue_metal_plate_arm_1k.png	blue_metal_plate_arm_1k.png sha256:9d049e208e52f6bd702a80cfa804786b5ea3fa7f0c70c668636f9f0e7eeafa62 (8-bit RGBA work image sha256:f813f36f3d57de19)	bc7enc_rdo b943862 (bc7enc v1.08, MIT / public domain; built with MSVC 2022 cl /O2 /openmp, 4-mode CLI, ispc not used); per level: -C -u4 -e -g -q -f; own mip chain (Pillow BOX, normals renormalised, padded to 4x4 by edge replication), payloads concatenated into a DX10 DDS (linear format)	DDS (DX10 header), BC7_UNORM, 1024x1024, 11 mips, 2-D
27-game-assets/textures-dds/ph_metal_arm_1k/ph_metal_arm_1k.bc7.bc7enc-u4-z1.dds	1398276	97ceea96128d4c4da308c7d1fc93ee86cf89c423a0a714d8f08852e1c59112e9	27-game-assets_textures-dds.zip	CC0-1.0	none required (courtesy credit in README)	https://dl.polyhaven.org/file/ph-assets/Textures/png/1k/blue_metal_plate/blue_metal_plate_arm_1k.png	blue_metal_plate_arm_1k.png sha256:9d049e208e52f6bd702a80cfa804786b5ea3fa7f0c70c668636f9f0e7eeafa62 (8-bit RGBA work image sha256:f813f36f3d57de19)	bc7enc_rdo b943862 (bc7enc v1.08, MIT / public domain; built with MSVC 2022 cl /O2 /openmp, 4-mode CLI, ispc not used); per level: -C -u4 -z1 -g -q -f; own mip chain (Pillow BOX, normals renormalised, padded to 4x4 by edge replication), payloads concatenated into a DX10 DDS (linear format)	DDS (DX10 header), BC7_UNORM, 1024x1024, 11 mips, 2-D
27-game-assets/textures-dds/ph_metal_arm_1k/ph_metal_arm_1k.bc7.bc7enc-u4-z2.dds	1398276	f85585ebe7085b181f7974fab74aced31681761c37c66e5a18685e3123f9d185	27-game-assets_textures-dds.zip	CC0-1.0	none required (courtesy credit in README)	https://dl.polyhaven.org/file/ph-assets/Textures/png/1k/blue_metal_plate/blue_metal_plate_arm_1k.png	blue_metal_plate_arm_1k.png sha256:9d049e208e52f6bd702a80cfa804786b5ea3fa7f0c70c668636f9f0e7eeafa62 (8-bit RGBA work image sha256:f813f36f3d57de19)	bc7enc_rdo b943862 (bc7enc v1.08, MIT / public domain; built with MSVC 2022 cl /O2 /openmp, 4-mode CLI, ispc not used); per level: -C -u4 -z2 -g -q -f; own mip chain (Pillow BOX, normals renormalised, padded to 4x4 by edge replication), payloads concatenated into a DX10 DDS (linear format)	DDS (DX10 header), BC7_UNORM, 1024x1024, 11 mips, 2-D
27-game-assets/textures-dds/ph_metal_arm_1k/ph_metal_arm_1k.bc7.bc7enc-u4.dds	1398276	6d12c8a6313b10983d262a8ce57ce1554072856324170fd14cd66555c113e08e	27-game-assets_textures-dds.zip	CC0-1.0	none required (courtesy credit in README)	https://dl.polyhaven.org/file/ph-assets/Textures/png/1k/blue_metal_plate/blue_metal_plate_arm_1k.png	blue_metal_plate_arm_1k.png sha256:9d049e208e52f6bd702a80cfa804786b5ea3fa7f0c70c668636f9f0e7eeafa62 (8-bit RGBA work image sha256:f813f36f3d57de19)	bc7enc_rdo b943862 (bc7enc v1.08, MIT / public domain; built with MSVC 2022 cl /O2 /openmp, 4-mode CLI, ispc not used); per level: -C -u4  -g -q -f; own mip chain (Pillow BOX, normals renormalised, padded to 4x4 by edge replication), payloads concatenated into a DX10 DDS (linear format)	DDS (DX10 header), BC7_UNORM, 1024x1024, 11 mips, 2-D
27-game-assets/textures-dds/ph_metal_arm_1k/ph_metal_arm_1k.bc7.texconv.dds	1398276	1895f5db5a3ccffa482b0e6b51f70031a5d7dab10381952f2f6c42358e4804a7	27-game-assets_textures-dds.zip	CC0-1.0	none required (courtesy credit in README)	https://dl.polyhaven.org/file/ph-assets/Textures/png/1k/blue_metal_plate/blue_metal_plate_arm_1k.png	blue_metal_plate_arm_1k.png sha256:9d049e208e52f6bd702a80cfa804786b5ea3fa7f0c70c668636f9f0e7eeafa62 (8-bit RGBA work image sha256:f813f36f3d57de19)	DirectXTex texconv 2026.5.8.1 (tag may2026, MIT); -nogpu -m 0 -f BC7_UNORM -dx10 -ft dds (texconv's own mip chain and default CPU BC7 codec)	DDS (DX10 header), BC7_UNORM, 1024x1024, 11 mips, 2-D
27-game-assets/textures-dds/ph_metal_diffuse_1k/ph_metal_diffuse_1k.bc1.bc7enc.dds	699212	16bbfe0c4e2e87ee531fe76e56829461f85d4acdc25f3dd0154fc7f906247440	27-game-assets_textures-dds.zip	CC0-1.0	none required (courtesy credit in README)	https://dl.polyhaven.org/file/ph-assets/Textures/png/1k/blue_metal_plate/blue_metal_plate_diff_1k.png	blue_metal_plate_Diffuse_1k.png sha256:90eaf269bbfb5a9b456bd414f6d270bb3eabb086ff326b5931f435d985e1a162 (8-bit RGBA work image sha256:6201fa533b477b7a)	bc7enc_rdo b943862 (bc7enc v1.08, MIT / public domain; built with MSVC 2022 cl /O2 /openmp, 4-mode CLI, ispc not used); per level: -1  -g -q -f; own mip chain (Pillow BOX, normals renormalised, padded to 4x4 by edge replication), payloads concatenated into a DX10 DDS (sRGB format)	DDS (DX10 header), BC1_UNORM_SRGB, 1024x1024, 11 mips, 2-D
27-game-assets/textures-dds/ph_metal_diffuse_1k/ph_metal_diffuse_1k.bc1.etcpak.dds	699212	cea27c1814f6b471bcded0362fc36ef7f809bff67a49d8c755ff628f8245945f	27-game-assets_textures-dds.zip	CC0-1.0	none required (courtesy credit in README)	https://dl.polyhaven.org/file/ph-assets/Textures/png/1k/blue_metal_plate/blue_metal_plate_diff_1k.png	blue_metal_plate_Diffuse_1k.png sha256:90eaf269bbfb5a9b456bd414f6d270bb3eabb086ff326b5931f435d985e1a162 (8-bit RGBA work image sha256:6201fa533b477b7a)	etcpak 0.9.15 (pip wheel: MIT wrapper over etcpak BSD-3-Clause); etcpak.compress_bc1(RGBA8, w, h) per level; own mip chain (Pillow BOX, padded to 4x4)	DDS (DX10 header), BC1_UNORM_SRGB, 1024x1024, 11 mips, 2-D
27-game-assets/textures-dds/ph_metal_diffuse_1k/ph_metal_diffuse_1k.bc1.texconv.dds	699212	c2d75da019d37e0bc5cf1739c274e5af4428756995ada5a911d20831e97c3f2d	27-game-assets_textures-dds.zip	CC0-1.0	none required (courtesy credit in README)	https://dl.polyhaven.org/file/ph-assets/Textures/png/1k/blue_metal_plate/blue_metal_plate_diff_1k.png	blue_metal_plate_Diffuse_1k.png sha256:90eaf269bbfb5a9b456bd414f6d270bb3eabb086ff326b5931f435d985e1a162 (8-bit RGBA work image sha256:6201fa533b477b7a)	DirectXTex texconv 2026.5.8.1 (tag may2026, MIT); -nogpu -m 0 -f BC1_UNORM_SRGB -dx10 -ft dds -srgb (texconv's own mip chain and default CPU BC1 codec)	DDS (DX10 header), BC1_UNORM_SRGB, 1024x1024, 11 mips, 2-D
27-game-assets/textures-dds/ph_metal_diffuse_1k/ph_metal_diffuse_1k.bc3.bc7enc.dds	1398276	ae92185e3b1da02c3ec490d63104686cc9555853acac6f9f13741a38a1a171df	27-game-assets_textures-dds.zip	CC0-1.0	none required (courtesy credit in README)	https://dl.polyhaven.org/file/ph-assets/Textures/png/1k/blue_metal_plate/blue_metal_plate_diff_1k.png	blue_metal_plate_Diffuse_1k.png sha256:90eaf269bbfb5a9b456bd414f6d270bb3eabb086ff326b5931f435d985e1a162 (8-bit RGBA work image sha256:6201fa533b477b7a)	bc7enc_rdo b943862 (bc7enc v1.08, MIT / public domain; built with MSVC 2022 cl /O2 /openmp, 4-mode CLI, ispc not used); per level: -3  -g -q -f; own mip chain (Pillow BOX, normals renormalised, padded to 4x4 by edge replication), payloads concatenated into a DX10 DDS (sRGB format)	DDS (DX10 header), BC3_UNORM_SRGB, 1024x1024, 11 mips, 2-D
27-game-assets/textures-dds/ph_metal_diffuse_1k/ph_metal_diffuse_1k.bc3.etcpak.dds	1398276	43ae50265bd4eaef4b707bd3697aa2ad07a5cac6cfd2ae6c7ba0cdcda7717b26	27-game-assets_textures-dds.zip	CC0-1.0	none required (courtesy credit in README)	https://dl.polyhaven.org/file/ph-assets/Textures/png/1k/blue_metal_plate/blue_metal_plate_diff_1k.png	blue_metal_plate_Diffuse_1k.png sha256:90eaf269bbfb5a9b456bd414f6d270bb3eabb086ff326b5931f435d985e1a162 (8-bit RGBA work image sha256:6201fa533b477b7a)	etcpak 0.9.15 (pip wheel: MIT wrapper over etcpak BSD-3-Clause); etcpak.compress_bc3(RGBA8, w, h) per level; own mip chain (Pillow BOX, padded to 4x4)	DDS (DX10 header), BC3_UNORM_SRGB, 1024x1024, 11 mips, 2-D
27-game-assets/textures-dds/ph_metal_diffuse_1k/ph_metal_diffuse_1k.bc3.texconv.dds	1398276	746af3ae467f397e9ccd58d8d702e1d9c1da21336ed6102586c04f89e70b001c	27-game-assets_textures-dds.zip	CC0-1.0	none required (courtesy credit in README)	https://dl.polyhaven.org/file/ph-assets/Textures/png/1k/blue_metal_plate/blue_metal_plate_diff_1k.png	blue_metal_plate_Diffuse_1k.png sha256:90eaf269bbfb5a9b456bd414f6d270bb3eabb086ff326b5931f435d985e1a162 (8-bit RGBA work image sha256:6201fa533b477b7a)	DirectXTex texconv 2026.5.8.1 (tag may2026, MIT); -nogpu -m 0 -f BC3_UNORM_SRGB -dx10 -ft dds -srgb (texconv's own mip chain and default CPU BC3 codec)	DDS (DX10 header), BC3_UNORM_SRGB, 1024x1024, 11 mips, 2-D
27-game-assets/textures-dds/ph_metal_diffuse_1k/ph_metal_diffuse_1k.bc7.bc7enc-u4-e.dds	1398276	a44185a5b9a4c66ebce87de4cc54cc3ab9cdf5a135a594816b57b15ea189b00c	27-game-assets_textures-dds.zip	CC0-1.0	none required (courtesy credit in README)	https://dl.polyhaven.org/file/ph-assets/Textures/png/1k/blue_metal_plate/blue_metal_plate_diff_1k.png	blue_metal_plate_Diffuse_1k.png sha256:90eaf269bbfb5a9b456bd414f6d270bb3eabb086ff326b5931f435d985e1a162 (8-bit RGBA work image sha256:6201fa533b477b7a)	bc7enc_rdo b943862 (bc7enc v1.08, MIT / public domain; built with MSVC 2022 cl /O2 /openmp, 4-mode CLI, ispc not used); per level: -C -u4 -e -g -q -f; own mip chain (Pillow BOX, normals renormalised, padded to 4x4 by edge replication), payloads concatenated into a DX10 DDS (sRGB format)	DDS (DX10 header), BC7_UNORM_SRGB, 1024x1024, 11 mips, 2-D
27-game-assets/textures-dds/ph_metal_diffuse_1k/ph_metal_diffuse_1k.bc7.bc7enc-u4-z0.5.dds	1398276	5bf423e72e4c59213f56ceea4b5c89cda4202261a8f168e28cd9d37a58bb4d00	27-game-assets_textures-dds.zip	CC0-1.0	none required (courtesy credit in README)	https://dl.polyhaven.org/file/ph-assets/Textures/png/1k/blue_metal_plate/blue_metal_plate_diff_1k.png	blue_metal_plate_Diffuse_1k.png sha256:90eaf269bbfb5a9b456bd414f6d270bb3eabb086ff326b5931f435d985e1a162 (8-bit RGBA work image sha256:6201fa533b477b7a)	bc7enc_rdo b943862 (bc7enc v1.08, MIT / public domain; built with MSVC 2022 cl /O2 /openmp, 4-mode CLI, ispc not used); per level: -C -u4 -z0.5 -g -q -f; own mip chain (Pillow BOX, normals renormalised, padded to 4x4 by edge replication), payloads concatenated into a DX10 DDS (sRGB format)	DDS (DX10 header), BC7_UNORM_SRGB, 1024x1024, 11 mips, 2-D
27-game-assets/textures-dds/ph_metal_diffuse_1k/ph_metal_diffuse_1k.bc7.bc7enc-u4-z1.dds	1398276	6156eaddf9e7afc4e3c05fb86d0258cab52c07201a2539bc0b275de02969078b	27-game-assets_textures-dds.zip	CC0-1.0	none required (courtesy credit in README)	https://dl.polyhaven.org/file/ph-assets/Textures/png/1k/blue_metal_plate/blue_metal_plate_diff_1k.png	blue_metal_plate_Diffuse_1k.png sha256:90eaf269bbfb5a9b456bd414f6d270bb3eabb086ff326b5931f435d985e1a162 (8-bit RGBA work image sha256:6201fa533b477b7a)	bc7enc_rdo b943862 (bc7enc v1.08, MIT / public domain; built with MSVC 2022 cl /O2 /openmp, 4-mode CLI, ispc not used); per level: -C -u4 -z1 -g -q -f; own mip chain (Pillow BOX, normals renormalised, padded to 4x4 by edge replication), payloads concatenated into a DX10 DDS (sRGB format)	DDS (DX10 header), BC7_UNORM_SRGB, 1024x1024, 11 mips, 2-D
27-game-assets/textures-dds/ph_metal_diffuse_1k/ph_metal_diffuse_1k.bc7.bc7enc-u4-z2.dds	1398276	a1938cc2bd0ed393d337cfa5ec371c28b00384a7a26db637c77114c3b5030c6f	27-game-assets_textures-dds.zip	CC0-1.0	none required (courtesy credit in README)	https://dl.polyhaven.org/file/ph-assets/Textures/png/1k/blue_metal_plate/blue_metal_plate_diff_1k.png	blue_metal_plate_Diffuse_1k.png sha256:90eaf269bbfb5a9b456bd414f6d270bb3eabb086ff326b5931f435d985e1a162 (8-bit RGBA work image sha256:6201fa533b477b7a)	bc7enc_rdo b943862 (bc7enc v1.08, MIT / public domain; built with MSVC 2022 cl /O2 /openmp, 4-mode CLI, ispc not used); per level: -C -u4 -z2 -g -q -f; own mip chain (Pillow BOX, normals renormalised, padded to 4x4 by edge replication), payloads concatenated into a DX10 DDS (sRGB format)	DDS (DX10 header), BC7_UNORM_SRGB, 1024x1024, 11 mips, 2-D
27-game-assets/textures-dds/ph_metal_diffuse_1k/ph_metal_diffuse_1k.bc7.bc7enc-u4.dds	1398276	95ca3599c4ed68d84d488da3bc250107d2c3428bdb4caa880b0a62b281b01393	27-game-assets_textures-dds.zip	CC0-1.0	none required (courtesy credit in README)	https://dl.polyhaven.org/file/ph-assets/Textures/png/1k/blue_metal_plate/blue_metal_plate_diff_1k.png	blue_metal_plate_Diffuse_1k.png sha256:90eaf269bbfb5a9b456bd414f6d270bb3eabb086ff326b5931f435d985e1a162 (8-bit RGBA work image sha256:6201fa533b477b7a)	bc7enc_rdo b943862 (bc7enc v1.08, MIT / public domain; built with MSVC 2022 cl /O2 /openmp, 4-mode CLI, ispc not used); per level: -C -u4  -g -q -f; own mip chain (Pillow BOX, normals renormalised, padded to 4x4 by edge replication), payloads concatenated into a DX10 DDS (sRGB format)	DDS (DX10 header), BC7_UNORM_SRGB, 1024x1024, 11 mips, 2-D
27-game-assets/textures-dds/ph_metal_diffuse_1k/ph_metal_diffuse_1k.bc7.texconv.dds	1398276	5bc257b1ca2600b52fd468287b22163695947c59ae26e8931bbb8550c488a70b	27-game-assets_textures-dds.zip	CC0-1.0	none required (courtesy credit in README)	https://dl.polyhaven.org/file/ph-assets/Textures/png/1k/blue_metal_plate/blue_metal_plate_diff_1k.png	blue_metal_plate_Diffuse_1k.png sha256:90eaf269bbfb5a9b456bd414f6d270bb3eabb086ff326b5931f435d985e1a162 (8-bit RGBA work image sha256:6201fa533b477b7a)	DirectXTex texconv 2026.5.8.1 (tag may2026, MIT); -nogpu -m 0 -f BC7_UNORM_SRGB -dx10 -ft dds -srgb (texconv's own mip chain and default CPU BC7 codec)	DDS (DX10 header), BC7_UNORM_SRGB, 1024x1024, 11 mips, 2-D
27-game-assets/textures-dds/ph_metal_diffuse_2k/ph_metal_diffuse_2k.bc1.bc7enc.dds	2796364	50c332b3ff12aaea1ce75416bd7075920cae3d9a3ca63e0e38b7200093bff22f	27-game-assets_textures-dds.zip	CC0-1.0	none required (courtesy credit in README)	https://dl.polyhaven.org/file/ph-assets/Textures/png/2k/blue_metal_plate/blue_metal_plate_diff_2k.png	blue_metal_plate_Diffuse_2k.png sha256:c37be7a33c50cd92308577132833bb1d1cc33688b6d3b1ffe68c976f5357ff02 (8-bit RGBA work image sha256:4b720b2944040629)	bc7enc_rdo b943862 (bc7enc v1.08, MIT / public domain; built with MSVC 2022 cl /O2 /openmp, 4-mode CLI, ispc not used); per level: -1  -g -q -f; own mip chain (Pillow BOX, normals renormalised, padded to 4x4 by edge replication), payloads concatenated into a DX10 DDS (sRGB format)	DDS (DX10 header), BC1_UNORM_SRGB, 2048x2048, 12 mips, 2-D
27-game-assets/textures-dds/ph_metal_diffuse_2k/ph_metal_diffuse_2k.bc3.bc7enc.dds	5592580	ac074417c9d4e8e550833a711d2ce10db036c624c29a0a2fe6280a119aeeec1f	27-game-assets_textures-dds.zip	CC0-1.0	none required (courtesy credit in README)	https://dl.polyhaven.org/file/ph-assets/Textures/png/2k/blue_metal_plate/blue_metal_plate_diff_2k.png	blue_metal_plate_Diffuse_2k.png sha256:c37be7a33c50cd92308577132833bb1d1cc33688b6d3b1ffe68c976f5357ff02 (8-bit RGBA work image sha256:4b720b2944040629)	bc7enc_rdo b943862 (bc7enc v1.08, MIT / public domain; built with MSVC 2022 cl /O2 /openmp, 4-mode CLI, ispc not used); per level: -3  -g -q -f; own mip chain (Pillow BOX, normals renormalised, padded to 4x4 by edge replication), payloads concatenated into a DX10 DDS (sRGB format)	DDS (DX10 header), BC3_UNORM_SRGB, 2048x2048, 12 mips, 2-D
27-game-assets/textures-dds/ph_metal_diffuse_2k/ph_metal_diffuse_2k.bc7.bc7enc-u4-z1.dds	5592580	323d932f00bedcc9634ad34224ecf157cfad57111798b32a82614acc84f5c5a7	27-game-assets_textures-dds.zip	CC0-1.0	none required (courtesy credit in README)	https://dl.polyhaven.org/file/ph-assets/Textures/png/2k/blue_metal_plate/blue_metal_plate_diff_2k.png	blue_metal_plate_Diffuse_2k.png sha256:c37be7a33c50cd92308577132833bb1d1cc33688b6d3b1ffe68c976f5357ff02 (8-bit RGBA work image sha256:4b720b2944040629)	bc7enc_rdo b943862 (bc7enc v1.08, MIT / public domain; built with MSVC 2022 cl /O2 /openmp, 4-mode CLI, ispc not used); per level: -C -u4 -z1 -g -q -f; own mip chain (Pillow BOX, normals renormalised, padded to 4x4 by edge replication), payloads concatenated into a DX10 DDS (sRGB format)	DDS (DX10 header), BC7_UNORM_SRGB, 2048x2048, 12 mips, 2-D
27-game-assets/textures-dds/ph_metal_diffuse_2k/ph_metal_diffuse_2k.bc7.bc7enc-u4.dds	5592580	55ee7f55edd12fff8f8c1d9f6c61c30008e0c1f811423a2cc7c21c73af333b33	27-game-assets_textures-dds.zip	CC0-1.0	none required (courtesy credit in README)	https://dl.polyhaven.org/file/ph-assets/Textures/png/2k/blue_metal_plate/blue_metal_plate_diff_2k.png	blue_metal_plate_Diffuse_2k.png sha256:c37be7a33c50cd92308577132833bb1d1cc33688b6d3b1ffe68c976f5357ff02 (8-bit RGBA work image sha256:4b720b2944040629)	bc7enc_rdo b943862 (bc7enc v1.08, MIT / public domain; built with MSVC 2022 cl /O2 /openmp, 4-mode CLI, ispc not used); per level: -C -u4  -g -q -f; own mip chain (Pillow BOX, normals renormalised, padded to 4x4 by edge replication), payloads concatenated into a DX10 DDS (sRGB format)	DDS (DX10 header), BC7_UNORM_SRGB, 2048x2048, 12 mips, 2-D
27-game-assets/textures-dds/ph_metal_diffuse_2k/ph_metal_diffuse_2k.bc7.texconv.dds	5592580	65e989ecc675b08faaee652104d2a69408b7ddf5f799728f288b1ead8843f87e	27-game-assets_textures-dds.zip	CC0-1.0	none required (courtesy credit in README)	https://dl.polyhaven.org/file/ph-assets/Textures/png/2k/blue_metal_plate/blue_metal_plate_diff_2k.png	blue_metal_plate_Diffuse_2k.png sha256:c37be7a33c50cd92308577132833bb1d1cc33688b6d3b1ffe68c976f5357ff02 (8-bit RGBA work image sha256:4b720b2944040629)	DirectXTex texconv 2026.5.8.1 (tag may2026, MIT); -nogpu -m 0 -f BC7_UNORM_SRGB -dx10 -ft dds -srgb (texconv's own mip chain and default CPU BC7 codec)	DDS (DX10 header), BC7_UNORM_SRGB, 2048x2048, 12 mips, 2-D
27-game-assets/textures-dds/ph_metal_normal_1k/ph_metal_normal_1k.bc1.bc7enc.dds	699212	da3e744c51e8efd76f91a4547b13bd1f8515f0c693bf914a212c07268faa8f44	27-game-assets_textures-dds.zip	CC0-1.0	none required (courtesy credit in README)	https://dl.polyhaven.org/file/ph-assets/Textures/png/1k/blue_metal_plate/blue_metal_plate_nor_gl_1k.png	blue_metal_plate_nor_gl_1k.png sha256:9f03852e15eadef3b0e6610ed6f040f2e8f0fd818ca31b76c94711e43b4c4e7a (8-bit RGBA work image sha256:0f86f73831f04b50)	bc7enc_rdo b943862 (bc7enc v1.08, MIT / public domain; built with MSVC 2022 cl /O2 /openmp, 4-mode CLI, ispc not used); per level: -1  -g -q -f; own mip chain (Pillow BOX, normals renormalised, padded to 4x4 by edge replication), payloads concatenated into a DX10 DDS (linear format)	DDS (DX10 header), BC1_UNORM, 1024x1024, 11 mips, 2-D
27-game-assets/textures-dds/ph_metal_normal_1k/ph_metal_normal_1k.bc1.texconv.dds	699212	3c1029ac4f174da3e643008fa4e3837e13feb8f09c27c78dd0f4b65ca285e353	27-game-assets_textures-dds.zip	CC0-1.0	none required (courtesy credit in README)	https://dl.polyhaven.org/file/ph-assets/Textures/png/1k/blue_metal_plate/blue_metal_plate_nor_gl_1k.png	blue_metal_plate_nor_gl_1k.png sha256:9f03852e15eadef3b0e6610ed6f040f2e8f0fd818ca31b76c94711e43b4c4e7a (8-bit RGBA work image sha256:0f86f73831f04b50)	DirectXTex texconv 2026.5.8.1 (tag may2026, MIT); -nogpu -m 0 -f BC1_UNORM -dx10 -ft dds (texconv's own mip chain and default CPU BC1 codec)	DDS (DX10 header), BC1_UNORM, 1024x1024, 11 mips, 2-D
27-game-assets/textures-dds/ph_metal_normal_1k/ph_metal_normal_1k.bc5.bc7enc.dds	1398276	8086a64683437ae77fb5107e0d406bd541de56d7c0ef40655f4868fbd9fceb14	27-game-assets_textures-dds.zip	CC0-1.0	none required (courtesy credit in README)	https://dl.polyhaven.org/file/ph-assets/Textures/png/1k/blue_metal_plate/blue_metal_plate_nor_gl_1k.png	blue_metal_plate_nor_gl_1k.png sha256:9f03852e15eadef3b0e6610ed6f040f2e8f0fd818ca31b76c94711e43b4c4e7a (8-bit RGBA work image sha256:0f86f73831f04b50)	bc7enc_rdo b943862 (bc7enc v1.08, MIT / public domain; built with MSVC 2022 cl /O2 /openmp, 4-mode CLI, ispc not used); per level: -5  -g -q -f; own mip chain (Pillow BOX, normals renormalised, padded to 4x4 by edge replication), payloads concatenated into a DX10 DDS (linear format)	DDS (DX10 header), BC5_UNORM, 1024x1024, 11 mips, 2-D
27-game-assets/textures-dds/ph_metal_normal_1k/ph_metal_normal_1k.bc5.etcpak.dds	1398276	08a1c6d9d241d32a57546debfa76794ed63ac61b2a4cf8d70e7632c0b6d9f45a	27-game-assets_textures-dds.zip	CC0-1.0	none required (courtesy credit in README)	https://dl.polyhaven.org/file/ph-assets/Textures/png/1k/blue_metal_plate/blue_metal_plate_nor_gl_1k.png	blue_metal_plate_nor_gl_1k.png sha256:9f03852e15eadef3b0e6610ed6f040f2e8f0fd818ca31b76c94711e43b4c4e7a (8-bit RGBA work image sha256:0f86f73831f04b50)	etcpak 0.9.15 (pip wheel: MIT wrapper over etcpak BSD-3-Clause); etcpak.compress_bc5(RGBA8, w, h) per level; own mip chain (Pillow BOX, padded to 4x4)	DDS (DX10 header), BC5_UNORM, 1024x1024, 11 mips, 2-D
27-game-assets/textures-dds/ph_metal_normal_1k/ph_metal_normal_1k.bc5.texconv.dds	1398276	e9323a48ba0ae173f573004ed4918e3326c107f09616ab8715309274d04642f8	27-game-assets_textures-dds.zip	CC0-1.0	none required (courtesy credit in README)	https://dl.polyhaven.org/file/ph-assets/Textures/png/1k/blue_metal_plate/blue_metal_plate_nor_gl_1k.png	blue_metal_plate_nor_gl_1k.png sha256:9f03852e15eadef3b0e6610ed6f040f2e8f0fd818ca31b76c94711e43b4c4e7a (8-bit RGBA work image sha256:0f86f73831f04b50)	DirectXTex texconv 2026.5.8.1 (tag may2026, MIT); -nogpu -m 0 -f BC5_UNORM -dx10 -ft dds (texconv's own mip chain and default CPU BC5 codec)	DDS (DX10 header), BC5_UNORM, 1024x1024, 11 mips, 2-D
27-game-assets/textures-dds/ph_metal_normal_1k/ph_metal_normal_1k.bc7.bc7enc-u4-e.dds	1398276	75f17e662e9e7da8c916892c6403da9c46b02aed757f0bb3ad0b236606e21835	27-game-assets_textures-dds.zip	CC0-1.0	none required (courtesy credit in README)	https://dl.polyhaven.org/file/ph-assets/Textures/png/1k/blue_metal_plate/blue_metal_plate_nor_gl_1k.png	blue_metal_plate_nor_gl_1k.png sha256:9f03852e15eadef3b0e6610ed6f040f2e8f0fd818ca31b76c94711e43b4c4e7a (8-bit RGBA work image sha256:0f86f73831f04b50)	bc7enc_rdo b943862 (bc7enc v1.08, MIT / public domain; built with MSVC 2022 cl /O2 /openmp, 4-mode CLI, ispc not used); per level: -C -u4 -e -g -q -f; own mip chain (Pillow BOX, normals renormalised, padded to 4x4 by edge replication), payloads concatenated into a DX10 DDS (linear format)	DDS (DX10 header), BC7_UNORM, 1024x1024, 11 mips, 2-D
27-game-assets/textures-dds/ph_metal_normal_1k/ph_metal_normal_1k.bc7.bc7enc-u4-z1.dds	1398276	98a4fe0c479f9429e7a6b972268f9c5374751de41200513e1f0cda4be50c5bdc	27-game-assets_textures-dds.zip	CC0-1.0	none required (courtesy credit in README)	https://dl.polyhaven.org/file/ph-assets/Textures/png/1k/blue_metal_plate/blue_metal_plate_nor_gl_1k.png	blue_metal_plate_nor_gl_1k.png sha256:9f03852e15eadef3b0e6610ed6f040f2e8f0fd818ca31b76c94711e43b4c4e7a (8-bit RGBA work image sha256:0f86f73831f04b50)	bc7enc_rdo b943862 (bc7enc v1.08, MIT / public domain; built with MSVC 2022 cl /O2 /openmp, 4-mode CLI, ispc not used); per level: -C -u4 -z1 -g -q -f; own mip chain (Pillow BOX, normals renormalised, padded to 4x4 by edge replication), payloads concatenated into a DX10 DDS (linear format)	DDS (DX10 header), BC7_UNORM, 1024x1024, 11 mips, 2-D
27-game-assets/textures-dds/ph_metal_normal_1k/ph_metal_normal_1k.bc7.bc7enc-u4-z2.dds	1398276	3813be7c318bb3873a554da5ea2f468b9b87dad6e35f610a1dcfeb19e46d6382	27-game-assets_textures-dds.zip	CC0-1.0	none required (courtesy credit in README)	https://dl.polyhaven.org/file/ph-assets/Textures/png/1k/blue_metal_plate/blue_metal_plate_nor_gl_1k.png	blue_metal_plate_nor_gl_1k.png sha256:9f03852e15eadef3b0e6610ed6f040f2e8f0fd818ca31b76c94711e43b4c4e7a (8-bit RGBA work image sha256:0f86f73831f04b50)	bc7enc_rdo b943862 (bc7enc v1.08, MIT / public domain; built with MSVC 2022 cl /O2 /openmp, 4-mode CLI, ispc not used); per level: -C -u4 -z2 -g -q -f; own mip chain (Pillow BOX, normals renormalised, padded to 4x4 by edge replication), payloads concatenated into a DX10 DDS (linear format)	DDS (DX10 header), BC7_UNORM, 1024x1024, 11 mips, 2-D
27-game-assets/textures-dds/ph_metal_normal_1k/ph_metal_normal_1k.bc7.bc7enc-u4.dds	1398276	7ac1c676ad5cc5c076cd808ac6cdea9c46636ce60477602d7a96daddb781484f	27-game-assets_textures-dds.zip	CC0-1.0	none required (courtesy credit in README)	https://dl.polyhaven.org/file/ph-assets/Textures/png/1k/blue_metal_plate/blue_metal_plate_nor_gl_1k.png	blue_metal_plate_nor_gl_1k.png sha256:9f03852e15eadef3b0e6610ed6f040f2e8f0fd818ca31b76c94711e43b4c4e7a (8-bit RGBA work image sha256:0f86f73831f04b50)	bc7enc_rdo b943862 (bc7enc v1.08, MIT / public domain; built with MSVC 2022 cl /O2 /openmp, 4-mode CLI, ispc not used); per level: -C -u4  -g -q -f; own mip chain (Pillow BOX, normals renormalised, padded to 4x4 by edge replication), payloads concatenated into a DX10 DDS (linear format)	DDS (DX10 header), BC7_UNORM, 1024x1024, 11 mips, 2-D
27-game-assets/textures-dds/ph_metal_normal_1k/ph_metal_normal_1k.bc7.texconv.dds	1398276	77a6a0d79f18059adedd00de6bf27c6254e60c1f049692adcc68e15212bcabce	27-game-assets_textures-dds.zip	CC0-1.0	none required (courtesy credit in README)	https://dl.polyhaven.org/file/ph-assets/Textures/png/1k/blue_metal_plate/blue_metal_plate_nor_gl_1k.png	blue_metal_plate_nor_gl_1k.png sha256:9f03852e15eadef3b0e6610ed6f040f2e8f0fd818ca31b76c94711e43b4c4e7a (8-bit RGBA work image sha256:0f86f73831f04b50)	DirectXTex texconv 2026.5.8.1 (tag may2026, MIT); -nogpu -m 0 -f BC7_UNORM -dx10 -ft dds (texconv's own mip chain and default CPU BC7 codec)	DDS (DX10 header), BC7_UNORM, 1024x1024, 11 mips, 2-D
27-game-assets/textures-dds/ph_metal_normal_2k/ph_metal_normal_2k.bc1.bc7enc.dds	2796364	ebf4cd7f06582e130888abec398c0457973ea18919223b4f5679e150796de7f3	27-game-assets_textures-dds.zip	CC0-1.0	none required (courtesy credit in README)	https://dl.polyhaven.org/file/ph-assets/Textures/png/2k/blue_metal_plate/blue_metal_plate_nor_gl_2k.png	blue_metal_plate_nor_gl_2k.png sha256:8c5701c09d71bbc7dffe97b45fde3c57b132c5fca8d39851695f7566f54b02e9 (8-bit RGBA work image sha256:7d9b81e7855047a2)	bc7enc_rdo b943862 (bc7enc v1.08, MIT / public domain; built with MSVC 2022 cl /O2 /openmp, 4-mode CLI, ispc not used); per level: -1  -g -q -f; own mip chain (Pillow BOX, normals renormalised, padded to 4x4 by edge replication), payloads concatenated into a DX10 DDS (linear format)	DDS (DX10 header), BC1_UNORM, 2048x2048, 12 mips, 2-D
27-game-assets/textures-dds/ph_metal_normal_2k/ph_metal_normal_2k.bc5.bc7enc.dds	5592580	fe653d7b7e3f6d067c76edb3957f137c9d5b3e0c30e131079261c1f730359329	27-game-assets_textures-dds.zip	CC0-1.0	none required (courtesy credit in README)	https://dl.polyhaven.org/file/ph-assets/Textures/png/2k/blue_metal_plate/blue_metal_plate_nor_gl_2k.png	blue_metal_plate_nor_gl_2k.png sha256:8c5701c09d71bbc7dffe97b45fde3c57b132c5fca8d39851695f7566f54b02e9 (8-bit RGBA work image sha256:7d9b81e7855047a2)	bc7enc_rdo b943862 (bc7enc v1.08, MIT / public domain; built with MSVC 2022 cl /O2 /openmp, 4-mode CLI, ispc not used); per level: -5  -g -q -f; own mip chain (Pillow BOX, normals renormalised, padded to 4x4 by edge replication), payloads concatenated into a DX10 DDS (linear format)	DDS (DX10 header), BC5_UNORM, 2048x2048, 12 mips, 2-D
27-game-assets/textures-dds/ph_metal_normal_2k/ph_metal_normal_2k.bc7.bc7enc-u4-z1.dds	5592580	1fa755b7ee260cfa78c2e39a1a00c0560443cfaf9d93889ef37045159f8b6dc0	27-game-assets_textures-dds.zip	CC0-1.0	none required (courtesy credit in README)	https://dl.polyhaven.org/file/ph-assets/Textures/png/2k/blue_metal_plate/blue_metal_plate_nor_gl_2k.png	blue_metal_plate_nor_gl_2k.png sha256:8c5701c09d71bbc7dffe97b45fde3c57b132c5fca8d39851695f7566f54b02e9 (8-bit RGBA work image sha256:7d9b81e7855047a2)	bc7enc_rdo b943862 (bc7enc v1.08, MIT / public domain; built with MSVC 2022 cl /O2 /openmp, 4-mode CLI, ispc not used); per level: -C -u4 -z1 -g -q -f; own mip chain (Pillow BOX, normals renormalised, padded to 4x4 by edge replication), payloads concatenated into a DX10 DDS (linear format)	DDS (DX10 header), BC7_UNORM, 2048x2048, 12 mips, 2-D
27-game-assets/textures-dds/ph_metal_normal_2k/ph_metal_normal_2k.bc7.bc7enc-u4.dds	5592580	82158262a74a2a3ee5d3d517916337c0427abfc3ca1aa6c535b81f70da074d5f	27-game-assets_textures-dds.zip	CC0-1.0	none required (courtesy credit in README)	https://dl.polyhaven.org/file/ph-assets/Textures/png/2k/blue_metal_plate/blue_metal_plate_nor_gl_2k.png	blue_metal_plate_nor_gl_2k.png sha256:8c5701c09d71bbc7dffe97b45fde3c57b132c5fca8d39851695f7566f54b02e9 (8-bit RGBA work image sha256:7d9b81e7855047a2)	bc7enc_rdo b943862 (bc7enc v1.08, MIT / public domain; built with MSVC 2022 cl /O2 /openmp, 4-mode CLI, ispc not used); per level: -C -u4  -g -q -f; own mip chain (Pillow BOX, normals renormalised, padded to 4x4 by edge replication), payloads concatenated into a DX10 DDS (linear format)	DDS (DX10 header), BC7_UNORM, 2048x2048, 12 mips, 2-D
27-game-assets/textures-dds/ph_metal_normal_2k/ph_metal_normal_2k.bc7.texconv.dds	5592580	d9c688ecfad3f6aaa282e21887fe32a5bbdb924e9e0d51a2f9050f41dea21817	27-game-assets_textures-dds.zip	CC0-1.0	none required (courtesy credit in README)	https://dl.polyhaven.org/file/ph-assets/Textures/png/2k/blue_metal_plate/blue_metal_plate_nor_gl_2k.png	blue_metal_plate_nor_gl_2k.png sha256:8c5701c09d71bbc7dffe97b45fde3c57b132c5fca8d39851695f7566f54b02e9 (8-bit RGBA work image sha256:7d9b81e7855047a2)	DirectXTex texconv 2026.5.8.1 (tag may2026, MIT); -nogpu -m 0 -f BC7_UNORM -dx10 -ft dds (texconv's own mip chain and default CPU BC7 codec)	DDS (DX10 header), BC7_UNORM, 2048x2048, 12 mips, 2-D
27-game-assets/textures-dds/ph_rock_ao_1k/ph_rock_ao_1k.bc1.bc7enc.dds	699212	f939ff17ecbcf9c5ed14d4618f33ff5d50bdbe9ccfabbb83ae7032f694405bb5	27-game-assets_textures-dds.zip	CC0-1.0	none required (courtesy credit in README)	https://dl.polyhaven.org/file/ph-assets/Textures/png/1k/rock_boulder_cracked/rock_boulder_cracked_ao_1k.png	rock_boulder_cracked_AO_1k.png sha256:1b29f766a7e90b75f2f20ae461a7a2fed06bb9e9a67c34162081ec52109b3870 (8-bit RGBA work image sha256:5559fd7a75be062c)	bc7enc_rdo b943862 (bc7enc v1.08, MIT / public domain; built with MSVC 2022 cl /O2 /openmp, 4-mode CLI, ispc not used); per level: -1  -g -q -f; own mip chain (Pillow BOX, normals renormalised, padded to 4x4 by edge replication), payloads concatenated into a DX10 DDS (linear format)	DDS (DX10 header), BC1_UNORM, 1024x1024, 11 mips, 2-D
27-game-assets/textures-dds/ph_rock_ao_1k/ph_rock_ao_1k.bc4.bc7enc-lowq.dds	699212	6b1a2c5fde4ca22e7568f18d87791791c1121092e1fcf7fa41f11dd29b7e76ea	27-game-assets_textures-dds.zip	CC0-1.0	none required (courtesy credit in README)	https://dl.polyhaven.org/file/ph-assets/Textures/png/1k/rock_boulder_cracked/rock_boulder_cracked_ao_1k.png	rock_boulder_cracked_AO_1k.png sha256:1b29f766a7e90b75f2f20ae461a7a2fed06bb9e9a67c34162081ec52109b3870 (8-bit RGBA work image sha256:5559fd7a75be062c)	bc7enc_rdo b943862 (bc7enc v1.08, MIT / public domain; built with MSVC 2022 cl /O2 /openmp, 4-mode CLI, ispc not used); per level: -4 -hl -g -q -f; own mip chain (Pillow BOX, normals renormalised, padded to 4x4 by edge replication), payloads concatenated into a DX10 DDS (linear format)	DDS (DX10 header), BC4_UNORM, 1024x1024, 11 mips, 2-D
27-game-assets/textures-dds/ph_rock_ao_1k/ph_rock_ao_1k.bc4.bc7enc.dds	699212	0f473b724a5e15c329a5a198b7df50c2906cdae7dfcd8ff681981e2bd62c7ed5	27-game-assets_textures-dds.zip	CC0-1.0	none required (courtesy credit in README)	https://dl.polyhaven.org/file/ph-assets/Textures/png/1k/rock_boulder_cracked/rock_boulder_cracked_ao_1k.png	rock_boulder_cracked_AO_1k.png sha256:1b29f766a7e90b75f2f20ae461a7a2fed06bb9e9a67c34162081ec52109b3870 (8-bit RGBA work image sha256:5559fd7a75be062c)	bc7enc_rdo b943862 (bc7enc v1.08, MIT / public domain; built with MSVC 2022 cl /O2 /openmp, 4-mode CLI, ispc not used); per level: -4  -g -q -f; own mip chain (Pillow BOX, normals renormalised, padded to 4x4 by edge replication), payloads concatenated into a DX10 DDS (linear format)	DDS (DX10 header), BC4_UNORM, 1024x1024, 11 mips, 2-D
27-game-assets/textures-dds/ph_rock_ao_1k/ph_rock_ao_1k.bc4.etcpak.dds	699212	c6c82ee919f911e13d45a374d6a4e287965e96ddbab6611752a88aa8ede1b7c6	27-game-assets_textures-dds.zip	CC0-1.0	none required (courtesy credit in README)	https://dl.polyhaven.org/file/ph-assets/Textures/png/1k/rock_boulder_cracked/rock_boulder_cracked_ao_1k.png	rock_boulder_cracked_AO_1k.png sha256:1b29f766a7e90b75f2f20ae461a7a2fed06bb9e9a67c34162081ec52109b3870 (8-bit RGBA work image sha256:5559fd7a75be062c)	etcpak 0.9.15 (pip wheel: MIT wrapper over etcpak BSD-3-Clause); etcpak.compress_bc4(RGBA8, w, h) per level; own mip chain (Pillow BOX, padded to 4x4)	DDS (DX10 header), BC4_UNORM, 1024x1024, 11 mips, 2-D
27-game-assets/textures-dds/ph_rock_ao_1k/ph_rock_ao_1k.bc4.texconv.dds	699212	22361863b5993ab66364f6f405c786bf357b3eb43412f5913a76931ed94de17e	27-game-assets_textures-dds.zip	CC0-1.0	none required (courtesy credit in README)	https://dl.polyhaven.org/file/ph-assets/Textures/png/1k/rock_boulder_cracked/rock_boulder_cracked_ao_1k.png	rock_boulder_cracked_AO_1k.png sha256:1b29f766a7e90b75f2f20ae461a7a2fed06bb9e9a67c34162081ec52109b3870 (8-bit RGBA work image sha256:5559fd7a75be062c)	DirectXTex texconv 2026.5.8.1 (tag may2026, MIT); -nogpu -m 0 -f BC4_UNORM -dx10 -ft dds (texconv's own mip chain and default CPU BC4 codec)	DDS (DX10 header), BC4_UNORM, 1024x1024, 11 mips, 2-D
27-game-assets/textures-dds/ph_rock_ao_1k/ph_rock_ao_1k.bc7.bc7enc-u4-e.dds	1398276	b7c5adf06ada8dc68fa0a97ee528756899dd164a4b6355da68552f59f56e6809	27-game-assets_textures-dds.zip	CC0-1.0	none required (courtesy credit in README)	https://dl.polyhaven.org/file/ph-assets/Textures/png/1k/rock_boulder_cracked/rock_boulder_cracked_ao_1k.png	rock_boulder_cracked_AO_1k.png sha256:1b29f766a7e90b75f2f20ae461a7a2fed06bb9e9a67c34162081ec52109b3870 (8-bit RGBA work image sha256:5559fd7a75be062c)	bc7enc_rdo b943862 (bc7enc v1.08, MIT / public domain; built with MSVC 2022 cl /O2 /openmp, 4-mode CLI, ispc not used); per level: -C -u4 -e -g -q -f; own mip chain (Pillow BOX, normals renormalised, padded to 4x4 by edge replication), payloads concatenated into a DX10 DDS (linear format)	DDS (DX10 header), BC7_UNORM, 1024x1024, 11 mips, 2-D
27-game-assets/textures-dds/ph_rock_ao_1k/ph_rock_ao_1k.bc7.bc7enc-u4-z1.dds	1398276	d3c6fb02dd0731b175a9c31e7a8fe51cb59f9819c0db5a41cd650fc319755d68	27-game-assets_textures-dds.zip	CC0-1.0	none required (courtesy credit in README)	https://dl.polyhaven.org/file/ph-assets/Textures/png/1k/rock_boulder_cracked/rock_boulder_cracked_ao_1k.png	rock_boulder_cracked_AO_1k.png sha256:1b29f766a7e90b75f2f20ae461a7a2fed06bb9e9a67c34162081ec52109b3870 (8-bit RGBA work image sha256:5559fd7a75be062c)	bc7enc_rdo b943862 (bc7enc v1.08, MIT / public domain; built with MSVC 2022 cl /O2 /openmp, 4-mode CLI, ispc not used); per level: -C -u4 -z1 -g -q -f; own mip chain (Pillow BOX, normals renormalised, padded to 4x4 by edge replication), payloads concatenated into a DX10 DDS (linear format)	DDS (DX10 header), BC7_UNORM, 1024x1024, 11 mips, 2-D
27-game-assets/textures-dds/ph_rock_ao_1k/ph_rock_ao_1k.bc7.bc7enc-u4.dds	1398276	6581857b107375b4e5b351269b961e2c347243bd4391ec1596fe489a42b8e858	27-game-assets_textures-dds.zip	CC0-1.0	none required (courtesy credit in README)	https://dl.polyhaven.org/file/ph-assets/Textures/png/1k/rock_boulder_cracked/rock_boulder_cracked_ao_1k.png	rock_boulder_cracked_AO_1k.png sha256:1b29f766a7e90b75f2f20ae461a7a2fed06bb9e9a67c34162081ec52109b3870 (8-bit RGBA work image sha256:5559fd7a75be062c)	bc7enc_rdo b943862 (bc7enc v1.08, MIT / public domain; built with MSVC 2022 cl /O2 /openmp, 4-mode CLI, ispc not used); per level: -C -u4  -g -q -f; own mip chain (Pillow BOX, normals renormalised, padded to 4x4 by edge replication), payloads concatenated into a DX10 DDS (linear format)	DDS (DX10 header), BC7_UNORM, 1024x1024, 11 mips, 2-D
27-game-assets/textures-dds/ph_rock_ao_1k/ph_rock_ao_1k.bc7.texconv.dds	1398276	f50010e6dcd9bbb2c0e295821e18fdb1e87c43a7b598ba1b18650185dea128ae	27-game-assets_textures-dds.zip	CC0-1.0	none required (courtesy credit in README)	https://dl.polyhaven.org/file/ph-assets/Textures/png/1k/rock_boulder_cracked/rock_boulder_cracked_ao_1k.png	rock_boulder_cracked_AO_1k.png sha256:1b29f766a7e90b75f2f20ae461a7a2fed06bb9e9a67c34162081ec52109b3870 (8-bit RGBA work image sha256:5559fd7a75be062c)	DirectXTex texconv 2026.5.8.1 (tag may2026, MIT); -nogpu -m 0 -f BC7_UNORM -dx10 -ft dds (texconv's own mip chain and default CPU BC7 codec)	DDS (DX10 header), BC7_UNORM, 1024x1024, 11 mips, 2-D
27-game-assets/textures-dds/ph_rock_diffuse_1k/ph_rock_diffuse_1k.bc1.bc7enc.dds	699212	c5f76724203f645e131f497d3b1576fdfacb69136cd4c632492e9eaf5a198f1b	27-game-assets_textures-dds.zip	CC0-1.0	none required (courtesy credit in README)	https://dl.polyhaven.org/file/ph-assets/Textures/png/1k/rock_boulder_cracked/rock_boulder_cracked_diff_1k.png	rock_boulder_cracked_Diffuse_1k.png sha256:cb57c59ea319668148fb65e47eae114c9d9d8a81c5fcb877818a94743447f863 (8-bit RGBA work image sha256:6d842a04911b1015)	bc7enc_rdo b943862 (bc7enc v1.08, MIT / public domain; built with MSVC 2022 cl /O2 /openmp, 4-mode CLI, ispc not used); per level: -1  -g -q -f; own mip chain (Pillow BOX, normals renormalised, padded to 4x4 by edge replication), payloads concatenated into a DX10 DDS (sRGB format)	DDS (DX10 header), BC1_UNORM_SRGB, 1024x1024, 11 mips, 2-D
27-game-assets/textures-dds/ph_rock_diffuse_1k/ph_rock_diffuse_1k.bc1.etcpak.dds	699212	c9c288b74ad8446096b83b8709b281971663f0e3df113f277b23735501fedfbd	27-game-assets_textures-dds.zip	CC0-1.0	none required (courtesy credit in README)	https://dl.polyhaven.org/file/ph-assets/Textures/png/1k/rock_boulder_cracked/rock_boulder_cracked_diff_1k.png	rock_boulder_cracked_Diffuse_1k.png sha256:cb57c59ea319668148fb65e47eae114c9d9d8a81c5fcb877818a94743447f863 (8-bit RGBA work image sha256:6d842a04911b1015)	etcpak 0.9.15 (pip wheel: MIT wrapper over etcpak BSD-3-Clause); etcpak.compress_bc1(RGBA8, w, h) per level; own mip chain (Pillow BOX, padded to 4x4)	DDS (DX10 header), BC1_UNORM_SRGB, 1024x1024, 11 mips, 2-D
27-game-assets/textures-dds/ph_rock_diffuse_1k/ph_rock_diffuse_1k.bc1.texconv.dds	699212	3062c0cd1727481017da7e8c7e12d7b4e07c816a5ddf0db9a9e8352e6f552689	27-game-assets_textures-dds.zip	CC0-1.0	none required (courtesy credit in README)	https://dl.polyhaven.org/file/ph-assets/Textures/png/1k/rock_boulder_cracked/rock_boulder_cracked_diff_1k.png	rock_boulder_cracked_Diffuse_1k.png sha256:cb57c59ea319668148fb65e47eae114c9d9d8a81c5fcb877818a94743447f863 (8-bit RGBA work image sha256:6d842a04911b1015)	DirectXTex texconv 2026.5.8.1 (tag may2026, MIT); -nogpu -m 0 -f BC1_UNORM_SRGB -dx10 -ft dds -srgb (texconv's own mip chain and default CPU BC1 codec)	DDS (DX10 header), BC1_UNORM_SRGB, 1024x1024, 11 mips, 2-D
27-game-assets/textures-dds/ph_rock_diffuse_1k/ph_rock_diffuse_1k.bc3.bc7enc.dds	1398276	e28bf500e5a9c9dc63845741fc4d5f672ef320858a80d93cc27ca54106d9aa6e	27-game-assets_textures-dds.zip	CC0-1.0	none required (courtesy credit in README)	https://dl.polyhaven.org/file/ph-assets/Textures/png/1k/rock_boulder_cracked/rock_boulder_cracked_diff_1k.png	rock_boulder_cracked_Diffuse_1k.png sha256:cb57c59ea319668148fb65e47eae114c9d9d8a81c5fcb877818a94743447f863 (8-bit RGBA work image sha256:6d842a04911b1015)	bc7enc_rdo b943862 (bc7enc v1.08, MIT / public domain; built with MSVC 2022 cl /O2 /openmp, 4-mode CLI, ispc not used); per level: -3  -g -q -f; own mip chain (Pillow BOX, normals renormalised, padded to 4x4 by edge replication), payloads concatenated into a DX10 DDS (sRGB format)	DDS (DX10 header), BC3_UNORM_SRGB, 1024x1024, 11 mips, 2-D
27-game-assets/textures-dds/ph_rock_diffuse_1k/ph_rock_diffuse_1k.bc3.etcpak.dds	1398276	119c417df0d3f6b7daef6247bfa47794b9f0efbdb82583a25a5867e80831079a	27-game-assets_textures-dds.zip	CC0-1.0	none required (courtesy credit in README)	https://dl.polyhaven.org/file/ph-assets/Textures/png/1k/rock_boulder_cracked/rock_boulder_cracked_diff_1k.png	rock_boulder_cracked_Diffuse_1k.png sha256:cb57c59ea319668148fb65e47eae114c9d9d8a81c5fcb877818a94743447f863 (8-bit RGBA work image sha256:6d842a04911b1015)	etcpak 0.9.15 (pip wheel: MIT wrapper over etcpak BSD-3-Clause); etcpak.compress_bc3(RGBA8, w, h) per level; own mip chain (Pillow BOX, padded to 4x4)	DDS (DX10 header), BC3_UNORM_SRGB, 1024x1024, 11 mips, 2-D
27-game-assets/textures-dds/ph_rock_diffuse_1k/ph_rock_diffuse_1k.bc3.texconv.dds	1398276	942b71a418f2947515e6f238450debc09a87503e4e93521f16c635301d121192	27-game-assets_textures-dds.zip	CC0-1.0	none required (courtesy credit in README)	https://dl.polyhaven.org/file/ph-assets/Textures/png/1k/rock_boulder_cracked/rock_boulder_cracked_diff_1k.png	rock_boulder_cracked_Diffuse_1k.png sha256:cb57c59ea319668148fb65e47eae114c9d9d8a81c5fcb877818a94743447f863 (8-bit RGBA work image sha256:6d842a04911b1015)	DirectXTex texconv 2026.5.8.1 (tag may2026, MIT); -nogpu -m 0 -f BC3_UNORM_SRGB -dx10 -ft dds -srgb (texconv's own mip chain and default CPU BC3 codec)	DDS (DX10 header), BC3_UNORM_SRGB, 1024x1024, 11 mips, 2-D
27-game-assets/textures-dds/ph_rock_diffuse_1k/ph_rock_diffuse_1k.bc7.bc7enc-u4-e.dds	1398276	ee371ff14205b5cd84ab350a4823e39085ee0eaf8228c4422c48fb072cd7d59f	27-game-assets_textures-dds.zip	CC0-1.0	none required (courtesy credit in README)	https://dl.polyhaven.org/file/ph-assets/Textures/png/1k/rock_boulder_cracked/rock_boulder_cracked_diff_1k.png	rock_boulder_cracked_Diffuse_1k.png sha256:cb57c59ea319668148fb65e47eae114c9d9d8a81c5fcb877818a94743447f863 (8-bit RGBA work image sha256:6d842a04911b1015)	bc7enc_rdo b943862 (bc7enc v1.08, MIT / public domain; built with MSVC 2022 cl /O2 /openmp, 4-mode CLI, ispc not used); per level: -C -u4 -e -g -q -f; own mip chain (Pillow BOX, normals renormalised, padded to 4x4 by edge replication), payloads concatenated into a DX10 DDS (sRGB format)	DDS (DX10 header), BC7_UNORM_SRGB, 1024x1024, 11 mips, 2-D
27-game-assets/textures-dds/ph_rock_diffuse_1k/ph_rock_diffuse_1k.bc7.bc7enc-u4-z0.5.dds	1398276	457e647f975b2055fb0944229ac9694f04f06ade0e3ab0a3afdf21cb6add6ac3	27-game-assets_textures-dds.zip	CC0-1.0	none required (courtesy credit in README)	https://dl.polyhaven.org/file/ph-assets/Textures/png/1k/rock_boulder_cracked/rock_boulder_cracked_diff_1k.png	rock_boulder_cracked_Diffuse_1k.png sha256:cb57c59ea319668148fb65e47eae114c9d9d8a81c5fcb877818a94743447f863 (8-bit RGBA work image sha256:6d842a04911b1015)	bc7enc_rdo b943862 (bc7enc v1.08, MIT / public domain; built with MSVC 2022 cl /O2 /openmp, 4-mode CLI, ispc not used); per level: -C -u4 -z0.5 -g -q -f; own mip chain (Pillow BOX, normals renormalised, padded to 4x4 by edge replication), payloads concatenated into a DX10 DDS (sRGB format)	DDS (DX10 header), BC7_UNORM_SRGB, 1024x1024, 11 mips, 2-D
27-game-assets/textures-dds/ph_rock_diffuse_1k/ph_rock_diffuse_1k.bc7.bc7enc-u4-z1.dds	1398276	2c936f296e44212075a86947ecc315da5ac34f1713f36355c0851db48f65d7dc	27-game-assets_textures-dds.zip	CC0-1.0	none required (courtesy credit in README)	https://dl.polyhaven.org/file/ph-assets/Textures/png/1k/rock_boulder_cracked/rock_boulder_cracked_diff_1k.png	rock_boulder_cracked_Diffuse_1k.png sha256:cb57c59ea319668148fb65e47eae114c9d9d8a81c5fcb877818a94743447f863 (8-bit RGBA work image sha256:6d842a04911b1015)	bc7enc_rdo b943862 (bc7enc v1.08, MIT / public domain; built with MSVC 2022 cl /O2 /openmp, 4-mode CLI, ispc not used); per level: -C -u4 -z1 -g -q -f; own mip chain (Pillow BOX, normals renormalised, padded to 4x4 by edge replication), payloads concatenated into a DX10 DDS (sRGB format)	DDS (DX10 header), BC7_UNORM_SRGB, 1024x1024, 11 mips, 2-D
27-game-assets/textures-dds/ph_rock_diffuse_1k/ph_rock_diffuse_1k.bc7.bc7enc-u4-z2.dds	1398276	7a3120a1fe03b0b74295a8898248d7ad0431b5604109ea8f5bae1ffbfd084f04	27-game-assets_textures-dds.zip	CC0-1.0	none required (courtesy credit in README)	https://dl.polyhaven.org/file/ph-assets/Textures/png/1k/rock_boulder_cracked/rock_boulder_cracked_diff_1k.png	rock_boulder_cracked_Diffuse_1k.png sha256:cb57c59ea319668148fb65e47eae114c9d9d8a81c5fcb877818a94743447f863 (8-bit RGBA work image sha256:6d842a04911b1015)	bc7enc_rdo b943862 (bc7enc v1.08, MIT / public domain; built with MSVC 2022 cl /O2 /openmp, 4-mode CLI, ispc not used); per level: -C -u4 -z2 -g -q -f; own mip chain (Pillow BOX, normals renormalised, padded to 4x4 by edge replication), payloads concatenated into a DX10 DDS (sRGB format)	DDS (DX10 header), BC7_UNORM_SRGB, 1024x1024, 11 mips, 2-D
27-game-assets/textures-dds/ph_rock_diffuse_1k/ph_rock_diffuse_1k.bc7.bc7enc-u4.dds	1398276	b435ec85bf5aa476bf3cc067dcdc1867863f0085eea2ef7ec5b821f656957c5f	27-game-assets_textures-dds.zip	CC0-1.0	none required (courtesy credit in README)	https://dl.polyhaven.org/file/ph-assets/Textures/png/1k/rock_boulder_cracked/rock_boulder_cracked_diff_1k.png	rock_boulder_cracked_Diffuse_1k.png sha256:cb57c59ea319668148fb65e47eae114c9d9d8a81c5fcb877818a94743447f863 (8-bit RGBA work image sha256:6d842a04911b1015)	bc7enc_rdo b943862 (bc7enc v1.08, MIT / public domain; built with MSVC 2022 cl /O2 /openmp, 4-mode CLI, ispc not used); per level: -C -u4  -g -q -f; own mip chain (Pillow BOX, normals renormalised, padded to 4x4 by edge replication), payloads concatenated into a DX10 DDS (sRGB format)	DDS (DX10 header), BC7_UNORM_SRGB, 1024x1024, 11 mips, 2-D
27-game-assets/textures-dds/ph_rock_diffuse_1k/ph_rock_diffuse_1k.bc7.texconv.dds	1398276	1fe53e8fd850318f79810b555736445474f6888ebb8a57af36972a9f6083fb0c	27-game-assets_textures-dds.zip	CC0-1.0	none required (courtesy credit in README)	https://dl.polyhaven.org/file/ph-assets/Textures/png/1k/rock_boulder_cracked/rock_boulder_cracked_diff_1k.png	rock_boulder_cracked_Diffuse_1k.png sha256:cb57c59ea319668148fb65e47eae114c9d9d8a81c5fcb877818a94743447f863 (8-bit RGBA work image sha256:6d842a04911b1015)	DirectXTex texconv 2026.5.8.1 (tag may2026, MIT); -nogpu -m 0 -f BC7_UNORM_SRGB -dx10 -ft dds -srgb (texconv's own mip chain and default CPU BC7 codec)	DDS (DX10 header), BC7_UNORM_SRGB, 1024x1024, 11 mips, 2-D
27-game-assets/textures-dds/ph_rock_diffuse_2k/ph_rock_diffuse_2k.bc1.bc7enc.dds	2796364	a78a5b3689a25d9cb702a30e90afd28e9e1c8323272db615c6cc9269a38e4e1d	27-game-assets_textures-dds.zip	CC0-1.0	none required (courtesy credit in README)	https://dl.polyhaven.org/file/ph-assets/Textures/png/2k/rock_boulder_cracked/rock_boulder_cracked_diff_2k.png	rock_boulder_cracked_Diffuse_2k.png sha256:4cbb4b82b00f54074762f2b2fcc85d4c6b156e065adee3c1a74164fc5a0828d5 (8-bit RGBA work image sha256:d7a15dd8f19f2777)	bc7enc_rdo b943862 (bc7enc v1.08, MIT / public domain; built with MSVC 2022 cl /O2 /openmp, 4-mode CLI, ispc not used); per level: -1  -g -q -f; own mip chain (Pillow BOX, normals renormalised, padded to 4x4 by edge replication), payloads concatenated into a DX10 DDS (sRGB format)	DDS (DX10 header), BC1_UNORM_SRGB, 2048x2048, 12 mips, 2-D
27-game-assets/textures-dds/ph_rock_diffuse_2k/ph_rock_diffuse_2k.bc3.bc7enc.dds	5592580	064cd67056a229a5f1ee111f43557a06e5b564adc298a7c186a40b2b4fb37b75	27-game-assets_textures-dds.zip	CC0-1.0	none required (courtesy credit in README)	https://dl.polyhaven.org/file/ph-assets/Textures/png/2k/rock_boulder_cracked/rock_boulder_cracked_diff_2k.png	rock_boulder_cracked_Diffuse_2k.png sha256:4cbb4b82b00f54074762f2b2fcc85d4c6b156e065adee3c1a74164fc5a0828d5 (8-bit RGBA work image sha256:d7a15dd8f19f2777)	bc7enc_rdo b943862 (bc7enc v1.08, MIT / public domain; built with MSVC 2022 cl /O2 /openmp, 4-mode CLI, ispc not used); per level: -3  -g -q -f; own mip chain (Pillow BOX, normals renormalised, padded to 4x4 by edge replication), payloads concatenated into a DX10 DDS (sRGB format)	DDS (DX10 header), BC3_UNORM_SRGB, 2048x2048, 12 mips, 2-D
27-game-assets/textures-dds/ph_rock_diffuse_2k/ph_rock_diffuse_2k.bc7.bc7enc-u4-z1.dds	5592580	05df24178c6f161346263da0a434aa6b5414253ff29d2aa68e399381755d4f3d	27-game-assets_textures-dds.zip	CC0-1.0	none required (courtesy credit in README)	https://dl.polyhaven.org/file/ph-assets/Textures/png/2k/rock_boulder_cracked/rock_boulder_cracked_diff_2k.png	rock_boulder_cracked_Diffuse_2k.png sha256:4cbb4b82b00f54074762f2b2fcc85d4c6b156e065adee3c1a74164fc5a0828d5 (8-bit RGBA work image sha256:d7a15dd8f19f2777)	bc7enc_rdo b943862 (bc7enc v1.08, MIT / public domain; built with MSVC 2022 cl /O2 /openmp, 4-mode CLI, ispc not used); per level: -C -u4 -z1 -g -q -f; own mip chain (Pillow BOX, normals renormalised, padded to 4x4 by edge replication), payloads concatenated into a DX10 DDS (sRGB format)	DDS (DX10 header), BC7_UNORM_SRGB, 2048x2048, 12 mips, 2-D
27-game-assets/textures-dds/ph_rock_diffuse_2k/ph_rock_diffuse_2k.bc7.bc7enc-u4.dds	5592580	f4944de052769b20e6b8c0fae77c3e25930ef1b89abe67a2a5a1dc23d6063a81	27-game-assets_textures-dds.zip	CC0-1.0	none required (courtesy credit in README)	https://dl.polyhaven.org/file/ph-assets/Textures/png/2k/rock_boulder_cracked/rock_boulder_cracked_diff_2k.png	rock_boulder_cracked_Diffuse_2k.png sha256:4cbb4b82b00f54074762f2b2fcc85d4c6b156e065adee3c1a74164fc5a0828d5 (8-bit RGBA work image sha256:d7a15dd8f19f2777)	bc7enc_rdo b943862 (bc7enc v1.08, MIT / public domain; built with MSVC 2022 cl /O2 /openmp, 4-mode CLI, ispc not used); per level: -C -u4  -g -q -f; own mip chain (Pillow BOX, normals renormalised, padded to 4x4 by edge replication), payloads concatenated into a DX10 DDS (sRGB format)	DDS (DX10 header), BC7_UNORM_SRGB, 2048x2048, 12 mips, 2-D
27-game-assets/textures-dds/ph_rock_diffuse_2k/ph_rock_diffuse_2k.bc7.texconv.dds	5592580	5db3b4bf6f43033c70e9e66d11e77f5ea3ec88b34ee58ae54f91c243912a95fd	27-game-assets_textures-dds.zip	CC0-1.0	none required (courtesy credit in README)	https://dl.polyhaven.org/file/ph-assets/Textures/png/2k/rock_boulder_cracked/rock_boulder_cracked_diff_2k.png	rock_boulder_cracked_Diffuse_2k.png sha256:4cbb4b82b00f54074762f2b2fcc85d4c6b156e065adee3c1a74164fc5a0828d5 (8-bit RGBA work image sha256:d7a15dd8f19f2777)	DirectXTex texconv 2026.5.8.1 (tag may2026, MIT); -nogpu -m 0 -f BC7_UNORM_SRGB -dx10 -ft dds -srgb (texconv's own mip chain and default CPU BC7 codec)	DDS (DX10 header), BC7_UNORM_SRGB, 2048x2048, 12 mips, 2-D
27-game-assets/textures-dds/ph_rock_disp_1k/ph_rock_disp_1k.bc1.bc7enc.dds	699212	a24e8f8ea5918e1ce5987c0501f242a70cdc724fc3cad711a9ddd7ea61d81fe2	27-game-assets_textures-dds.zip	CC0-1.0	none required (courtesy credit in README)	https://dl.polyhaven.org/file/ph-assets/Textures/png/1k/rock_boulder_cracked/rock_boulder_cracked_disp_1k.png	rock_boulder_cracked_Displacement_1k.png sha256:ac692236abaf9f9ec7a9e234cdb25af587a56d20f3a589ed5ea299626ca02a2f (8-bit RGBA work image sha256:d95271932c66be25)	bc7enc_rdo b943862 (bc7enc v1.08, MIT / public domain; built with MSVC 2022 cl /O2 /openmp, 4-mode CLI, ispc not used); per level: -1  -g -q -f; own mip chain (Pillow BOX, normals renormalised, padded to 4x4 by edge replication), payloads concatenated into a DX10 DDS (linear format)	DDS (DX10 header), BC1_UNORM, 1024x1024, 11 mips, 2-D
27-game-assets/textures-dds/ph_rock_disp_1k/ph_rock_disp_1k.bc4.bc7enc-lowq.dds	699212	e067406a95821323175646674ba0cdda53430d127fbc9893b7fe359526ad44f5	27-game-assets_textures-dds.zip	CC0-1.0	none required (courtesy credit in README)	https://dl.polyhaven.org/file/ph-assets/Textures/png/1k/rock_boulder_cracked/rock_boulder_cracked_disp_1k.png	rock_boulder_cracked_Displacement_1k.png sha256:ac692236abaf9f9ec7a9e234cdb25af587a56d20f3a589ed5ea299626ca02a2f (8-bit RGBA work image sha256:d95271932c66be25)	bc7enc_rdo b943862 (bc7enc v1.08, MIT / public domain; built with MSVC 2022 cl /O2 /openmp, 4-mode CLI, ispc not used); per level: -4 -hl -g -q -f; own mip chain (Pillow BOX, normals renormalised, padded to 4x4 by edge replication), payloads concatenated into a DX10 DDS (linear format)	DDS (DX10 header), BC4_UNORM, 1024x1024, 11 mips, 2-D
27-game-assets/textures-dds/ph_rock_disp_1k/ph_rock_disp_1k.bc4.bc7enc.dds	699212	09896ae8bdd65db57a574aaffcd08f6bcdc5530043c82bfc44e251155fa50e09	27-game-assets_textures-dds.zip	CC0-1.0	none required (courtesy credit in README)	https://dl.polyhaven.org/file/ph-assets/Textures/png/1k/rock_boulder_cracked/rock_boulder_cracked_disp_1k.png	rock_boulder_cracked_Displacement_1k.png sha256:ac692236abaf9f9ec7a9e234cdb25af587a56d20f3a589ed5ea299626ca02a2f (8-bit RGBA work image sha256:d95271932c66be25)	bc7enc_rdo b943862 (bc7enc v1.08, MIT / public domain; built with MSVC 2022 cl /O2 /openmp, 4-mode CLI, ispc not used); per level: -4  -g -q -f; own mip chain (Pillow BOX, normals renormalised, padded to 4x4 by edge replication), payloads concatenated into a DX10 DDS (linear format)	DDS (DX10 header), BC4_UNORM, 1024x1024, 11 mips, 2-D
27-game-assets/textures-dds/ph_rock_disp_1k/ph_rock_disp_1k.bc4.etcpak.dds	699212	f0550b935d8d2f7562719db9ace9a1e5ab3a23ce56b2992363358873788a7663	27-game-assets_textures-dds.zip	CC0-1.0	none required (courtesy credit in README)	https://dl.polyhaven.org/file/ph-assets/Textures/png/1k/rock_boulder_cracked/rock_boulder_cracked_disp_1k.png	rock_boulder_cracked_Displacement_1k.png sha256:ac692236abaf9f9ec7a9e234cdb25af587a56d20f3a589ed5ea299626ca02a2f (8-bit RGBA work image sha256:d95271932c66be25)	etcpak 0.9.15 (pip wheel: MIT wrapper over etcpak BSD-3-Clause); etcpak.compress_bc4(RGBA8, w, h) per level; own mip chain (Pillow BOX, padded to 4x4)	DDS (DX10 header), BC4_UNORM, 1024x1024, 11 mips, 2-D
27-game-assets/textures-dds/ph_rock_disp_1k/ph_rock_disp_1k.bc4.texconv.dds	699212	4cd36e90f897272f63346cf110a0996f40775f2bf51ffff788d270e8a07a1850	27-game-assets_textures-dds.zip	CC0-1.0	none required (courtesy credit in README)	https://dl.polyhaven.org/file/ph-assets/Textures/png/1k/rock_boulder_cracked/rock_boulder_cracked_disp_1k.png	rock_boulder_cracked_Displacement_1k.png sha256:ac692236abaf9f9ec7a9e234cdb25af587a56d20f3a589ed5ea299626ca02a2f (8-bit RGBA work image sha256:d95271932c66be25)	DirectXTex texconv 2026.5.8.1 (tag may2026, MIT); -nogpu -m 0 -f BC4_UNORM -dx10 -ft dds (texconv's own mip chain and default CPU BC4 codec)	DDS (DX10 header), BC4_UNORM, 1024x1024, 11 mips, 2-D
27-game-assets/textures-dds/ph_rock_disp_1k/ph_rock_disp_1k.bc7.bc7enc-u4-e.dds	1398276	fe0aa9980d6531af07bcb70727a72496f55c8f4df25cb7623f92d5fcc66bfa1c	27-game-assets_textures-dds.zip	CC0-1.0	none required (courtesy credit in README)	https://dl.polyhaven.org/file/ph-assets/Textures/png/1k/rock_boulder_cracked/rock_boulder_cracked_disp_1k.png	rock_boulder_cracked_Displacement_1k.png sha256:ac692236abaf9f9ec7a9e234cdb25af587a56d20f3a589ed5ea299626ca02a2f (8-bit RGBA work image sha256:d95271932c66be25)	bc7enc_rdo b943862 (bc7enc v1.08, MIT / public domain; built with MSVC 2022 cl /O2 /openmp, 4-mode CLI, ispc not used); per level: -C -u4 -e -g -q -f; own mip chain (Pillow BOX, normals renormalised, padded to 4x4 by edge replication), payloads concatenated into a DX10 DDS (linear format)	DDS (DX10 header), BC7_UNORM, 1024x1024, 11 mips, 2-D
27-game-assets/textures-dds/ph_rock_disp_1k/ph_rock_disp_1k.bc7.bc7enc-u4-z1.dds	1398276	e8f48f5aacccb9da4a163d95a584246570d527ef3d20aad7b39468c2cfe6a88f	27-game-assets_textures-dds.zip	CC0-1.0	none required (courtesy credit in README)	https://dl.polyhaven.org/file/ph-assets/Textures/png/1k/rock_boulder_cracked/rock_boulder_cracked_disp_1k.png	rock_boulder_cracked_Displacement_1k.png sha256:ac692236abaf9f9ec7a9e234cdb25af587a56d20f3a589ed5ea299626ca02a2f (8-bit RGBA work image sha256:d95271932c66be25)	bc7enc_rdo b943862 (bc7enc v1.08, MIT / public domain; built with MSVC 2022 cl /O2 /openmp, 4-mode CLI, ispc not used); per level: -C -u4 -z1 -g -q -f; own mip chain (Pillow BOX, normals renormalised, padded to 4x4 by edge replication), payloads concatenated into a DX10 DDS (linear format)	DDS (DX10 header), BC7_UNORM, 1024x1024, 11 mips, 2-D
27-game-assets/textures-dds/ph_rock_disp_1k/ph_rock_disp_1k.bc7.bc7enc-u4.dds	1398276	0b42e0fb2b4d0436fcecfadd9c51a3050c4fdf891470ffc306841e36b3bc893f	27-game-assets_textures-dds.zip	CC0-1.0	none required (courtesy credit in README)	https://dl.polyhaven.org/file/ph-assets/Textures/png/1k/rock_boulder_cracked/rock_boulder_cracked_disp_1k.png	rock_boulder_cracked_Displacement_1k.png sha256:ac692236abaf9f9ec7a9e234cdb25af587a56d20f3a589ed5ea299626ca02a2f (8-bit RGBA work image sha256:d95271932c66be25)	bc7enc_rdo b943862 (bc7enc v1.08, MIT / public domain; built with MSVC 2022 cl /O2 /openmp, 4-mode CLI, ispc not used); per level: -C -u4  -g -q -f; own mip chain (Pillow BOX, normals renormalised, padded to 4x4 by edge replication), payloads concatenated into a DX10 DDS (linear format)	DDS (DX10 header), BC7_UNORM, 1024x1024, 11 mips, 2-D
27-game-assets/textures-dds/ph_rock_disp_1k/ph_rock_disp_1k.bc7.texconv.dds	1398276	4eeb4e9a21ec9d7d7386e7b7e2a04a622c86b53ab452a7d7d3e8f6cb14b320d9	27-game-assets_textures-dds.zip	CC0-1.0	none required (courtesy credit in README)	https://dl.polyhaven.org/file/ph-assets/Textures/png/1k/rock_boulder_cracked/rock_boulder_cracked_disp_1k.png	rock_boulder_cracked_Displacement_1k.png sha256:ac692236abaf9f9ec7a9e234cdb25af587a56d20f3a589ed5ea299626ca02a2f (8-bit RGBA work image sha256:d95271932c66be25)	DirectXTex texconv 2026.5.8.1 (tag may2026, MIT); -nogpu -m 0 -f BC7_UNORM -dx10 -ft dds (texconv's own mip chain and default CPU BC7 codec)	DDS (DX10 header), BC7_UNORM, 1024x1024, 11 mips, 2-D
27-game-assets/textures-dds/ph_rock_normal_1k/ph_rock_normal_1k.bc1.bc7enc.dds	699212	87768204ab84b933960e8842e6cc6d4c4291de59e0c68bcefde16ce0525e4ea4	27-game-assets_textures-dds.zip	CC0-1.0	none required (courtesy credit in README)	https://dl.polyhaven.org/file/ph-assets/Textures/png/1k/rock_boulder_cracked/rock_boulder_cracked_nor_gl_1k.png	rock_boulder_cracked_nor_gl_1k.png sha256:cfd4aa9e1c98a6e77cfb3918043e872abdb94bf7c2d0261f8c20f816b7c8b401 (8-bit RGBA work image sha256:42eefefce46943ca)	bc7enc_rdo b943862 (bc7enc v1.08, MIT / public domain; built with MSVC 2022 cl /O2 /openmp, 4-mode CLI, ispc not used); per level: -1  -g -q -f; own mip chain (Pillow BOX, normals renormalised, padded to 4x4 by edge replication), payloads concatenated into a DX10 DDS (linear format)	DDS (DX10 header), BC1_UNORM, 1024x1024, 11 mips, 2-D
27-game-assets/textures-dds/ph_rock_normal_1k/ph_rock_normal_1k.bc1.texconv.dds	699212	abc141631ef97297fd01ed3dff2ec7d106b776fab4e4d687bcc5e5b034baa31d	27-game-assets_textures-dds.zip	CC0-1.0	none required (courtesy credit in README)	https://dl.polyhaven.org/file/ph-assets/Textures/png/1k/rock_boulder_cracked/rock_boulder_cracked_nor_gl_1k.png	rock_boulder_cracked_nor_gl_1k.png sha256:cfd4aa9e1c98a6e77cfb3918043e872abdb94bf7c2d0261f8c20f816b7c8b401 (8-bit RGBA work image sha256:42eefefce46943ca)	DirectXTex texconv 2026.5.8.1 (tag may2026, MIT); -nogpu -m 0 -f BC1_UNORM -dx10 -ft dds (texconv's own mip chain and default CPU BC1 codec)	DDS (DX10 header), BC1_UNORM, 1024x1024, 11 mips, 2-D
27-game-assets/textures-dds/ph_rock_normal_1k/ph_rock_normal_1k.bc5.bc7enc.dds	1398276	cfd942d9e40d0b3cb915ab5ded6caaccca2b1c7ce4395119a3ae9f3d209a8b35	27-game-assets_textures-dds.zip	CC0-1.0	none required (courtesy credit in README)	https://dl.polyhaven.org/file/ph-assets/Textures/png/1k/rock_boulder_cracked/rock_boulder_cracked_nor_gl_1k.png	rock_boulder_cracked_nor_gl_1k.png sha256:cfd4aa9e1c98a6e77cfb3918043e872abdb94bf7c2d0261f8c20f816b7c8b401 (8-bit RGBA work image sha256:42eefefce46943ca)	bc7enc_rdo b943862 (bc7enc v1.08, MIT / public domain; built with MSVC 2022 cl /O2 /openmp, 4-mode CLI, ispc not used); per level: -5  -g -q -f; own mip chain (Pillow BOX, normals renormalised, padded to 4x4 by edge replication), payloads concatenated into a DX10 DDS (linear format)	DDS (DX10 header), BC5_UNORM, 1024x1024, 11 mips, 2-D
27-game-assets/textures-dds/ph_rock_normal_1k/ph_rock_normal_1k.bc5.etcpak.dds	1398276	483aa72f7464217bb34b9f08025f76b99333012825e71230ae7c6ab4f7a544a8	27-game-assets_textures-dds.zip	CC0-1.0	none required (courtesy credit in README)	https://dl.polyhaven.org/file/ph-assets/Textures/png/1k/rock_boulder_cracked/rock_boulder_cracked_nor_gl_1k.png	rock_boulder_cracked_nor_gl_1k.png sha256:cfd4aa9e1c98a6e77cfb3918043e872abdb94bf7c2d0261f8c20f816b7c8b401 (8-bit RGBA work image sha256:42eefefce46943ca)	etcpak 0.9.15 (pip wheel: MIT wrapper over etcpak BSD-3-Clause); etcpak.compress_bc5(RGBA8, w, h) per level; own mip chain (Pillow BOX, padded to 4x4)	DDS (DX10 header), BC5_UNORM, 1024x1024, 11 mips, 2-D
27-game-assets/textures-dds/ph_rock_normal_1k/ph_rock_normal_1k.bc5.texconv.dds	1398276	fc4d133db9bb4a60de223d049025a9d8d6ce35387c192b66b91606aa17efc7d0	27-game-assets_textures-dds.zip	CC0-1.0	none required (courtesy credit in README)	https://dl.polyhaven.org/file/ph-assets/Textures/png/1k/rock_boulder_cracked/rock_boulder_cracked_nor_gl_1k.png	rock_boulder_cracked_nor_gl_1k.png sha256:cfd4aa9e1c98a6e77cfb3918043e872abdb94bf7c2d0261f8c20f816b7c8b401 (8-bit RGBA work image sha256:42eefefce46943ca)	DirectXTex texconv 2026.5.8.1 (tag may2026, MIT); -nogpu -m 0 -f BC5_UNORM -dx10 -ft dds (texconv's own mip chain and default CPU BC5 codec)	DDS (DX10 header), BC5_UNORM, 1024x1024, 11 mips, 2-D
27-game-assets/textures-dds/ph_rock_normal_1k/ph_rock_normal_1k.bc7.bc7enc-u4-e.dds	1398276	fb74ac8f7b2906c74107b20a83a05c37dc870ed737662c373b172f4e51b2a47e	27-game-assets_textures-dds.zip	CC0-1.0	none required (courtesy credit in README)	https://dl.polyhaven.org/file/ph-assets/Textures/png/1k/rock_boulder_cracked/rock_boulder_cracked_nor_gl_1k.png	rock_boulder_cracked_nor_gl_1k.png sha256:cfd4aa9e1c98a6e77cfb3918043e872abdb94bf7c2d0261f8c20f816b7c8b401 (8-bit RGBA work image sha256:42eefefce46943ca)	bc7enc_rdo b943862 (bc7enc v1.08, MIT / public domain; built with MSVC 2022 cl /O2 /openmp, 4-mode CLI, ispc not used); per level: -C -u4 -e -g -q -f; own mip chain (Pillow BOX, normals renormalised, padded to 4x4 by edge replication), payloads concatenated into a DX10 DDS (linear format)	DDS (DX10 header), BC7_UNORM, 1024x1024, 11 mips, 2-D
27-game-assets/textures-dds/ph_rock_normal_1k/ph_rock_normal_1k.bc7.bc7enc-u4-z1.dds	1398276	21a07b2e628dd9d5a190c6147f95b22b0b66108e84683bb7a11082d30e23e202	27-game-assets_textures-dds.zip	CC0-1.0	none required (courtesy credit in README)	https://dl.polyhaven.org/file/ph-assets/Textures/png/1k/rock_boulder_cracked/rock_boulder_cracked_nor_gl_1k.png	rock_boulder_cracked_nor_gl_1k.png sha256:cfd4aa9e1c98a6e77cfb3918043e872abdb94bf7c2d0261f8c20f816b7c8b401 (8-bit RGBA work image sha256:42eefefce46943ca)	bc7enc_rdo b943862 (bc7enc v1.08, MIT / public domain; built with MSVC 2022 cl /O2 /openmp, 4-mode CLI, ispc not used); per level: -C -u4 -z1 -g -q -f; own mip chain (Pillow BOX, normals renormalised, padded to 4x4 by edge replication), payloads concatenated into a DX10 DDS (linear format)	DDS (DX10 header), BC7_UNORM, 1024x1024, 11 mips, 2-D
27-game-assets/textures-dds/ph_rock_normal_1k/ph_rock_normal_1k.bc7.bc7enc-u4-z2.dds	1398276	e877430f0b50b346e24cf1e0336ced1b7ac1bf6db6dfa34cc1fbea8c5611e993	27-game-assets_textures-dds.zip	CC0-1.0	none required (courtesy credit in README)	https://dl.polyhaven.org/file/ph-assets/Textures/png/1k/rock_boulder_cracked/rock_boulder_cracked_nor_gl_1k.png	rock_boulder_cracked_nor_gl_1k.png sha256:cfd4aa9e1c98a6e77cfb3918043e872abdb94bf7c2d0261f8c20f816b7c8b401 (8-bit RGBA work image sha256:42eefefce46943ca)	bc7enc_rdo b943862 (bc7enc v1.08, MIT / public domain; built with MSVC 2022 cl /O2 /openmp, 4-mode CLI, ispc not used); per level: -C -u4 -z2 -g -q -f; own mip chain (Pillow BOX, normals renormalised, padded to 4x4 by edge replication), payloads concatenated into a DX10 DDS (linear format)	DDS (DX10 header), BC7_UNORM, 1024x1024, 11 mips, 2-D
27-game-assets/textures-dds/ph_rock_normal_1k/ph_rock_normal_1k.bc7.bc7enc-u4.dds	1398276	02ec0f4a0ed1687193d2e1d779acbb21c296ef40f061157c992854e6ff12cf6e	27-game-assets_textures-dds.zip	CC0-1.0	none required (courtesy credit in README)	https://dl.polyhaven.org/file/ph-assets/Textures/png/1k/rock_boulder_cracked/rock_boulder_cracked_nor_gl_1k.png	rock_boulder_cracked_nor_gl_1k.png sha256:cfd4aa9e1c98a6e77cfb3918043e872abdb94bf7c2d0261f8c20f816b7c8b401 (8-bit RGBA work image sha256:42eefefce46943ca)	bc7enc_rdo b943862 (bc7enc v1.08, MIT / public domain; built with MSVC 2022 cl /O2 /openmp, 4-mode CLI, ispc not used); per level: -C -u4  -g -q -f; own mip chain (Pillow BOX, normals renormalised, padded to 4x4 by edge replication), payloads concatenated into a DX10 DDS (linear format)	DDS (DX10 header), BC7_UNORM, 1024x1024, 11 mips, 2-D
27-game-assets/textures-dds/ph_rock_normal_1k/ph_rock_normal_1k.bc7.texconv.dds	1398276	713cf525cbe23f2c8037da80fded279b38893eb82c40e28fbb4177d2bcb7d61a	27-game-assets_textures-dds.zip	CC0-1.0	none required (courtesy credit in README)	https://dl.polyhaven.org/file/ph-assets/Textures/png/1k/rock_boulder_cracked/rock_boulder_cracked_nor_gl_1k.png	rock_boulder_cracked_nor_gl_1k.png sha256:cfd4aa9e1c98a6e77cfb3918043e872abdb94bf7c2d0261f8c20f816b7c8b401 (8-bit RGBA work image sha256:42eefefce46943ca)	DirectXTex texconv 2026.5.8.1 (tag may2026, MIT); -nogpu -m 0 -f BC7_UNORM -dx10 -ft dds (texconv's own mip chain and default CPU BC7 codec)	DDS (DX10 header), BC7_UNORM, 1024x1024, 11 mips, 2-D
27-game-assets/textures-dds/ph_rock_normal_2k/ph_rock_normal_2k.bc1.bc7enc.dds	2796364	f4db3f68c319de39c7f3e77f36c385e1214032afe8da821edca5727bfb306ade	27-game-assets_textures-dds.zip	CC0-1.0	none required (courtesy credit in README)	https://dl.polyhaven.org/file/ph-assets/Textures/png/2k/rock_boulder_cracked/rock_boulder_cracked_nor_gl_2k.png	rock_boulder_cracked_nor_gl_2k.png sha256:46d354286488b5421313a2ff1948e6ab3c81778b7c1cbe332627206ee5c3b09a (8-bit RGBA work image sha256:50ef54656aa4d04f)	bc7enc_rdo b943862 (bc7enc v1.08, MIT / public domain; built with MSVC 2022 cl /O2 /openmp, 4-mode CLI, ispc not used); per level: -1  -g -q -f; own mip chain (Pillow BOX, normals renormalised, padded to 4x4 by edge replication), payloads concatenated into a DX10 DDS (linear format)	DDS (DX10 header), BC1_UNORM, 2048x2048, 12 mips, 2-D
27-game-assets/textures-dds/ph_rock_normal_2k/ph_rock_normal_2k.bc5.bc7enc.dds	5592580	12110f7426766a418cf279ab168e43c23951414e9970e39f31ca0e5f359ab575	27-game-assets_textures-dds.zip	CC0-1.0	none required (courtesy credit in README)	https://dl.polyhaven.org/file/ph-assets/Textures/png/2k/rock_boulder_cracked/rock_boulder_cracked_nor_gl_2k.png	rock_boulder_cracked_nor_gl_2k.png sha256:46d354286488b5421313a2ff1948e6ab3c81778b7c1cbe332627206ee5c3b09a (8-bit RGBA work image sha256:50ef54656aa4d04f)	bc7enc_rdo b943862 (bc7enc v1.08, MIT / public domain; built with MSVC 2022 cl /O2 /openmp, 4-mode CLI, ispc not used); per level: -5  -g -q -f; own mip chain (Pillow BOX, normals renormalised, padded to 4x4 by edge replication), payloads concatenated into a DX10 DDS (linear format)	DDS (DX10 header), BC5_UNORM, 2048x2048, 12 mips, 2-D
27-game-assets/textures-dds/ph_rock_normal_2k/ph_rock_normal_2k.bc7.bc7enc-u4-z1.dds	5592580	8f0e2172e26e13257d9ddcb112d1147e7b279fa895356c580220f02324bf79bd	27-game-assets_textures-dds.zip	CC0-1.0	none required (courtesy credit in README)	https://dl.polyhaven.org/file/ph-assets/Textures/png/2k/rock_boulder_cracked/rock_boulder_cracked_nor_gl_2k.png	rock_boulder_cracked_nor_gl_2k.png sha256:46d354286488b5421313a2ff1948e6ab3c81778b7c1cbe332627206ee5c3b09a (8-bit RGBA work image sha256:50ef54656aa4d04f)	bc7enc_rdo b943862 (bc7enc v1.08, MIT / public domain; built with MSVC 2022 cl /O2 /openmp, 4-mode CLI, ispc not used); per level: -C -u4 -z1 -g -q -f; own mip chain (Pillow BOX, normals renormalised, padded to 4x4 by edge replication), payloads concatenated into a DX10 DDS (linear format)	DDS (DX10 header), BC7_UNORM, 2048x2048, 12 mips, 2-D
27-game-assets/textures-dds/ph_rock_normal_2k/ph_rock_normal_2k.bc7.bc7enc-u4.dds	5592580	4202efd897618b04e171911839b85a6eefff00e485d4b4269483b75bb11ced38	27-game-assets_textures-dds.zip	CC0-1.0	none required (courtesy credit in README)	https://dl.polyhaven.org/file/ph-assets/Textures/png/2k/rock_boulder_cracked/rock_boulder_cracked_nor_gl_2k.png	rock_boulder_cracked_nor_gl_2k.png sha256:46d354286488b5421313a2ff1948e6ab3c81778b7c1cbe332627206ee5c3b09a (8-bit RGBA work image sha256:50ef54656aa4d04f)	bc7enc_rdo b943862 (bc7enc v1.08, MIT / public domain; built with MSVC 2022 cl /O2 /openmp, 4-mode CLI, ispc not used); per level: -C -u4  -g -q -f; own mip chain (Pillow BOX, normals renormalised, padded to 4x4 by edge replication), payloads concatenated into a DX10 DDS (linear format)	DDS (DX10 header), BC7_UNORM, 2048x2048, 12 mips, 2-D
27-game-assets/textures-dds/ph_rock_normal_2k/ph_rock_normal_2k.bc7.texconv.dds	5592580	cf7587e67379e93318f4eefae452f351da61b7cc8a87bd35a67e68533c895e7b	27-game-assets_textures-dds.zip	CC0-1.0	none required (courtesy credit in README)	https://dl.polyhaven.org/file/ph-assets/Textures/png/2k/rock_boulder_cracked/rock_boulder_cracked_nor_gl_2k.png	rock_boulder_cracked_nor_gl_2k.png sha256:46d354286488b5421313a2ff1948e6ab3c81778b7c1cbe332627206ee5c3b09a (8-bit RGBA work image sha256:50ef54656aa4d04f)	DirectXTex texconv 2026.5.8.1 (tag may2026, MIT); -nogpu -m 0 -f BC7_UNORM -dx10 -ft dds (texconv's own mip chain and default CPU BC7 codec)	DDS (DX10 header), BC7_UNORM, 2048x2048, 12 mips, 2-D
27-game-assets/textures-dds/ph_rock_rough_1k/ph_rock_rough_1k.bc1.bc7enc.dds	699212	2a0c1db8526ac6392e442eb72ce993077403ab23545ba2750c38b8a9fa2f2afd	27-game-assets_textures-dds.zip	CC0-1.0	none required (courtesy credit in README)	https://dl.polyhaven.org/file/ph-assets/Textures/png/1k/rock_boulder_cracked/rock_boulder_cracked_rough_1k.png	rock_boulder_cracked_Rough_1k.png sha256:ed6cf13f6b36a00965a856fdc69b064472b6f57257934404cbf11ac49046ee38 (8-bit RGBA work image sha256:4ed831bf1ea31c3f)	bc7enc_rdo b943862 (bc7enc v1.08, MIT / public domain; built with MSVC 2022 cl /O2 /openmp, 4-mode CLI, ispc not used); per level: -1  -g -q -f; own mip chain (Pillow BOX, normals renormalised, padded to 4x4 by edge replication), payloads concatenated into a DX10 DDS (linear format)	DDS (DX10 header), BC1_UNORM, 1024x1024, 11 mips, 2-D
27-game-assets/textures-dds/ph_rock_rough_1k/ph_rock_rough_1k.bc4.bc7enc-lowq.dds	699212	09a948145cc846afafa14a01182d6acc0d0e3682c69e3f8ccd882d18a93bb0a6	27-game-assets_textures-dds.zip	CC0-1.0	none required (courtesy credit in README)	https://dl.polyhaven.org/file/ph-assets/Textures/png/1k/rock_boulder_cracked/rock_boulder_cracked_rough_1k.png	rock_boulder_cracked_Rough_1k.png sha256:ed6cf13f6b36a00965a856fdc69b064472b6f57257934404cbf11ac49046ee38 (8-bit RGBA work image sha256:4ed831bf1ea31c3f)	bc7enc_rdo b943862 (bc7enc v1.08, MIT / public domain; built with MSVC 2022 cl /O2 /openmp, 4-mode CLI, ispc not used); per level: -4 -hl -g -q -f; own mip chain (Pillow BOX, normals renormalised, padded to 4x4 by edge replication), payloads concatenated into a DX10 DDS (linear format)	DDS (DX10 header), BC4_UNORM, 1024x1024, 11 mips, 2-D
27-game-assets/textures-dds/ph_rock_rough_1k/ph_rock_rough_1k.bc4.bc7enc.dds	699212	5a68429fa6c44e8e2c5f9a57bb2ae2937d0caccf5a21a20231ae77e2cfb01097	27-game-assets_textures-dds.zip	CC0-1.0	none required (courtesy credit in README)	https://dl.polyhaven.org/file/ph-assets/Textures/png/1k/rock_boulder_cracked/rock_boulder_cracked_rough_1k.png	rock_boulder_cracked_Rough_1k.png sha256:ed6cf13f6b36a00965a856fdc69b064472b6f57257934404cbf11ac49046ee38 (8-bit RGBA work image sha256:4ed831bf1ea31c3f)	bc7enc_rdo b943862 (bc7enc v1.08, MIT / public domain; built with MSVC 2022 cl /O2 /openmp, 4-mode CLI, ispc not used); per level: -4  -g -q -f; own mip chain (Pillow BOX, normals renormalised, padded to 4x4 by edge replication), payloads concatenated into a DX10 DDS (linear format)	DDS (DX10 header), BC4_UNORM, 1024x1024, 11 mips, 2-D
27-game-assets/textures-dds/ph_rock_rough_1k/ph_rock_rough_1k.bc4.etcpak.dds	699212	bf622e2548edcaa098badd5441267be2edf6b5a5d8d8b059f0d4b0bb93aeb28e	27-game-assets_textures-dds.zip	CC0-1.0	none required (courtesy credit in README)	https://dl.polyhaven.org/file/ph-assets/Textures/png/1k/rock_boulder_cracked/rock_boulder_cracked_rough_1k.png	rock_boulder_cracked_Rough_1k.png sha256:ed6cf13f6b36a00965a856fdc69b064472b6f57257934404cbf11ac49046ee38 (8-bit RGBA work image sha256:4ed831bf1ea31c3f)	etcpak 0.9.15 (pip wheel: MIT wrapper over etcpak BSD-3-Clause); etcpak.compress_bc4(RGBA8, w, h) per level; own mip chain (Pillow BOX, padded to 4x4)	DDS (DX10 header), BC4_UNORM, 1024x1024, 11 mips, 2-D
27-game-assets/textures-dds/ph_rock_rough_1k/ph_rock_rough_1k.bc4.texconv.dds	699212	a7a30957ab2b6ba4af348f4a2b31e0810c586e06d550a062c8095e7e6fabe1be	27-game-assets_textures-dds.zip	CC0-1.0	none required (courtesy credit in README)	https://dl.polyhaven.org/file/ph-assets/Textures/png/1k/rock_boulder_cracked/rock_boulder_cracked_rough_1k.png	rock_boulder_cracked_Rough_1k.png sha256:ed6cf13f6b36a00965a856fdc69b064472b6f57257934404cbf11ac49046ee38 (8-bit RGBA work image sha256:4ed831bf1ea31c3f)	DirectXTex texconv 2026.5.8.1 (tag may2026, MIT); -nogpu -m 0 -f BC4_UNORM -dx10 -ft dds (texconv's own mip chain and default CPU BC4 codec)	DDS (DX10 header), BC4_UNORM, 1024x1024, 11 mips, 2-D
27-game-assets/textures-dds/ph_rock_rough_1k/ph_rock_rough_1k.bc7.bc7enc-u4-e.dds	1398276	903b50b319e18ea19c2e6b98f301e913d9dfce0ffbe0057398f0e89fa3502966	27-game-assets_textures-dds.zip	CC0-1.0	none required (courtesy credit in README)	https://dl.polyhaven.org/file/ph-assets/Textures/png/1k/rock_boulder_cracked/rock_boulder_cracked_rough_1k.png	rock_boulder_cracked_Rough_1k.png sha256:ed6cf13f6b36a00965a856fdc69b064472b6f57257934404cbf11ac49046ee38 (8-bit RGBA work image sha256:4ed831bf1ea31c3f)	bc7enc_rdo b943862 (bc7enc v1.08, MIT / public domain; built with MSVC 2022 cl /O2 /openmp, 4-mode CLI, ispc not used); per level: -C -u4 -e -g -q -f; own mip chain (Pillow BOX, normals renormalised, padded to 4x4 by edge replication), payloads concatenated into a DX10 DDS (linear format)	DDS (DX10 header), BC7_UNORM, 1024x1024, 11 mips, 2-D
27-game-assets/textures-dds/ph_rock_rough_1k/ph_rock_rough_1k.bc7.bc7enc-u4-z1.dds	1398276	6e9a0b4e75978c99404b7dbfe29c83e7b674ff71cb4a2c03e82a7479d061bf5b	27-game-assets_textures-dds.zip	CC0-1.0	none required (courtesy credit in README)	https://dl.polyhaven.org/file/ph-assets/Textures/png/1k/rock_boulder_cracked/rock_boulder_cracked_rough_1k.png	rock_boulder_cracked_Rough_1k.png sha256:ed6cf13f6b36a00965a856fdc69b064472b6f57257934404cbf11ac49046ee38 (8-bit RGBA work image sha256:4ed831bf1ea31c3f)	bc7enc_rdo b943862 (bc7enc v1.08, MIT / public domain; built with MSVC 2022 cl /O2 /openmp, 4-mode CLI, ispc not used); per level: -C -u4 -z1 -g -q -f; own mip chain (Pillow BOX, normals renormalised, padded to 4x4 by edge replication), payloads concatenated into a DX10 DDS (linear format)	DDS (DX10 header), BC7_UNORM, 1024x1024, 11 mips, 2-D
27-game-assets/textures-dds/ph_rock_rough_1k/ph_rock_rough_1k.bc7.bc7enc-u4.dds	1398276	369fba7362d9dfedc8aef8cc6ee5d2fa3bef4df33323259c5b5df938d4c0ed01	27-game-assets_textures-dds.zip	CC0-1.0	none required (courtesy credit in README)	https://dl.polyhaven.org/file/ph-assets/Textures/png/1k/rock_boulder_cracked/rock_boulder_cracked_rough_1k.png	rock_boulder_cracked_Rough_1k.png sha256:ed6cf13f6b36a00965a856fdc69b064472b6f57257934404cbf11ac49046ee38 (8-bit RGBA work image sha256:4ed831bf1ea31c3f)	bc7enc_rdo b943862 (bc7enc v1.08, MIT / public domain; built with MSVC 2022 cl /O2 /openmp, 4-mode CLI, ispc not used); per level: -C -u4  -g -q -f; own mip chain (Pillow BOX, normals renormalised, padded to 4x4 by edge replication), payloads concatenated into a DX10 DDS (linear format)	DDS (DX10 header), BC7_UNORM, 1024x1024, 11 mips, 2-D
27-game-assets/textures-dds/ph_rock_rough_1k/ph_rock_rough_1k.bc7.texconv.dds	1398276	85444b07ada45891199e1c5bd8db64999891509e09cc9180955b05702e0049b3	27-game-assets_textures-dds.zip	CC0-1.0	none required (courtesy credit in README)	https://dl.polyhaven.org/file/ph-assets/Textures/png/1k/rock_boulder_cracked/rock_boulder_cracked_rough_1k.png	rock_boulder_cracked_Rough_1k.png sha256:ed6cf13f6b36a00965a856fdc69b064472b6f57257934404cbf11ac49046ee38 (8-bit RGBA work image sha256:4ed831bf1ea31c3f)	DirectXTex texconv 2026.5.8.1 (tag may2026, MIT); -nogpu -m 0 -f BC7_UNORM -dx10 -ft dds (texconv's own mip chain and default CPU BC7 codec)	DDS (DX10 header), BC7_UNORM, 1024x1024, 11 mips, 2-D
27-game-assets/textures-dds/ph_wood_arm_1k/ph_wood_arm_1k.bc1.bc7enc.dds	699212	fedbdeab13db28499f8be85fccf4231b4c6516ccf9196a3b33eaae4d621c2c09	27-game-assets_textures-dds.zip	CC0-1.0	none required (courtesy credit in README)	https://dl.polyhaven.org/file/ph-assets/Textures/png/1k/wood_planks_grey/wood_planks_grey_arm_1k.png	wood_planks_grey_arm_1k.png sha256:9b81e9a0b4f9db0a920c4c2ce8ff13e0411b3624d4de455acdabe41e3fafe20e (8-bit RGBA work image sha256:0ee0b93ca3a8a832)	bc7enc_rdo b943862 (bc7enc v1.08, MIT / public domain; built with MSVC 2022 cl /O2 /openmp, 4-mode CLI, ispc not used); per level: -1  -g -q -f; own mip chain (Pillow BOX, normals renormalised, padded to 4x4 by edge replication), payloads concatenated into a DX10 DDS (linear format)	DDS (DX10 header), BC1_UNORM, 1024x1024, 11 mips, 2-D
27-game-assets/textures-dds/ph_wood_arm_1k/ph_wood_arm_1k.bc1.texconv.dds	699212	160d08de6f90a91758fba32a3a2ff84b28e070160cca633f900398a555fd5e62	27-game-assets_textures-dds.zip	CC0-1.0	none required (courtesy credit in README)	https://dl.polyhaven.org/file/ph-assets/Textures/png/1k/wood_planks_grey/wood_planks_grey_arm_1k.png	wood_planks_grey_arm_1k.png sha256:9b81e9a0b4f9db0a920c4c2ce8ff13e0411b3624d4de455acdabe41e3fafe20e (8-bit RGBA work image sha256:0ee0b93ca3a8a832)	DirectXTex texconv 2026.5.8.1 (tag may2026, MIT); -nogpu -m 0 -f BC1_UNORM -dx10 -ft dds (texconv's own mip chain and default CPU BC1 codec)	DDS (DX10 header), BC1_UNORM, 1024x1024, 11 mips, 2-D
27-game-assets/textures-dds/ph_wood_arm_1k/ph_wood_arm_1k.bc3.bc7enc.dds	1398276	69018589ba2ab9429281c4bba3a03b00a0d8900e5ac83161bb5ba6d5e8ea538f	27-game-assets_textures-dds.zip	CC0-1.0	none required (courtesy credit in README)	https://dl.polyhaven.org/file/ph-assets/Textures/png/1k/wood_planks_grey/wood_planks_grey_arm_1k.png	wood_planks_grey_arm_1k.png sha256:9b81e9a0b4f9db0a920c4c2ce8ff13e0411b3624d4de455acdabe41e3fafe20e (8-bit RGBA work image sha256:0ee0b93ca3a8a832)	bc7enc_rdo b943862 (bc7enc v1.08, MIT / public domain; built with MSVC 2022 cl /O2 /openmp, 4-mode CLI, ispc not used); per level: -3  -g -q -f; own mip chain (Pillow BOX, normals renormalised, padded to 4x4 by edge replication), payloads concatenated into a DX10 DDS (linear format)	DDS (DX10 header), BC3_UNORM, 1024x1024, 11 mips, 2-D
27-game-assets/textures-dds/ph_wood_arm_1k/ph_wood_arm_1k.bc3.etcpak.dds	1398276	41d10784859ad3a8aadd3a567a02a4e3d196bff39780202c1f3a0d55e1538fd7	27-game-assets_textures-dds.zip	CC0-1.0	none required (courtesy credit in README)	https://dl.polyhaven.org/file/ph-assets/Textures/png/1k/wood_planks_grey/wood_planks_grey_arm_1k.png	wood_planks_grey_arm_1k.png sha256:9b81e9a0b4f9db0a920c4c2ce8ff13e0411b3624d4de455acdabe41e3fafe20e (8-bit RGBA work image sha256:0ee0b93ca3a8a832)	etcpak 0.9.15 (pip wheel: MIT wrapper over etcpak BSD-3-Clause); etcpak.compress_bc3(RGBA8, w, h) per level; own mip chain (Pillow BOX, padded to 4x4)	DDS (DX10 header), BC3_UNORM, 1024x1024, 11 mips, 2-D
27-game-assets/textures-dds/ph_wood_arm_1k/ph_wood_arm_1k.bc3.texconv.dds	1398276	3e278d2abef0389a23f13b5f2aed166bfb3e1b78ba6facd9b0ad82141da25dd6	27-game-assets_textures-dds.zip	CC0-1.0	none required (courtesy credit in README)	https://dl.polyhaven.org/file/ph-assets/Textures/png/1k/wood_planks_grey/wood_planks_grey_arm_1k.png	wood_planks_grey_arm_1k.png sha256:9b81e9a0b4f9db0a920c4c2ce8ff13e0411b3624d4de455acdabe41e3fafe20e (8-bit RGBA work image sha256:0ee0b93ca3a8a832)	DirectXTex texconv 2026.5.8.1 (tag may2026, MIT); -nogpu -m 0 -f BC3_UNORM -dx10 -ft dds (texconv's own mip chain and default CPU BC3 codec)	DDS (DX10 header), BC3_UNORM, 1024x1024, 11 mips, 2-D
27-game-assets/textures-dds/ph_wood_arm_1k/ph_wood_arm_1k.bc7.bc7enc-u4-e.dds	1398276	f34bd4b76e10f546548566cabe08eda84b6ee59390fa4a9cdd45296b2367e031	27-game-assets_textures-dds.zip	CC0-1.0	none required (courtesy credit in README)	https://dl.polyhaven.org/file/ph-assets/Textures/png/1k/wood_planks_grey/wood_planks_grey_arm_1k.png	wood_planks_grey_arm_1k.png sha256:9b81e9a0b4f9db0a920c4c2ce8ff13e0411b3624d4de455acdabe41e3fafe20e (8-bit RGBA work image sha256:0ee0b93ca3a8a832)	bc7enc_rdo b943862 (bc7enc v1.08, MIT / public domain; built with MSVC 2022 cl /O2 /openmp, 4-mode CLI, ispc not used); per level: -C -u4 -e -g -q -f; own mip chain (Pillow BOX, normals renormalised, padded to 4x4 by edge replication), payloads concatenated into a DX10 DDS (linear format)	DDS (DX10 header), BC7_UNORM, 1024x1024, 11 mips, 2-D
27-game-assets/textures-dds/ph_wood_arm_1k/ph_wood_arm_1k.bc7.bc7enc-u4-z1.dds	1398276	a5112f9d47cbb8f5a1b8d1e30085af4fbd15db00dad953e80f30771a95e8a0ee	27-game-assets_textures-dds.zip	CC0-1.0	none required (courtesy credit in README)	https://dl.polyhaven.org/file/ph-assets/Textures/png/1k/wood_planks_grey/wood_planks_grey_arm_1k.png	wood_planks_grey_arm_1k.png sha256:9b81e9a0b4f9db0a920c4c2ce8ff13e0411b3624d4de455acdabe41e3fafe20e (8-bit RGBA work image sha256:0ee0b93ca3a8a832)	bc7enc_rdo b943862 (bc7enc v1.08, MIT / public domain; built with MSVC 2022 cl /O2 /openmp, 4-mode CLI, ispc not used); per level: -C -u4 -z1 -g -q -f; own mip chain (Pillow BOX, normals renormalised, padded to 4x4 by edge replication), payloads concatenated into a DX10 DDS (linear format)	DDS (DX10 header), BC7_UNORM, 1024x1024, 11 mips, 2-D
27-game-assets/textures-dds/ph_wood_arm_1k/ph_wood_arm_1k.bc7.bc7enc-u4-z2.dds	1398276	3af62e5a6cb7c8ed36b234b5ce9bd5b2cb764991d0be04f78721c3d151f6949a	27-game-assets_textures-dds.zip	CC0-1.0	none required (courtesy credit in README)	https://dl.polyhaven.org/file/ph-assets/Textures/png/1k/wood_planks_grey/wood_planks_grey_arm_1k.png	wood_planks_grey_arm_1k.png sha256:9b81e9a0b4f9db0a920c4c2ce8ff13e0411b3624d4de455acdabe41e3fafe20e (8-bit RGBA work image sha256:0ee0b93ca3a8a832)	bc7enc_rdo b943862 (bc7enc v1.08, MIT / public domain; built with MSVC 2022 cl /O2 /openmp, 4-mode CLI, ispc not used); per level: -C -u4 -z2 -g -q -f; own mip chain (Pillow BOX, normals renormalised, padded to 4x4 by edge replication), payloads concatenated into a DX10 DDS (linear format)	DDS (DX10 header), BC7_UNORM, 1024x1024, 11 mips, 2-D
27-game-assets/textures-dds/ph_wood_arm_1k/ph_wood_arm_1k.bc7.bc7enc-u4.dds	1398276	d179861d5ff14508abd4acefefb469808f9367318d544cd372304e054484c357	27-game-assets_textures-dds.zip	CC0-1.0	none required (courtesy credit in README)	https://dl.polyhaven.org/file/ph-assets/Textures/png/1k/wood_planks_grey/wood_planks_grey_arm_1k.png	wood_planks_grey_arm_1k.png sha256:9b81e9a0b4f9db0a920c4c2ce8ff13e0411b3624d4de455acdabe41e3fafe20e (8-bit RGBA work image sha256:0ee0b93ca3a8a832)	bc7enc_rdo b943862 (bc7enc v1.08, MIT / public domain; built with MSVC 2022 cl /O2 /openmp, 4-mode CLI, ispc not used); per level: -C -u4  -g -q -f; own mip chain (Pillow BOX, normals renormalised, padded to 4x4 by edge replication), payloads concatenated into a DX10 DDS (linear format)	DDS (DX10 header), BC7_UNORM, 1024x1024, 11 mips, 2-D
27-game-assets/textures-dds/ph_wood_arm_1k/ph_wood_arm_1k.bc7.texconv.dds	1398276	11a0f1f23562e77b7594da754ca97ca0c794b13e144d6dd7a8c14666dfefd847	27-game-assets_textures-dds.zip	CC0-1.0	none required (courtesy credit in README)	https://dl.polyhaven.org/file/ph-assets/Textures/png/1k/wood_planks_grey/wood_planks_grey_arm_1k.png	wood_planks_grey_arm_1k.png sha256:9b81e9a0b4f9db0a920c4c2ce8ff13e0411b3624d4de455acdabe41e3fafe20e (8-bit RGBA work image sha256:0ee0b93ca3a8a832)	DirectXTex texconv 2026.5.8.1 (tag may2026, MIT); -nogpu -m 0 -f BC7_UNORM -dx10 -ft dds (texconv's own mip chain and default CPU BC7 codec)	DDS (DX10 header), BC7_UNORM, 1024x1024, 11 mips, 2-D
27-game-assets/textures-dds/ph_wood_diffuse_1k/ph_wood_diffuse_1k.bc1.bc7enc.dds	699212	22df3c7fb1790502d3d9f511fbc21eac1538018b601998897318a61c0f131b5e	27-game-assets_textures-dds.zip	CC0-1.0	none required (courtesy credit in README)	https://dl.polyhaven.org/file/ph-assets/Textures/png/1k/wood_planks_grey/wood_planks_grey_diff_1k.png	wood_planks_grey_Diffuse_1k.png sha256:3e6aeb842edd813759fdc96a6ffe6b695c888280f42501de589442311749ac5d (8-bit RGBA work image sha256:88a5abb01bac4bce)	bc7enc_rdo b943862 (bc7enc v1.08, MIT / public domain; built with MSVC 2022 cl /O2 /openmp, 4-mode CLI, ispc not used); per level: -1  -g -q -f; own mip chain (Pillow BOX, normals renormalised, padded to 4x4 by edge replication), payloads concatenated into a DX10 DDS (sRGB format)	DDS (DX10 header), BC1_UNORM_SRGB, 1024x1024, 11 mips, 2-D
27-game-assets/textures-dds/ph_wood_diffuse_1k/ph_wood_diffuse_1k.bc1.etcpak.dds	699212	a45a04c162b2d54be4b47df4eded33757a506bcd7eecf3b52c863c13f827d373	27-game-assets_textures-dds.zip	CC0-1.0	none required (courtesy credit in README)	https://dl.polyhaven.org/file/ph-assets/Textures/png/1k/wood_planks_grey/wood_planks_grey_diff_1k.png	wood_planks_grey_Diffuse_1k.png sha256:3e6aeb842edd813759fdc96a6ffe6b695c888280f42501de589442311749ac5d (8-bit RGBA work image sha256:88a5abb01bac4bce)	etcpak 0.9.15 (pip wheel: MIT wrapper over etcpak BSD-3-Clause); etcpak.compress_bc1(RGBA8, w, h) per level; own mip chain (Pillow BOX, padded to 4x4)	DDS (DX10 header), BC1_UNORM_SRGB, 1024x1024, 11 mips, 2-D
27-game-assets/textures-dds/ph_wood_diffuse_1k/ph_wood_diffuse_1k.bc1.texconv.dds	699212	f6fd032eefd7ce7bfd195607358653d4e82de5b5d9517a52b889b82e810c4468	27-game-assets_textures-dds.zip	CC0-1.0	none required (courtesy credit in README)	https://dl.polyhaven.org/file/ph-assets/Textures/png/1k/wood_planks_grey/wood_planks_grey_diff_1k.png	wood_planks_grey_Diffuse_1k.png sha256:3e6aeb842edd813759fdc96a6ffe6b695c888280f42501de589442311749ac5d (8-bit RGBA work image sha256:88a5abb01bac4bce)	DirectXTex texconv 2026.5.8.1 (tag may2026, MIT); -nogpu -m 0 -f BC1_UNORM_SRGB -dx10 -ft dds -srgb (texconv's own mip chain and default CPU BC1 codec)	DDS (DX10 header), BC1_UNORM_SRGB, 1024x1024, 11 mips, 2-D
27-game-assets/textures-dds/ph_wood_diffuse_1k/ph_wood_diffuse_1k.bc3.bc7enc.dds	1398276	ca20cffbe055526567d8d171555836f9f02c3a5dac0bdbde57b26c8f3178db2b	27-game-assets_textures-dds.zip	CC0-1.0	none required (courtesy credit in README)	https://dl.polyhaven.org/file/ph-assets/Textures/png/1k/wood_planks_grey/wood_planks_grey_diff_1k.png	wood_planks_grey_Diffuse_1k.png sha256:3e6aeb842edd813759fdc96a6ffe6b695c888280f42501de589442311749ac5d (8-bit RGBA work image sha256:88a5abb01bac4bce)	bc7enc_rdo b943862 (bc7enc v1.08, MIT / public domain; built with MSVC 2022 cl /O2 /openmp, 4-mode CLI, ispc not used); per level: -3  -g -q -f; own mip chain (Pillow BOX, normals renormalised, padded to 4x4 by edge replication), payloads concatenated into a DX10 DDS (sRGB format)	DDS (DX10 header), BC3_UNORM_SRGB, 1024x1024, 11 mips, 2-D
27-game-assets/textures-dds/ph_wood_diffuse_1k/ph_wood_diffuse_1k.bc3.etcpak.dds	1398276	d93caae8998ad5b6e8bd70222296c7b0d473eb0e8e1293a16a6b10a028ea0c84	27-game-assets_textures-dds.zip	CC0-1.0	none required (courtesy credit in README)	https://dl.polyhaven.org/file/ph-assets/Textures/png/1k/wood_planks_grey/wood_planks_grey_diff_1k.png	wood_planks_grey_Diffuse_1k.png sha256:3e6aeb842edd813759fdc96a6ffe6b695c888280f42501de589442311749ac5d (8-bit RGBA work image sha256:88a5abb01bac4bce)	etcpak 0.9.15 (pip wheel: MIT wrapper over etcpak BSD-3-Clause); etcpak.compress_bc3(RGBA8, w, h) per level; own mip chain (Pillow BOX, padded to 4x4)	DDS (DX10 header), BC3_UNORM_SRGB, 1024x1024, 11 mips, 2-D
27-game-assets/textures-dds/ph_wood_diffuse_1k/ph_wood_diffuse_1k.bc3.texconv.dds	1398276	612253bf16bc774f6ccb59f39192b254c7f9588aa08dea9bd0c18362e63621d5	27-game-assets_textures-dds.zip	CC0-1.0	none required (courtesy credit in README)	https://dl.polyhaven.org/file/ph-assets/Textures/png/1k/wood_planks_grey/wood_planks_grey_diff_1k.png	wood_planks_grey_Diffuse_1k.png sha256:3e6aeb842edd813759fdc96a6ffe6b695c888280f42501de589442311749ac5d (8-bit RGBA work image sha256:88a5abb01bac4bce)	DirectXTex texconv 2026.5.8.1 (tag may2026, MIT); -nogpu -m 0 -f BC3_UNORM_SRGB -dx10 -ft dds -srgb (texconv's own mip chain and default CPU BC3 codec)	DDS (DX10 header), BC3_UNORM_SRGB, 1024x1024, 11 mips, 2-D
27-game-assets/textures-dds/ph_wood_diffuse_1k/ph_wood_diffuse_1k.bc7.bc7enc-u4-e.dds	1398276	ba0b2e4b878a05647176487b99abd69ac5fdaf23281a53268bb85b42b8a36ff5	27-game-assets_textures-dds.zip	CC0-1.0	none required (courtesy credit in README)	https://dl.polyhaven.org/file/ph-assets/Textures/png/1k/wood_planks_grey/wood_planks_grey_diff_1k.png	wood_planks_grey_Diffuse_1k.png sha256:3e6aeb842edd813759fdc96a6ffe6b695c888280f42501de589442311749ac5d (8-bit RGBA work image sha256:88a5abb01bac4bce)	bc7enc_rdo b943862 (bc7enc v1.08, MIT / public domain; built with MSVC 2022 cl /O2 /openmp, 4-mode CLI, ispc not used); per level: -C -u4 -e -g -q -f; own mip chain (Pillow BOX, normals renormalised, padded to 4x4 by edge replication), payloads concatenated into a DX10 DDS (sRGB format)	DDS (DX10 header), BC7_UNORM_SRGB, 1024x1024, 11 mips, 2-D
27-game-assets/textures-dds/ph_wood_diffuse_1k/ph_wood_diffuse_1k.bc7.bc7enc-u4-z0.5.dds	1398276	2c031e2057ee9ebc9232ab15c0f26f4e6a7629b6dd42ab72a57430bb5c79db5d	27-game-assets_textures-dds.zip	CC0-1.0	none required (courtesy credit in README)	https://dl.polyhaven.org/file/ph-assets/Textures/png/1k/wood_planks_grey/wood_planks_grey_diff_1k.png	wood_planks_grey_Diffuse_1k.png sha256:3e6aeb842edd813759fdc96a6ffe6b695c888280f42501de589442311749ac5d (8-bit RGBA work image sha256:88a5abb01bac4bce)	bc7enc_rdo b943862 (bc7enc v1.08, MIT / public domain; built with MSVC 2022 cl /O2 /openmp, 4-mode CLI, ispc not used); per level: -C -u4 -z0.5 -g -q -f; own mip chain (Pillow BOX, normals renormalised, padded to 4x4 by edge replication), payloads concatenated into a DX10 DDS (sRGB format)	DDS (DX10 header), BC7_UNORM_SRGB, 1024x1024, 11 mips, 2-D
27-game-assets/textures-dds/ph_wood_diffuse_1k/ph_wood_diffuse_1k.bc7.bc7enc-u4-z1.dds	1398276	15574a3a314f1561b3976e0d7fcef4814370e0a4eb0a6cbc11469f24ebb4725c	27-game-assets_textures-dds.zip	CC0-1.0	none required (courtesy credit in README)	https://dl.polyhaven.org/file/ph-assets/Textures/png/1k/wood_planks_grey/wood_planks_grey_diff_1k.png	wood_planks_grey_Diffuse_1k.png sha256:3e6aeb842edd813759fdc96a6ffe6b695c888280f42501de589442311749ac5d (8-bit RGBA work image sha256:88a5abb01bac4bce)	bc7enc_rdo b943862 (bc7enc v1.08, MIT / public domain; built with MSVC 2022 cl /O2 /openmp, 4-mode CLI, ispc not used); per level: -C -u4 -z1 -g -q -f; own mip chain (Pillow BOX, normals renormalised, padded to 4x4 by edge replication), payloads concatenated into a DX10 DDS (sRGB format)	DDS (DX10 header), BC7_UNORM_SRGB, 1024x1024, 11 mips, 2-D
27-game-assets/textures-dds/ph_wood_diffuse_1k/ph_wood_diffuse_1k.bc7.bc7enc-u4-z2.dds	1398276	645508749e6dc8c72eaffd0c6d591ca89991bee172ec36625bef2d2c28081c9c	27-game-assets_textures-dds.zip	CC0-1.0	none required (courtesy credit in README)	https://dl.polyhaven.org/file/ph-assets/Textures/png/1k/wood_planks_grey/wood_planks_grey_diff_1k.png	wood_planks_grey_Diffuse_1k.png sha256:3e6aeb842edd813759fdc96a6ffe6b695c888280f42501de589442311749ac5d (8-bit RGBA work image sha256:88a5abb01bac4bce)	bc7enc_rdo b943862 (bc7enc v1.08, MIT / public domain; built with MSVC 2022 cl /O2 /openmp, 4-mode CLI, ispc not used); per level: -C -u4 -z2 -g -q -f; own mip chain (Pillow BOX, normals renormalised, padded to 4x4 by edge replication), payloads concatenated into a DX10 DDS (sRGB format)	DDS (DX10 header), BC7_UNORM_SRGB, 1024x1024, 11 mips, 2-D
27-game-assets/textures-dds/ph_wood_diffuse_1k/ph_wood_diffuse_1k.bc7.bc7enc-u4.dds	1398276	46abf4e81f9d4326236da3045830949c00374a7234b8e4945bf43e1e8bcd003a	27-game-assets_textures-dds.zip	CC0-1.0	none required (courtesy credit in README)	https://dl.polyhaven.org/file/ph-assets/Textures/png/1k/wood_planks_grey/wood_planks_grey_diff_1k.png	wood_planks_grey_Diffuse_1k.png sha256:3e6aeb842edd813759fdc96a6ffe6b695c888280f42501de589442311749ac5d (8-bit RGBA work image sha256:88a5abb01bac4bce)	bc7enc_rdo b943862 (bc7enc v1.08, MIT / public domain; built with MSVC 2022 cl /O2 /openmp, 4-mode CLI, ispc not used); per level: -C -u4  -g -q -f; own mip chain (Pillow BOX, normals renormalised, padded to 4x4 by edge replication), payloads concatenated into a DX10 DDS (sRGB format)	DDS (DX10 header), BC7_UNORM_SRGB, 1024x1024, 11 mips, 2-D
27-game-assets/textures-dds/ph_wood_diffuse_1k/ph_wood_diffuse_1k.bc7.texconv.dds	1398276	f6e866df5cd51244d608cb128c610b0d76d873d3257e1a09105f6a22b5d9cdd5	27-game-assets_textures-dds.zip	CC0-1.0	none required (courtesy credit in README)	https://dl.polyhaven.org/file/ph-assets/Textures/png/1k/wood_planks_grey/wood_planks_grey_diff_1k.png	wood_planks_grey_Diffuse_1k.png sha256:3e6aeb842edd813759fdc96a6ffe6b695c888280f42501de589442311749ac5d (8-bit RGBA work image sha256:88a5abb01bac4bce)	DirectXTex texconv 2026.5.8.1 (tag may2026, MIT); -nogpu -m 0 -f BC7_UNORM_SRGB -dx10 -ft dds -srgb (texconv's own mip chain and default CPU BC7 codec)	DDS (DX10 header), BC7_UNORM_SRGB, 1024x1024, 11 mips, 2-D
27-game-assets/textures-dds/ph_wood_diffuse_2k/ph_wood_diffuse_2k.bc1.bc7enc.dds	2796364	2e63a651c59cfc1dd8653d6b90a6087b56ca99508bb1a4ab987ed1881535ef66	27-game-assets_textures-dds.zip	CC0-1.0	none required (courtesy credit in README)	https://dl.polyhaven.org/file/ph-assets/Textures/png/2k/wood_planks_grey/wood_planks_grey_diff_2k.png	wood_planks_grey_Diffuse_2k.png sha256:e0a6dfa443835f22a2e8a9475f25ca33e3e1ff8bde74b0b1e148050e7d7225a5 (8-bit RGBA work image sha256:d220ddb18008c9a1)	bc7enc_rdo b943862 (bc7enc v1.08, MIT / public domain; built with MSVC 2022 cl /O2 /openmp, 4-mode CLI, ispc not used); per level: -1  -g -q -f; own mip chain (Pillow BOX, normals renormalised, padded to 4x4 by edge replication), payloads concatenated into a DX10 DDS (sRGB format)	DDS (DX10 header), BC1_UNORM_SRGB, 2048x2048, 12 mips, 2-D
27-game-assets/textures-dds/ph_wood_diffuse_2k/ph_wood_diffuse_2k.bc3.bc7enc.dds	5592580	431aff4572358c924b7f4ee6c4a5eba960e3c20fbc9ca5ad7e4e560566755601	27-game-assets_textures-dds.zip	CC0-1.0	none required (courtesy credit in README)	https://dl.polyhaven.org/file/ph-assets/Textures/png/2k/wood_planks_grey/wood_planks_grey_diff_2k.png	wood_planks_grey_Diffuse_2k.png sha256:e0a6dfa443835f22a2e8a9475f25ca33e3e1ff8bde74b0b1e148050e7d7225a5 (8-bit RGBA work image sha256:d220ddb18008c9a1)	bc7enc_rdo b943862 (bc7enc v1.08, MIT / public domain; built with MSVC 2022 cl /O2 /openmp, 4-mode CLI, ispc not used); per level: -3  -g -q -f; own mip chain (Pillow BOX, normals renormalised, padded to 4x4 by edge replication), payloads concatenated into a DX10 DDS (sRGB format)	DDS (DX10 header), BC3_UNORM_SRGB, 2048x2048, 12 mips, 2-D
27-game-assets/textures-dds/ph_wood_diffuse_2k/ph_wood_diffuse_2k.bc7.bc7enc-u4-z1.dds	5592580	644f3d272bb9696cde5f1806c063ed5ef33e31a615f3e601d9c82b86f2c348e2	27-game-assets_textures-dds.zip	CC0-1.0	none required (courtesy credit in README)	https://dl.polyhaven.org/file/ph-assets/Textures/png/2k/wood_planks_grey/wood_planks_grey_diff_2k.png	wood_planks_grey_Diffuse_2k.png sha256:e0a6dfa443835f22a2e8a9475f25ca33e3e1ff8bde74b0b1e148050e7d7225a5 (8-bit RGBA work image sha256:d220ddb18008c9a1)	bc7enc_rdo b943862 (bc7enc v1.08, MIT / public domain; built with MSVC 2022 cl /O2 /openmp, 4-mode CLI, ispc not used); per level: -C -u4 -z1 -g -q -f; own mip chain (Pillow BOX, normals renormalised, padded to 4x4 by edge replication), payloads concatenated into a DX10 DDS (sRGB format)	DDS (DX10 header), BC7_UNORM_SRGB, 2048x2048, 12 mips, 2-D
27-game-assets/textures-dds/ph_wood_diffuse_2k/ph_wood_diffuse_2k.bc7.bc7enc-u4.dds	5592580	09f8a9800b6cdb66a3c4587c8e63513afceda1bb97eeecd3ecc3c2e069093ba1	27-game-assets_textures-dds.zip	CC0-1.0	none required (courtesy credit in README)	https://dl.polyhaven.org/file/ph-assets/Textures/png/2k/wood_planks_grey/wood_planks_grey_diff_2k.png	wood_planks_grey_Diffuse_2k.png sha256:e0a6dfa443835f22a2e8a9475f25ca33e3e1ff8bde74b0b1e148050e7d7225a5 (8-bit RGBA work image sha256:d220ddb18008c9a1)	bc7enc_rdo b943862 (bc7enc v1.08, MIT / public domain; built with MSVC 2022 cl /O2 /openmp, 4-mode CLI, ispc not used); per level: -C -u4  -g -q -f; own mip chain (Pillow BOX, normals renormalised, padded to 4x4 by edge replication), payloads concatenated into a DX10 DDS (sRGB format)	DDS (DX10 header), BC7_UNORM_SRGB, 2048x2048, 12 mips, 2-D
27-game-assets/textures-dds/ph_wood_diffuse_2k/ph_wood_diffuse_2k.bc7.texconv.dds	5592580	41d7059b39c76fd3b33c23b62137979f75e3d166cbee05ba58bbea965c808e46	27-game-assets_textures-dds.zip	CC0-1.0	none required (courtesy credit in README)	https://dl.polyhaven.org/file/ph-assets/Textures/png/2k/wood_planks_grey/wood_planks_grey_diff_2k.png	wood_planks_grey_Diffuse_2k.png sha256:e0a6dfa443835f22a2e8a9475f25ca33e3e1ff8bde74b0b1e148050e7d7225a5 (8-bit RGBA work image sha256:d220ddb18008c9a1)	DirectXTex texconv 2026.5.8.1 (tag may2026, MIT); -nogpu -m 0 -f BC7_UNORM_SRGB -dx10 -ft dds -srgb (texconv's own mip chain and default CPU BC7 codec)	DDS (DX10 header), BC7_UNORM_SRGB, 2048x2048, 12 mips, 2-D
27-game-assets/textures-dds/ph_wood_normal_1k/ph_wood_normal_1k.bc1.bc7enc.dds	699212	06d02f1709c213cbceb9a78b14c0b7bf83bc8c5a2db8f657edfd95466521da29	27-game-assets_textures-dds.zip	CC0-1.0	none required (courtesy credit in README)	https://dl.polyhaven.org/file/ph-assets/Textures/png/1k/wood_planks_grey/wood_planks_grey_nor_gl_1k.png	wood_planks_grey_nor_gl_1k.png sha256:a9f2ad602eca2d59e84f203b1087e819e62ae517532bb25f7eb02a13c826e08b (8-bit RGBA work image sha256:bbf2d85fe2c26ca2)	bc7enc_rdo b943862 (bc7enc v1.08, MIT / public domain; built with MSVC 2022 cl /O2 /openmp, 4-mode CLI, ispc not used); per level: -1  -g -q -f; own mip chain (Pillow BOX, normals renormalised, padded to 4x4 by edge replication), payloads concatenated into a DX10 DDS (linear format)	DDS (DX10 header), BC1_UNORM, 1024x1024, 11 mips, 2-D
27-game-assets/textures-dds/ph_wood_normal_1k/ph_wood_normal_1k.bc1.texconv.dds	699212	283713ab60046a6a542358bb90e2e8dac0cfb4fc18b68d58f293d96d3503d618	27-game-assets_textures-dds.zip	CC0-1.0	none required (courtesy credit in README)	https://dl.polyhaven.org/file/ph-assets/Textures/png/1k/wood_planks_grey/wood_planks_grey_nor_gl_1k.png	wood_planks_grey_nor_gl_1k.png sha256:a9f2ad602eca2d59e84f203b1087e819e62ae517532bb25f7eb02a13c826e08b (8-bit RGBA work image sha256:bbf2d85fe2c26ca2)	DirectXTex texconv 2026.5.8.1 (tag may2026, MIT); -nogpu -m 0 -f BC1_UNORM -dx10 -ft dds (texconv's own mip chain and default CPU BC1 codec)	DDS (DX10 header), BC1_UNORM, 1024x1024, 11 mips, 2-D
27-game-assets/textures-dds/ph_wood_normal_1k/ph_wood_normal_1k.bc5.bc7enc.dds	1398276	4dd3d4383ee9097a229293be8299246178883ce472f084154f083dad13b90282	27-game-assets_textures-dds.zip	CC0-1.0	none required (courtesy credit in README)	https://dl.polyhaven.org/file/ph-assets/Textures/png/1k/wood_planks_grey/wood_planks_grey_nor_gl_1k.png	wood_planks_grey_nor_gl_1k.png sha256:a9f2ad602eca2d59e84f203b1087e819e62ae517532bb25f7eb02a13c826e08b (8-bit RGBA work image sha256:bbf2d85fe2c26ca2)	bc7enc_rdo b943862 (bc7enc v1.08, MIT / public domain; built with MSVC 2022 cl /O2 /openmp, 4-mode CLI, ispc not used); per level: -5  -g -q -f; own mip chain (Pillow BOX, normals renormalised, padded to 4x4 by edge replication), payloads concatenated into a DX10 DDS (linear format)	DDS (DX10 header), BC5_UNORM, 1024x1024, 11 mips, 2-D
27-game-assets/textures-dds/ph_wood_normal_1k/ph_wood_normal_1k.bc5.etcpak.dds	1398276	c30df70d8d28ecd845d30b9bdfa8ade9e65f8220d844c5e6bd9bca9199e0907e	27-game-assets_textures-dds.zip	CC0-1.0	none required (courtesy credit in README)	https://dl.polyhaven.org/file/ph-assets/Textures/png/1k/wood_planks_grey/wood_planks_grey_nor_gl_1k.png	wood_planks_grey_nor_gl_1k.png sha256:a9f2ad602eca2d59e84f203b1087e819e62ae517532bb25f7eb02a13c826e08b (8-bit RGBA work image sha256:bbf2d85fe2c26ca2)	etcpak 0.9.15 (pip wheel: MIT wrapper over etcpak BSD-3-Clause); etcpak.compress_bc5(RGBA8, w, h) per level; own mip chain (Pillow BOX, padded to 4x4)	DDS (DX10 header), BC5_UNORM, 1024x1024, 11 mips, 2-D
27-game-assets/textures-dds/ph_wood_normal_1k/ph_wood_normal_1k.bc5.texconv.dds	1398276	3fd622e7cf33e8bb0651948e3bf31ddfe9675b3d770aa929a87123d37d048e4a	27-game-assets_textures-dds.zip	CC0-1.0	none required (courtesy credit in README)	https://dl.polyhaven.org/file/ph-assets/Textures/png/1k/wood_planks_grey/wood_planks_grey_nor_gl_1k.png	wood_planks_grey_nor_gl_1k.png sha256:a9f2ad602eca2d59e84f203b1087e819e62ae517532bb25f7eb02a13c826e08b (8-bit RGBA work image sha256:bbf2d85fe2c26ca2)	DirectXTex texconv 2026.5.8.1 (tag may2026, MIT); -nogpu -m 0 -f BC5_UNORM -dx10 -ft dds (texconv's own mip chain and default CPU BC5 codec)	DDS (DX10 header), BC5_UNORM, 1024x1024, 11 mips, 2-D
27-game-assets/textures-dds/ph_wood_normal_1k/ph_wood_normal_1k.bc7.bc7enc-u4-e.dds	1398276	0b50f26ef17f4aedbcc8f39034aa3307677ea78f05d58b1965f1697a2a695813	27-game-assets_textures-dds.zip	CC0-1.0	none required (courtesy credit in README)	https://dl.polyhaven.org/file/ph-assets/Textures/png/1k/wood_planks_grey/wood_planks_grey_nor_gl_1k.png	wood_planks_grey_nor_gl_1k.png sha256:a9f2ad602eca2d59e84f203b1087e819e62ae517532bb25f7eb02a13c826e08b (8-bit RGBA work image sha256:bbf2d85fe2c26ca2)	bc7enc_rdo b943862 (bc7enc v1.08, MIT / public domain; built with MSVC 2022 cl /O2 /openmp, 4-mode CLI, ispc not used); per level: -C -u4 -e -g -q -f; own mip chain (Pillow BOX, normals renormalised, padded to 4x4 by edge replication), payloads concatenated into a DX10 DDS (linear format)	DDS (DX10 header), BC7_UNORM, 1024x1024, 11 mips, 2-D
27-game-assets/textures-dds/ph_wood_normal_1k/ph_wood_normal_1k.bc7.bc7enc-u4-z1.dds	1398276	2354ca6b94c0e5442dcc3757ae31e3f76764fe5a97fc07ec1c108f1c4da25009	27-game-assets_textures-dds.zip	CC0-1.0	none required (courtesy credit in README)	https://dl.polyhaven.org/file/ph-assets/Textures/png/1k/wood_planks_grey/wood_planks_grey_nor_gl_1k.png	wood_planks_grey_nor_gl_1k.png sha256:a9f2ad602eca2d59e84f203b1087e819e62ae517532bb25f7eb02a13c826e08b (8-bit RGBA work image sha256:bbf2d85fe2c26ca2)	bc7enc_rdo b943862 (bc7enc v1.08, MIT / public domain; built with MSVC 2022 cl /O2 /openmp, 4-mode CLI, ispc not used); per level: -C -u4 -z1 -g -q -f; own mip chain (Pillow BOX, normals renormalised, padded to 4x4 by edge replication), payloads concatenated into a DX10 DDS (linear format)	DDS (DX10 header), BC7_UNORM, 1024x1024, 11 mips, 2-D
27-game-assets/textures-dds/ph_wood_normal_1k/ph_wood_normal_1k.bc7.bc7enc-u4-z2.dds	1398276	2f64e8ae6a7050517ea3267e9e02d2a5fbe2203e26c74917e57016e719fc000c	27-game-assets_textures-dds.zip	CC0-1.0	none required (courtesy credit in README)	https://dl.polyhaven.org/file/ph-assets/Textures/png/1k/wood_planks_grey/wood_planks_grey_nor_gl_1k.png	wood_planks_grey_nor_gl_1k.png sha256:a9f2ad602eca2d59e84f203b1087e819e62ae517532bb25f7eb02a13c826e08b (8-bit RGBA work image sha256:bbf2d85fe2c26ca2)	bc7enc_rdo b943862 (bc7enc v1.08, MIT / public domain; built with MSVC 2022 cl /O2 /openmp, 4-mode CLI, ispc not used); per level: -C -u4 -z2 -g -q -f; own mip chain (Pillow BOX, normals renormalised, padded to 4x4 by edge replication), payloads concatenated into a DX10 DDS (linear format)	DDS (DX10 header), BC7_UNORM, 1024x1024, 11 mips, 2-D
27-game-assets/textures-dds/ph_wood_normal_1k/ph_wood_normal_1k.bc7.bc7enc-u4.dds	1398276	a2565eb8481f7a5951e4b22b37f86d1990982e1090b8c721dd12cc434dc23091	27-game-assets_textures-dds.zip	CC0-1.0	none required (courtesy credit in README)	https://dl.polyhaven.org/file/ph-assets/Textures/png/1k/wood_planks_grey/wood_planks_grey_nor_gl_1k.png	wood_planks_grey_nor_gl_1k.png sha256:a9f2ad602eca2d59e84f203b1087e819e62ae517532bb25f7eb02a13c826e08b (8-bit RGBA work image sha256:bbf2d85fe2c26ca2)	bc7enc_rdo b943862 (bc7enc v1.08, MIT / public domain; built with MSVC 2022 cl /O2 /openmp, 4-mode CLI, ispc not used); per level: -C -u4  -g -q -f; own mip chain (Pillow BOX, normals renormalised, padded to 4x4 by edge replication), payloads concatenated into a DX10 DDS (linear format)	DDS (DX10 header), BC7_UNORM, 1024x1024, 11 mips, 2-D
27-game-assets/textures-dds/ph_wood_normal_1k/ph_wood_normal_1k.bc7.texconv.dds	1398276	ab4a435b6cf67d554c74e3e3a6b5ffb6e023fd9f6df086d2fff39f83adb46a0c	27-game-assets_textures-dds.zip	CC0-1.0	none required (courtesy credit in README)	https://dl.polyhaven.org/file/ph-assets/Textures/png/1k/wood_planks_grey/wood_planks_grey_nor_gl_1k.png	wood_planks_grey_nor_gl_1k.png sha256:a9f2ad602eca2d59e84f203b1087e819e62ae517532bb25f7eb02a13c826e08b (8-bit RGBA work image sha256:bbf2d85fe2c26ca2)	DirectXTex texconv 2026.5.8.1 (tag may2026, MIT); -nogpu -m 0 -f BC7_UNORM -dx10 -ft dds (texconv's own mip chain and default CPU BC7 codec)	DDS (DX10 header), BC7_UNORM, 1024x1024, 11 mips, 2-D
27-game-assets/textures-dds/ph_wood_normal_2k/ph_wood_normal_2k.bc1.bc7enc.dds	2796364	e307544aad3bb2f60c4d83006b30dd5eaf829d454165d3043ec1e0207de385a4	27-game-assets_textures-dds.zip	CC0-1.0	none required (courtesy credit in README)	https://dl.polyhaven.org/file/ph-assets/Textures/png/2k/wood_planks_grey/wood_planks_grey_nor_gl_2k.png	wood_planks_grey_nor_gl_2k.png sha256:c8cc509c74efa77bf9e2f09002b32dbf0cb12913494c664070d599a182fbcaf0 (8-bit RGBA work image sha256:91b1f6fc9bf06e7f)	bc7enc_rdo b943862 (bc7enc v1.08, MIT / public domain; built with MSVC 2022 cl /O2 /openmp, 4-mode CLI, ispc not used); per level: -1  -g -q -f; own mip chain (Pillow BOX, normals renormalised, padded to 4x4 by edge replication), payloads concatenated into a DX10 DDS (linear format)	DDS (DX10 header), BC1_UNORM, 2048x2048, 12 mips, 2-D
27-game-assets/textures-dds/ph_wood_normal_2k/ph_wood_normal_2k.bc5.bc7enc.dds	5592580	64c44dd744744e352738b80817281927b7701f2daa7a3e2ad8cb3bfc55bcb6ba	27-game-assets_textures-dds.zip	CC0-1.0	none required (courtesy credit in README)	https://dl.polyhaven.org/file/ph-assets/Textures/png/2k/wood_planks_grey/wood_planks_grey_nor_gl_2k.png	wood_planks_grey_nor_gl_2k.png sha256:c8cc509c74efa77bf9e2f09002b32dbf0cb12913494c664070d599a182fbcaf0 (8-bit RGBA work image sha256:91b1f6fc9bf06e7f)	bc7enc_rdo b943862 (bc7enc v1.08, MIT / public domain; built with MSVC 2022 cl /O2 /openmp, 4-mode CLI, ispc not used); per level: -5  -g -q -f; own mip chain (Pillow BOX, normals renormalised, padded to 4x4 by edge replication), payloads concatenated into a DX10 DDS (linear format)	DDS (DX10 header), BC5_UNORM, 2048x2048, 12 mips, 2-D
27-game-assets/textures-dds/ph_wood_normal_2k/ph_wood_normal_2k.bc7.bc7enc-u4-z1.dds	5592580	e5f4d49ff9f1fab4c18b09fb13c3ac33ef687ff464d6eab5f83687e095067357	27-game-assets_textures-dds.zip	CC0-1.0	none required (courtesy credit in README)	https://dl.polyhaven.org/file/ph-assets/Textures/png/2k/wood_planks_grey/wood_planks_grey_nor_gl_2k.png	wood_planks_grey_nor_gl_2k.png sha256:c8cc509c74efa77bf9e2f09002b32dbf0cb12913494c664070d599a182fbcaf0 (8-bit RGBA work image sha256:91b1f6fc9bf06e7f)	bc7enc_rdo b943862 (bc7enc v1.08, MIT / public domain; built with MSVC 2022 cl /O2 /openmp, 4-mode CLI, ispc not used); per level: -C -u4 -z1 -g -q -f; own mip chain (Pillow BOX, normals renormalised, padded to 4x4 by edge replication), payloads concatenated into a DX10 DDS (linear format)	DDS (DX10 header), BC7_UNORM, 2048x2048, 12 mips, 2-D
27-game-assets/textures-dds/ph_wood_normal_2k/ph_wood_normal_2k.bc7.bc7enc-u4.dds	5592580	edecd20d3e445fd797af1075b33b7a68b5fc238ce813aa2c45d297ecf28d9273	27-game-assets_textures-dds.zip	CC0-1.0	none required (courtesy credit in README)	https://dl.polyhaven.org/file/ph-assets/Textures/png/2k/wood_planks_grey/wood_planks_grey_nor_gl_2k.png	wood_planks_grey_nor_gl_2k.png sha256:c8cc509c74efa77bf9e2f09002b32dbf0cb12913494c664070d599a182fbcaf0 (8-bit RGBA work image sha256:91b1f6fc9bf06e7f)	bc7enc_rdo b943862 (bc7enc v1.08, MIT / public domain; built with MSVC 2022 cl /O2 /openmp, 4-mode CLI, ispc not used); per level: -C -u4  -g -q -f; own mip chain (Pillow BOX, normals renormalised, padded to 4x4 by edge replication), payloads concatenated into a DX10 DDS (linear format)	DDS (DX10 header), BC7_UNORM, 2048x2048, 12 mips, 2-D
27-game-assets/textures-dds/ph_wood_normal_2k/ph_wood_normal_2k.bc7.texconv.dds	5592580	f261092542d3fdb5dbd29a63896acde7f4301bd197cdb4cf1f91a27eff695a3d	27-game-assets_textures-dds.zip	CC0-1.0	none required (courtesy credit in README)	https://dl.polyhaven.org/file/ph-assets/Textures/png/2k/wood_planks_grey/wood_planks_grey_nor_gl_2k.png	wood_planks_grey_nor_gl_2k.png sha256:c8cc509c74efa77bf9e2f09002b32dbf0cb12913494c664070d599a182fbcaf0 (8-bit RGBA work image sha256:91b1f6fc9bf06e7f)	DirectXTex texconv 2026.5.8.1 (tag may2026, MIT); -nogpu -m 0 -f BC7_UNORM -dx10 -ft dds (texconv's own mip chain and default CPU BC7 codec)	DDS (DX10 header), BC7_UNORM, 2048x2048, 12 mips, 2-D
27-game-assets/textures-dds/ui_atlas/ui_atlas.bc1.bc7enc.dds	2796364	ad16441f8d131ab4a3f58f5752d256b80cd6dd9283675f08b2b7b12a523e7ebc	27-game-assets_textures-dds.zip	CC0-1.0	none required (courtesy credit in README)	https://kenney.nl/assets/ui-pack	kenney_ui-pack.zip sha256:a8a14a234911eb648c062622915c93e79e94e97cb7f9f375a70f6617f1174318 (129 PNG sprites shelf-packed into one 2048x2048 RGBA sheet; work image sha256:cb313b64f1f8b814)	bc7enc_rdo b943862 (bc7enc v1.08, MIT / public domain; built with MSVC 2022 cl /O2 /openmp, 4-mode CLI, ispc not used); per level: -1  -g -q -f; own mip chain (Pillow BOX, normals renormalised, padded to 4x4 by edge replication), payloads concatenated into a DX10 DDS (sRGB format)	DDS (DX10 header), BC1_UNORM_SRGB, 2048x2048, 12 mips, 2-D
27-game-assets/textures-dds/ui_atlas/ui_atlas.bc3.bc7enc.dds	5592580	f94aa1734f127dcec0c442a4f4b6d4b6603b4cbc02ffbe8c3fd51636ec7f1f3c	27-game-assets_textures-dds.zip	CC0-1.0	none required (courtesy credit in README)	https://kenney.nl/assets/ui-pack	kenney_ui-pack.zip sha256:a8a14a234911eb648c062622915c93e79e94e97cb7f9f375a70f6617f1174318 (129 PNG sprites shelf-packed into one 2048x2048 RGBA sheet; work image sha256:cb313b64f1f8b814)	bc7enc_rdo b943862 (bc7enc v1.08, MIT / public domain; built with MSVC 2022 cl /O2 /openmp, 4-mode CLI, ispc not used); per level: -3  -g -q -f; own mip chain (Pillow BOX, normals renormalised, padded to 4x4 by edge replication), payloads concatenated into a DX10 DDS (sRGB format)	DDS (DX10 header), BC3_UNORM_SRGB, 2048x2048, 12 mips, 2-D
27-game-assets/textures-dds/ui_atlas/ui_atlas.bc7.bc7enc-u4-z1.dds	5592580	212cd8bd1f5a53327bc516e4cb0663928dab6d44a49f20878ee27efd65467782	27-game-assets_textures-dds.zip	CC0-1.0	none required (courtesy credit in README)	https://kenney.nl/assets/ui-pack	kenney_ui-pack.zip sha256:a8a14a234911eb648c062622915c93e79e94e97cb7f9f375a70f6617f1174318 (129 PNG sprites shelf-packed into one 2048x2048 RGBA sheet; work image sha256:cb313b64f1f8b814)	bc7enc_rdo b943862 (bc7enc v1.08, MIT / public domain; built with MSVC 2022 cl /O2 /openmp, 4-mode CLI, ispc not used); per level: -C -u4 -z1 -g -q -f; own mip chain (Pillow BOX, normals renormalised, padded to 4x4 by edge replication), payloads concatenated into a DX10 DDS (sRGB format)	DDS (DX10 header), BC7_UNORM_SRGB, 2048x2048, 12 mips, 2-D
27-game-assets/textures-dds/ui_atlas/ui_atlas.bc7.bc7enc-u4.dds	5592580	035557a856644f5ead2d5966cb2c3fe179d5cde489ecf67433009086caa162da	27-game-assets_textures-dds.zip	CC0-1.0	none required (courtesy credit in README)	https://kenney.nl/assets/ui-pack	kenney_ui-pack.zip sha256:a8a14a234911eb648c062622915c93e79e94e97cb7f9f375a70f6617f1174318 (129 PNG sprites shelf-packed into one 2048x2048 RGBA sheet; work image sha256:cb313b64f1f8b814)	bc7enc_rdo b943862 (bc7enc v1.08, MIT / public domain; built with MSVC 2022 cl /O2 /openmp, 4-mode CLI, ispc not used); per level: -C -u4  -g -q -f; own mip chain (Pillow BOX, normals renormalised, padded to 4x4 by edge replication), payloads concatenated into a DX10 DDS (sRGB format)	DDS (DX10 header), BC7_UNORM_SRGB, 2048x2048, 12 mips, 2-D
27-game-assets/textures-dds/ui_atlas/ui_atlas.bc7.texconv.dds	5592580	9412edb085893584512e0bbb377d4c6ec386430a4ef32300eef4d481051d1472	27-game-assets_textures-dds.zip	CC0-1.0	none required (courtesy credit in README)	https://kenney.nl/assets/ui-pack	kenney_ui-pack.zip sha256:a8a14a234911eb648c062622915c93e79e94e97cb7f9f375a70f6617f1174318 (129 PNG sprites shelf-packed into one 2048x2048 RGBA sheet; work image sha256:cb313b64f1f8b814)	DirectXTex texconv 2026.5.8.1 (tag may2026, MIT); -nogpu -m 0 -f BC7_UNORM_SRGB -dx10 -ft dds -srgb (texconv's own mip chain and default CPU BC7 codec)	DDS (DX10 header), BC7_UNORM_SRGB, 2048x2048, 12 mips, 2-D
27-game-assets/textures-ktx2/acg_ground112_ao/acg_ground112_ao.etc2rgb.etcpak.ktx2	699504	80e3c3b7ef8d984be2f49ed2ccc384c6ac521f33c7f88de77c44f2cfef414096	27-game-assets_textures-ktx2.zip	CC0-1.0	none required (courtesy credit in README)	https://ambientcg.com/get?file=Ground112_1K-PNG.zip	Ground112_1K-PNG_AmbientOcclusion.png sha256:994cc14a378d6f4c22e694663769da8a22548c8e34439f18f4eadda41d682bb1 (8-bit RGBA work image sha256:e892fe420d06302f)	etcpak 0.9.15 (pip wheel: MIT wrapper over etcpak BSD-3-Clause); etcpak.compress_etc2_rgb(RGBA8, w, h) per level; own mip chain (Pillow BOX, padded to 4x4); payload wrapped by `ktx create --raw --format ETC2_R8G8B8_UNORM_BLOCK` (KTX-Software 4.4.2)	KTX2, VK_FORMAT_ETC2_R8G8B8_UNORM_BLOCK, 1024x1024, 11 levels, faces 1, KTX_SS_NONE
27-game-assets/textures-ktx2/acg_ground112_color/acg_ground112_color.astc6x6.ktx-medium.ktx2	626784	e0a4e4dbafe74fc0845e1360297ab53124e133ac8a4aaa15fa6590cd906f93d5	27-game-assets_textures-ktx2.zip	CC0-1.0	none required (courtesy credit in README)	https://ambientcg.com/get?file=Ground112_1K-PNG.zip	Ground112_1K-PNG_Color.png sha256:9b2ac7ff6b6d0298342d8ca52bb51a7c5d5faa7d7d483fccbe7225772e9b3937 (8-bit RGBA work image sha256:94189c76ba004586)	KTX-Software ktx 4.4.2 (Apache-2.0); ktx create --format ASTC_6x6_SRGB_BLOCK --astc-quality medium --generate-mipmap --threads 4 (library astcenc, lanczos4 mips)	KTX2, VK_FORMAT_ASTC_6x6_SRGB_BLOCK, 1024x1024, 11 levels, faces 1, KTX_SS_NONE
27-game-assets/textures-ktx2/acg_ground112_color/acg_ground112_color.etc2rgb.etcpak.ktx2	699504	1d942553a4133a1086e78a15cc7c240023c2c9c28911e625a5549eb969b6154f	27-game-assets_textures-ktx2.zip	CC0-1.0	none required (courtesy credit in README)	https://ambientcg.com/get?file=Ground112_1K-PNG.zip	Ground112_1K-PNG_Color.png sha256:9b2ac7ff6b6d0298342d8ca52bb51a7c5d5faa7d7d483fccbe7225772e9b3937 (8-bit RGBA work image sha256:94189c76ba004586)	etcpak 0.9.15 (pip wheel: MIT wrapper over etcpak BSD-3-Clause); etcpak.compress_etc2_rgb(RGBA8, w, h) per level; own mip chain (Pillow BOX, padded to 4x4); payload wrapped by `ktx create --raw --format ETC2_R8G8B8_SRGB_BLOCK` (KTX-Software 4.4.2)	KTX2, VK_FORMAT_ETC2_R8G8B8_SRGB_BLOCK, 1024x1024, 11 levels, faces 1, KTX_SS_NONE
27-game-assets/textures-ktx2/acg_ground112_color/acg_ground112_color.etc2rgba.etcpak.ktx2	1398592	8ceb859249626bfe0c27c471be28a7945f862160fd6197f6d72cbb844e2392d3	27-game-assets_textures-ktx2.zip	CC0-1.0	none required (courtesy credit in README)	https://ambientcg.com/get?file=Ground112_1K-PNG.zip	Ground112_1K-PNG_Color.png sha256:9b2ac7ff6b6d0298342d8ca52bb51a7c5d5faa7d7d483fccbe7225772e9b3937 (8-bit RGBA work image sha256:94189c76ba004586)	etcpak 0.9.15 (pip wheel: MIT wrapper over etcpak BSD-3-Clause); etcpak.compress_etc2_rgba(RGBA8, w, h) per level; own mip chain (Pillow BOX, padded to 4x4); payload wrapped by `ktx create --raw --format ETC2_R8G8B8A8_SRGB_BLOCK` (KTX-Software 4.4.2)	KTX2, VK_FORMAT_ETC2_R8G8B8A8_SRGB_BLOCK, 1024x1024, 11 levels, faces 1, KTX_SS_NONE
27-game-assets/textures-ktx2/acg_ground112_disp/acg_ground112_disp.etc2rgb.etcpak.ktx2	699504	aaf9b6f9b4bf8003a6a3789faaf2f5bd51777cc1a5af6919bf7fbe5114bb62c0	27-game-assets_textures-ktx2.zip	CC0-1.0	none required (courtesy credit in README)	https://ambientcg.com/get?file=Ground112_1K-PNG.zip	Ground112_1K-PNG_Displacement.png sha256:104f45eb18f18801f9f48b28b635e7eeece8ca43f3c2a11b3e6e09135443a150 (8-bit RGBA work image sha256:67fa9599388833ba)	etcpak 0.9.15 (pip wheel: MIT wrapper over etcpak BSD-3-Clause); etcpak.compress_etc2_rgb(RGBA8, w, h) per level; own mip chain (Pillow BOX, padded to 4x4); payload wrapped by `ktx create --raw --format ETC2_R8G8B8_UNORM_BLOCK` (KTX-Software 4.4.2)	KTX2, VK_FORMAT_ETC2_R8G8B8_UNORM_BLOCK, 1024x1024, 11 levels, faces 1, KTX_SS_NONE
27-game-assets/textures-ktx2/acg_ground112_normal/acg_ground112_normal.etc2rgb.etcpak.ktx2	699504	0b3865818cf85c059ba1b8d342556987d17a0b7ad2424bb370ba7beabccca55b	27-game-assets_textures-ktx2.zip	CC0-1.0	none required (courtesy credit in README)	https://ambientcg.com/get?file=Ground112_1K-PNG.zip	Ground112_1K-PNG_NormalGL.png sha256:7d898750ef8806cca1d57a6597f3a95c63d1ad6ed9748a1424f483ce941f4ce1 (8-bit RGBA work image sha256:97c7747519216633)	etcpak 0.9.15 (pip wheel: MIT wrapper over etcpak BSD-3-Clause); etcpak.compress_etc2_rgb(RGBA8, w, h) per level; own mip chain (Pillow BOX, padded to 4x4); payload wrapped by `ktx create --raw --format ETC2_R8G8B8_UNORM_BLOCK` (KTX-Software 4.4.2)	KTX2, VK_FORMAT_ETC2_R8G8B8_UNORM_BLOCK, 1024x1024, 11 levels, faces 1, KTX_SS_NONE
27-game-assets/textures-ktx2/acg_ground112_rough/acg_ground112_rough.etc2rgb.etcpak.ktx2	699504	231fbc1903f269a1d73a0a0404c9929045b3eb2f412c398422f56bb102f24714	27-game-assets_textures-ktx2.zip	CC0-1.0	none required (courtesy credit in README)	https://ambientcg.com/get?file=Ground112_1K-PNG.zip	Ground112_1K-PNG_Roughness.png sha256:df06b9a5bd2bef970d8cc230bfb469c895503d7376c1e68d7e6a454a96b9b784 (8-bit RGBA work image sha256:9faf493322cb9ecf)	etcpak 0.9.15 (pip wheel: MIT wrapper over etcpak BSD-3-Clause); etcpak.compress_etc2_rgb(RGBA8, w, h) per level; own mip chain (Pillow BOX, padded to 4x4); payload wrapped by `ktx create --raw --format ETC2_R8G8B8_UNORM_BLOCK` (KTX-Software 4.4.2)	KTX2, VK_FORMAT_ETC2_R8G8B8_UNORM_BLOCK, 1024x1024, 11 levels, faces 1, KTX_SS_NONE
27-game-assets/textures-ktx2/acg_paving151_ao/acg_paving151_ao.etc2rgb.etcpak.ktx2	699504	47a5e5b762f94647d2849dc3fe35b36c85a0f7375c222215fd2b010d610a4260	27-game-assets_textures-ktx2.zip	CC0-1.0	none required (courtesy credit in README)	https://ambientcg.com/get?file=PavingStones151_1K-PNG.zip	PavingStones151_1K-PNG_AmbientOcclusion.png sha256:bbd8b83f71756a958d44ad7728bac42df97b9ba3bf444da8a1468f2bb4dd14a1 (8-bit RGBA work image sha256:dde7f6e87e2fa159)	etcpak 0.9.15 (pip wheel: MIT wrapper over etcpak BSD-3-Clause); etcpak.compress_etc2_rgb(RGBA8, w, h) per level; own mip chain (Pillow BOX, padded to 4x4); payload wrapped by `ktx create --raw --format ETC2_R8G8B8_UNORM_BLOCK` (KTX-Software 4.4.2)	KTX2, VK_FORMAT_ETC2_R8G8B8_UNORM_BLOCK, 1024x1024, 11 levels, faces 1, KTX_SS_NONE
27-game-assets/textures-ktx2/acg_paving151_color/acg_paving151_color.astc6x6.ktx-medium.ktx2	626784	7b811b7f650af4bb6cde2c4e3971cad78654dd8ad0a791d34cd93a076ee377c8	27-game-assets_textures-ktx2.zip	CC0-1.0	none required (courtesy credit in README)	https://ambientcg.com/get?file=PavingStones151_1K-PNG.zip	PavingStones151_1K-PNG_Color.png sha256:4b5d6ccbc9231f0a4dc4a500e5fe62cd738329783768b94010f5efe6a8f12c9f (8-bit RGBA work image sha256:4a3f8d3b235370b4)	KTX-Software ktx 4.4.2 (Apache-2.0); ktx create --format ASTC_6x6_SRGB_BLOCK --astc-quality medium --generate-mipmap --threads 4 (library astcenc, lanczos4 mips)	KTX2, VK_FORMAT_ASTC_6x6_SRGB_BLOCK, 1024x1024, 11 levels, faces 1, KTX_SS_NONE
27-game-assets/textures-ktx2/acg_paving151_color/acg_paving151_color.etc2rgb.etcpak.ktx2	699504	ef36285381c66a149bd58f8a3f47eb1e5db1ea335e9f1cb5d1ebb73c90cecbc8	27-game-assets_textures-ktx2.zip	CC0-1.0	none required (courtesy credit in README)	https://ambientcg.com/get?file=PavingStones151_1K-PNG.zip	PavingStones151_1K-PNG_Color.png sha256:4b5d6ccbc9231f0a4dc4a500e5fe62cd738329783768b94010f5efe6a8f12c9f (8-bit RGBA work image sha256:4a3f8d3b235370b4)	etcpak 0.9.15 (pip wheel: MIT wrapper over etcpak BSD-3-Clause); etcpak.compress_etc2_rgb(RGBA8, w, h) per level; own mip chain (Pillow BOX, padded to 4x4); payload wrapped by `ktx create --raw --format ETC2_R8G8B8_SRGB_BLOCK` (KTX-Software 4.4.2)	KTX2, VK_FORMAT_ETC2_R8G8B8_SRGB_BLOCK, 1024x1024, 11 levels, faces 1, KTX_SS_NONE
27-game-assets/textures-ktx2/acg_paving151_color/acg_paving151_color.etc2rgba.etcpak.ktx2	1398592	804038d8abf35ece716a36f0d5399aff18611f19a9210fce134a782d484e9d0e	27-game-assets_textures-ktx2.zip	CC0-1.0	none required (courtesy credit in README)	https://ambientcg.com/get?file=PavingStones151_1K-PNG.zip	PavingStones151_1K-PNG_Color.png sha256:4b5d6ccbc9231f0a4dc4a500e5fe62cd738329783768b94010f5efe6a8f12c9f (8-bit RGBA work image sha256:4a3f8d3b235370b4)	etcpak 0.9.15 (pip wheel: MIT wrapper over etcpak BSD-3-Clause); etcpak.compress_etc2_rgba(RGBA8, w, h) per level; own mip chain (Pillow BOX, padded to 4x4); payload wrapped by `ktx create --raw --format ETC2_R8G8B8A8_SRGB_BLOCK` (KTX-Software 4.4.2)	KTX2, VK_FORMAT_ETC2_R8G8B8A8_SRGB_BLOCK, 1024x1024, 11 levels, faces 1, KTX_SS_NONE
27-game-assets/textures-ktx2/acg_paving151_disp/acg_paving151_disp.etc2rgb.etcpak.ktx2	699504	3f3fe6bc8731dfe6760be370cf5fde8df7a3d6faf9a6997dbea1552a1cb100e1	27-game-assets_textures-ktx2.zip	CC0-1.0	none required (courtesy credit in README)	https://ambientcg.com/get?file=PavingStones151_1K-PNG.zip	PavingStones151_1K-PNG_Displacement.png sha256:c01e78bd688a73c7398c1ac9a1f6c6fa35c219db014930f2bc50b906dd51160f (8-bit RGBA work image sha256:1f94b5dbe509e47f)	etcpak 0.9.15 (pip wheel: MIT wrapper over etcpak BSD-3-Clause); etcpak.compress_etc2_rgb(RGBA8, w, h) per level; own mip chain (Pillow BOX, padded to 4x4); payload wrapped by `ktx create --raw --format ETC2_R8G8B8_UNORM_BLOCK` (KTX-Software 4.4.2)	KTX2, VK_FORMAT_ETC2_R8G8B8_UNORM_BLOCK, 1024x1024, 11 levels, faces 1, KTX_SS_NONE
27-game-assets/textures-ktx2/acg_paving151_normal/acg_paving151_normal.etc2rgb.etcpak.ktx2	699504	d7cccbd06585334e70e1b19037ec883d28ad52eee7be584376478bdfa25e66d7	27-game-assets_textures-ktx2.zip	CC0-1.0	none required (courtesy credit in README)	https://ambientcg.com/get?file=PavingStones151_1K-PNG.zip	PavingStones151_1K-PNG_NormalGL.png sha256:67d902d0396cb823d8aa6eeeabe73d23d022dde44f8575c55bae3726feb5f6e3 (8-bit RGBA work image sha256:da632fd67f7ca04d)	etcpak 0.9.15 (pip wheel: MIT wrapper over etcpak BSD-3-Clause); etcpak.compress_etc2_rgb(RGBA8, w, h) per level; own mip chain (Pillow BOX, padded to 4x4); payload wrapped by `ktx create --raw --format ETC2_R8G8B8_UNORM_BLOCK` (KTX-Software 4.4.2)	KTX2, VK_FORMAT_ETC2_R8G8B8_UNORM_BLOCK, 1024x1024, 11 levels, faces 1, KTX_SS_NONE
27-game-assets/textures-ktx2/acg_paving151_rough/acg_paving151_rough.etc2rgb.etcpak.ktx2	699504	31105ed83d470cef37585d648fc23f2344014304e728e8d7608b383e78619e0f	27-game-assets_textures-ktx2.zip	CC0-1.0	none required (courtesy credit in README)	https://ambientcg.com/get?file=PavingStones151_1K-PNG.zip	PavingStones151_1K-PNG_Roughness.png sha256:926712bb12daa8c4c84f32488f0f1873496d04ce5fa85ead84816780d4fd5485 (8-bit RGBA work image sha256:ebe16c34a0297193)	etcpak 0.9.15 (pip wheel: MIT wrapper over etcpak BSD-3-Clause); etcpak.compress_etc2_rgb(RGBA8, w, h) per level; own mip chain (Pillow BOX, padded to 4x4); payload wrapped by `ktx create --raw --format ETC2_R8G8B8_UNORM_BLOCK` (KTX-Software 4.4.2)	KTX2, VK_FORMAT_ETC2_R8G8B8_UNORM_BLOCK, 1024x1024, 11 levels, faces 1, KTX_SS_NONE
27-game-assets/textures-ktx2/acg_tiles141_color/acg_tiles141_color.astc6x6.ktx-medium.ktx2	626784	c06d780805b817fede1354c35c96c180f5d71f8161fc2a50c3f058867da979c1	27-game-assets_textures-ktx2.zip	CC0-1.0	none required (courtesy credit in README)	https://ambientcg.com/get?file=Tiles141_1K-PNG.zip	Tiles141_1K-PNG_Color.png sha256:5c3817197e0108d6185131e64525c6d53d508ebb71ab804715ef5340578d9fe6 (8-bit RGBA work image sha256:aa61decfbc14001d)	KTX-Software ktx 4.4.2 (Apache-2.0); ktx create --format ASTC_6x6_SRGB_BLOCK --astc-quality medium --generate-mipmap --threads 4 (library astcenc, lanczos4 mips)	KTX2, VK_FORMAT_ASTC_6x6_SRGB_BLOCK, 1024x1024, 11 levels, faces 1, KTX_SS_NONE
27-game-assets/textures-ktx2/acg_tiles141_color/acg_tiles141_color.etc2rgb.etcpak.ktx2	699504	ffef23a15825e0832b26d160b212d189b3d7ba7275979dfc6153866ff39fee97	27-game-assets_textures-ktx2.zip	CC0-1.0	none required (courtesy credit in README)	https://ambientcg.com/get?file=Tiles141_1K-PNG.zip	Tiles141_1K-PNG_Color.png sha256:5c3817197e0108d6185131e64525c6d53d508ebb71ab804715ef5340578d9fe6 (8-bit RGBA work image sha256:aa61decfbc14001d)	etcpak 0.9.15 (pip wheel: MIT wrapper over etcpak BSD-3-Clause); etcpak.compress_etc2_rgb(RGBA8, w, h) per level; own mip chain (Pillow BOX, padded to 4x4); payload wrapped by `ktx create --raw --format ETC2_R8G8B8_SRGB_BLOCK` (KTX-Software 4.4.2)	KTX2, VK_FORMAT_ETC2_R8G8B8_SRGB_BLOCK, 1024x1024, 11 levels, faces 1, KTX_SS_NONE
27-game-assets/textures-ktx2/acg_tiles141_color/acg_tiles141_color.etc2rgba.etcpak.ktx2	1398592	41a7870bc8311c77c5f48723b8c4c0a4d25d59f244163057b5ca8929ba4759ee	27-game-assets_textures-ktx2.zip	CC0-1.0	none required (courtesy credit in README)	https://ambientcg.com/get?file=Tiles141_1K-PNG.zip	Tiles141_1K-PNG_Color.png sha256:5c3817197e0108d6185131e64525c6d53d508ebb71ab804715ef5340578d9fe6 (8-bit RGBA work image sha256:aa61decfbc14001d)	etcpak 0.9.15 (pip wheel: MIT wrapper over etcpak BSD-3-Clause); etcpak.compress_etc2_rgba(RGBA8, w, h) per level; own mip chain (Pillow BOX, padded to 4x4); payload wrapped by `ktx create --raw --format ETC2_R8G8B8A8_SRGB_BLOCK` (KTX-Software 4.4.2)	KTX2, VK_FORMAT_ETC2_R8G8B8A8_SRGB_BLOCK, 1024x1024, 11 levels, faces 1, KTX_SS_NONE
27-game-assets/textures-ktx2/acg_tiles141_disp/acg_tiles141_disp.etc2rgb.etcpak.ktx2	699504	9a9e08159d8e948faef42fe559a29fe1ed3cd9f240166adce049ffcc1bb688f5	27-game-assets_textures-ktx2.zip	CC0-1.0	none required (courtesy credit in README)	https://ambientcg.com/get?file=Tiles141_1K-PNG.zip	Tiles141_1K-PNG_Displacement.png sha256:bde430e57f6d170efbc2e2975b06678b35a31bab2fd990fb7728bdfbdacbcfa1 (8-bit RGBA work image sha256:cb8bd59b005ccd39)	etcpak 0.9.15 (pip wheel: MIT wrapper over etcpak BSD-3-Clause); etcpak.compress_etc2_rgb(RGBA8, w, h) per level; own mip chain (Pillow BOX, padded to 4x4); payload wrapped by `ktx create --raw --format ETC2_R8G8B8_UNORM_BLOCK` (KTX-Software 4.4.2)	KTX2, VK_FORMAT_ETC2_R8G8B8_UNORM_BLOCK, 1024x1024, 11 levels, faces 1, KTX_SS_NONE
27-game-assets/textures-ktx2/acg_tiles141_normal/acg_tiles141_normal.etc2rgb.etcpak.ktx2	699504	ef027174c022f1eb6b6ec73a43f0f3287b61ab17ec7c72e3ce36c5857cdd53a0	27-game-assets_textures-ktx2.zip	CC0-1.0	none required (courtesy credit in README)	https://ambientcg.com/get?file=Tiles141_1K-PNG.zip	Tiles141_1K-PNG_NormalGL.png sha256:c65d473bbbc907f99cd9ec3d48d2dbafe7e1b368f65c7abd5c8877058083d5f8 (8-bit RGBA work image sha256:665e9524001a4909)	etcpak 0.9.15 (pip wheel: MIT wrapper over etcpak BSD-3-Clause); etcpak.compress_etc2_rgb(RGBA8, w, h) per level; own mip chain (Pillow BOX, padded to 4x4); payload wrapped by `ktx create --raw --format ETC2_R8G8B8_UNORM_BLOCK` (KTX-Software 4.4.2)	KTX2, VK_FORMAT_ETC2_R8G8B8_UNORM_BLOCK, 1024x1024, 11 levels, faces 1, KTX_SS_NONE
27-game-assets/textures-ktx2/acg_tiles141_rough/acg_tiles141_rough.etc2rgb.etcpak.ktx2	699504	c632e3cffe4f007e4e40eb3fc0407938faf4e8b614ee4fc7b929b9b2d20672d4	27-game-assets_textures-ktx2.zip	CC0-1.0	none required (courtesy credit in README)	https://ambientcg.com/get?file=Tiles141_1K-PNG.zip	Tiles141_1K-PNG_Roughness.png sha256:fe1eb0ad17d6e6168e292298079fb7d48d45a47713ef1b9a92feaf5724d75eab (8-bit RGBA work image sha256:f37edb71b4af4f0d)	etcpak 0.9.15 (pip wheel: MIT wrapper over etcpak BSD-3-Clause); etcpak.compress_etc2_rgb(RGBA8, w, h) per level; own mip chain (Pillow BOX, padded to 4x4); payload wrapped by `ktx create --raw --format ETC2_R8G8B8_UNORM_BLOCK` (KTX-Software 4.4.2)	KTX2, VK_FORMAT_ETC2_R8G8B8_UNORM_BLOCK, 1024x1024, 11 levels, faces 1, KTX_SS_NONE
27-game-assets/textures-ktx2/noise_detail/noise_detail.astc6x6.ktx-medium.ktx2	626784	1cf0b5d54347c709d02eafff9bcfccae9b27ab4630f28c31681e0ad34d0da47e	27-game-assets_textures-ktx2.zip	CC0-1.0	none required (courtesy credit in README)		generated: numpy fBm value noise 1024x1024 RGB, seed 20261001 (work image sha256:54d279a95e89ab07)	KTX-Software ktx 4.4.2 (Apache-2.0); ktx create --assign-tf linear --format ASTC_6x6_UNORM_BLOCK --astc-quality medium --generate-mipmap --threads 4 (library astcenc, lanczos4 mips)	KTX2, VK_FORMAT_ASTC_6x6_UNORM_BLOCK, 1024x1024, 11 levels, faces 1, KTX_SS_NONE
27-game-assets/textures-ktx2/noise_detail/noise_detail.etc2rgb.etcpak.ktx2	699504	aeffd787d34cafbd66bfad75b5f72032fa3edd307419762373d084bfd65c17fe	27-game-assets_textures-ktx2.zip	CC0-1.0	none required (courtesy credit in README)		generated: numpy fBm value noise 1024x1024 RGB, seed 20261001 (work image sha256:54d279a95e89ab07)	etcpak 0.9.15 (pip wheel: MIT wrapper over etcpak BSD-3-Clause); etcpak.compress_etc2_rgb(RGBA8, w, h) per level; own mip chain (Pillow BOX, padded to 4x4); payload wrapped by `ktx create --raw --format ETC2_R8G8B8_UNORM_BLOCK` (KTX-Software 4.4.2)	KTX2, VK_FORMAT_ETC2_R8G8B8_UNORM_BLOCK, 1024x1024, 11 levels, faces 1, KTX_SS_NONE
27-game-assets/textures-ktx2/noise_detail/noise_detail.etc2rgba.etcpak.ktx2	1398592	e8b065104eb806835e3256948ab2d34b7df88ec382bb7606d637b1c928761d58	27-game-assets_textures-ktx2.zip	CC0-1.0	none required (courtesy credit in README)		generated: numpy fBm value noise 1024x1024 RGB, seed 20261001 (work image sha256:54d279a95e89ab07)	etcpak 0.9.15 (pip wheel: MIT wrapper over etcpak BSD-3-Clause); etcpak.compress_etc2_rgba(RGBA8, w, h) per level; own mip chain (Pillow BOX, padded to 4x4); payload wrapped by `ktx create --raw --format ETC2_R8G8B8A8_UNORM_BLOCK` (KTX-Software 4.4.2)	KTX2, VK_FORMAT_ETC2_R8G8B8A8_UNORM_BLOCK, 1024x1024, 11 levels, faces 1, KTX_SS_NONE
27-game-assets/textures-ktx2/ph_brick_arm_1k/ph_brick_arm_1k.etc2rgb.etcpak.ktx2	699504	979ca921a3a16c5a70b67f0541b6aa6b75b390fdaf27ffa1e54590c05c666360	27-game-assets_textures-ktx2.zip	CC0-1.0	none required (courtesy credit in README)	https://dl.polyhaven.org/file/ph-assets/Textures/png/1k/brick_wall_005/brick_wall_005_arm_1k.png	brick_wall_005_arm_1k.png sha256:f3fe86de3028330320e176a3aeb3f98af9039cf01e7b680e9b65c7ab15bd87f0 (8-bit RGBA work image sha256:71bc561e4f2cac32)	etcpak 0.9.15 (pip wheel: MIT wrapper over etcpak BSD-3-Clause); etcpak.compress_etc2_rgb(RGBA8, w, h) per level; own mip chain (Pillow BOX, padded to 4x4); payload wrapped by `ktx create --raw --format ETC2_R8G8B8_UNORM_BLOCK` (KTX-Software 4.4.2)	KTX2, VK_FORMAT_ETC2_R8G8B8_UNORM_BLOCK, 1024x1024, 11 levels, faces 1, KTX_SS_NONE
27-game-assets/textures-ktx2/ph_brick_arm_2k/ph_brick_arm_2k.etc2rgb.etcpak.ktx2	2796680	d77dcc68eb830ccc7bcdedff18e7a8d549b70ed3e410e41d6c75cd32ea2a3e10	27-game-assets_textures-ktx2.zip	CC0-1.0	none required (courtesy credit in README)	https://dl.polyhaven.org/file/ph-assets/Textures/png/2k/brick_wall_005/brick_wall_005_arm_2k.png	brick_wall_005_arm_2k.png sha256:ff55fc21467d0d29f52affaccc45d1f27b49f38863063139aa8b2a91d69bcfec (8-bit RGBA work image sha256:bdae3424d30fa910)	etcpak 0.9.15 (pip wheel: MIT wrapper over etcpak BSD-3-Clause); etcpak.compress_etc2_rgb(RGBA8, w, h) per level; own mip chain (Pillow BOX, padded to 4x4); payload wrapped by `ktx create --raw --format ETC2_R8G8B8_UNORM_BLOCK` (KTX-Software 4.4.2)	KTX2, VK_FORMAT_ETC2_R8G8B8_UNORM_BLOCK, 2048x2048, 12 levels, faces 1, KTX_SS_NONE
27-game-assets/textures-ktx2/ph_brick_diffuse_1k/ph_brick_diffuse_1k.astc6x6.ktx-medium.ktx2	626784	770cec0affe4587eec51a67ee2e0714c2b361efbf698c681f7cad658b32b5742	27-game-assets_textures-ktx2.zip	CC0-1.0	none required (courtesy credit in README)	https://dl.polyhaven.org/file/ph-assets/Textures/png/1k/brick_wall_005/brick_wall_005_diff_1k.png	brick_wall_005_Diffuse_1k.png sha256:2523a2c48e97ed9bfddb0f977b693afe7aa675da8c7a43ae77e8237e14ec7725 (8-bit RGBA work image sha256:00f00ec18188edb6)	KTX-Software ktx 4.4.2 (Apache-2.0); ktx create --format ASTC_6x6_SRGB_BLOCK --astc-quality medium --generate-mipmap --threads 4 (library astcenc, lanczos4 mips)	KTX2, VK_FORMAT_ASTC_6x6_SRGB_BLOCK, 1024x1024, 11 levels, faces 1, KTX_SS_NONE
27-game-assets/textures-ktx2/ph_brick_diffuse_1k/ph_brick_diffuse_1k.etc2rgb.etcpak.ktx2	699504	d37ca17598868badb9b44ba4326583e860436606798ae662bc0e4dccde65d781	27-game-assets_textures-ktx2.zip	CC0-1.0	none required (courtesy credit in README)	https://dl.polyhaven.org/file/ph-assets/Textures/png/1k/brick_wall_005/brick_wall_005_diff_1k.png	brick_wall_005_Diffuse_1k.png sha256:2523a2c48e97ed9bfddb0f977b693afe7aa675da8c7a43ae77e8237e14ec7725 (8-bit RGBA work image sha256:00f00ec18188edb6)	etcpak 0.9.15 (pip wheel: MIT wrapper over etcpak BSD-3-Clause); etcpak.compress_etc2_rgb(RGBA8, w, h) per level; own mip chain (Pillow BOX, padded to 4x4); payload wrapped by `ktx create --raw --format ETC2_R8G8B8_SRGB_BLOCK` (KTX-Software 4.4.2)	KTX2, VK_FORMAT_ETC2_R8G8B8_SRGB_BLOCK, 1024x1024, 11 levels, faces 1, KTX_SS_NONE
27-game-assets/textures-ktx2/ph_brick_diffuse_1k/ph_brick_diffuse_1k.etc2rgba.etcpak.ktx2	1398592	2ec476ab4f895bd57af8e20a15b56b57635b8db94073635af8231a84f9b72f30	27-game-assets_textures-ktx2.zip	CC0-1.0	none required (courtesy credit in README)	https://dl.polyhaven.org/file/ph-assets/Textures/png/1k/brick_wall_005/brick_wall_005_diff_1k.png	brick_wall_005_Diffuse_1k.png sha256:2523a2c48e97ed9bfddb0f977b693afe7aa675da8c7a43ae77e8237e14ec7725 (8-bit RGBA work image sha256:00f00ec18188edb6)	etcpak 0.9.15 (pip wheel: MIT wrapper over etcpak BSD-3-Clause); etcpak.compress_etc2_rgba(RGBA8, w, h) per level; own mip chain (Pillow BOX, padded to 4x4); payload wrapped by `ktx create --raw --format ETC2_R8G8B8A8_SRGB_BLOCK` (KTX-Software 4.4.2)	KTX2, VK_FORMAT_ETC2_R8G8B8A8_SRGB_BLOCK, 1024x1024, 11 levels, faces 1, KTX_SS_NONE
27-game-assets/textures-ktx2/ph_brick_diffuse_2k/ph_brick_diffuse_2k.etc2rgb.etcpak.ktx2	2796680	55242bf5e0d2443d4c90d20d30fb93df4d789a1993fbbb481c2ba38e20266297	27-game-assets_textures-ktx2.zip	CC0-1.0	none required (courtesy credit in README)	https://dl.polyhaven.org/file/ph-assets/Textures/png/2k/brick_wall_005/brick_wall_005_diff_2k.png	brick_wall_005_Diffuse_2k.png sha256:7d48655e45c0f1ffcd6c754d3fe6a9287a2ae056b044358d8a89406655be8a7c (8-bit RGBA work image sha256:e235247b8ac87181)	etcpak 0.9.15 (pip wheel: MIT wrapper over etcpak BSD-3-Clause); etcpak.compress_etc2_rgb(RGBA8, w, h) per level; own mip chain (Pillow BOX, padded to 4x4); payload wrapped by `ktx create --raw --format ETC2_R8G8B8_SRGB_BLOCK` (KTX-Software 4.4.2)	KTX2, VK_FORMAT_ETC2_R8G8B8_SRGB_BLOCK, 2048x2048, 12 levels, faces 1, KTX_SS_NONE
27-game-assets/textures-ktx2/ph_brick_normal_1k/ph_brick_normal_1k.etc2rgb.etcpak.ktx2	699504	db16349f3450f09a90d2f833caeee6d39a49553e506e3ae19cc002f7a1d90c11	27-game-assets_textures-ktx2.zip	CC0-1.0	none required (courtesy credit in README)	https://dl.polyhaven.org/file/ph-assets/Textures/png/1k/brick_wall_005/brick_wall_005_nor_gl_1k.png	brick_wall_005_nor_gl_1k.png sha256:845f7807822a26445e2a56d1df8bf7b3bd985ad0eba0be555a5f41c993079c63 (8-bit RGBA work image sha256:ecf6a49d11376c7b)	etcpak 0.9.15 (pip wheel: MIT wrapper over etcpak BSD-3-Clause); etcpak.compress_etc2_rgb(RGBA8, w, h) per level; own mip chain (Pillow BOX, padded to 4x4); payload wrapped by `ktx create --raw --format ETC2_R8G8B8_UNORM_BLOCK` (KTX-Software 4.4.2)	KTX2, VK_FORMAT_ETC2_R8G8B8_UNORM_BLOCK, 1024x1024, 11 levels, faces 1, KTX_SS_NONE
27-game-assets/textures-ktx2/ph_brick_normal_2k/ph_brick_normal_2k.etc2rgb.etcpak.ktx2	2796680	1657352d8a903200a96091bdb049a6f2b04d0be8680fedd77161f267c493acce	27-game-assets_textures-ktx2.zip	CC0-1.0	none required (courtesy credit in README)	https://dl.polyhaven.org/file/ph-assets/Textures/png/2k/brick_wall_005/brick_wall_005_nor_gl_2k.png	brick_wall_005_nor_gl_2k.png sha256:6173692437c2ac830adf9d8862a128b281c5a5ad83871ccae76fb0a3510955bb (8-bit RGBA work image sha256:0fc6183f1eefb5e6)	etcpak 0.9.15 (pip wheel: MIT wrapper over etcpak BSD-3-Clause); etcpak.compress_etc2_rgb(RGBA8, w, h) per level; own mip chain (Pillow BOX, padded to 4x4); payload wrapped by `ktx create --raw --format ETC2_R8G8B8_UNORM_BLOCK` (KTX-Software 4.4.2)	KTX2, VK_FORMAT_ETC2_R8G8B8_UNORM_BLOCK, 2048x2048, 12 levels, faces 1, KTX_SS_NONE
27-game-assets/textures-ktx2/ph_leather_arm_1k/ph_leather_arm_1k.etc2rgb.etcpak.ktx2	699504	1afa36c2ba30ef5c36ff4eafb99861502cd6892326d05d714a90ffb38bb2ac69	27-game-assets_textures-ktx2.zip	CC0-1.0	none required (courtesy credit in README)	https://dl.polyhaven.org/file/ph-assets/Textures/png/1k/brown_leather/brown_leather_arm_1k.png	brown_leather_arm_1k.png sha256:0234c75f09a2e6af6eecd8674e79b413f41d4a665f1ecbfc84eb3e3ffe6419c3 (8-bit RGBA work image sha256:cd4568ba4b72d4bb)	etcpak 0.9.15 (pip wheel: MIT wrapper over etcpak BSD-3-Clause); etcpak.compress_etc2_rgb(RGBA8, w, h) per level; own mip chain (Pillow BOX, padded to 4x4); payload wrapped by `ktx create --raw --format ETC2_R8G8B8_UNORM_BLOCK` (KTX-Software 4.4.2)	KTX2, VK_FORMAT_ETC2_R8G8B8_UNORM_BLOCK, 1024x1024, 11 levels, faces 1, KTX_SS_NONE
27-game-assets/textures-ktx2/ph_leather_diffuse_1k/ph_leather_diffuse_1k.astc6x6.ktx-medium.ktx2	626784	10af728e774bbdb12387f250a96e422d42114ce34e159c0a1e4234cc807eaaf7	27-game-assets_textures-ktx2.zip	CC0-1.0	none required (courtesy credit in README)	https://dl.polyhaven.org/file/ph-assets/Textures/png/1k/brown_leather/brown_leather_albedo_1k.png	brown_leather_Diffuse_1k.png sha256:24f8bf54ee3b436f3077eacefb710ab77f62772fb75c5298e862854b597cd664 (8-bit RGBA work image sha256:017f792c28a9b89b)	KTX-Software ktx 4.4.2 (Apache-2.0); ktx create --format ASTC_6x6_SRGB_BLOCK --astc-quality medium --generate-mipmap --threads 4 (library astcenc, lanczos4 mips)	KTX2, VK_FORMAT_ASTC_6x6_SRGB_BLOCK, 1024x1024, 11 levels, faces 1, KTX_SS_NONE
27-game-assets/textures-ktx2/ph_leather_diffuse_1k/ph_leather_diffuse_1k.etc2rgb.etcpak.ktx2	699504	8befc26e11e5390f3386918c86f8c20d4346c05440920829499a33abf67787a1	27-game-assets_textures-ktx2.zip	CC0-1.0	none required (courtesy credit in README)	https://dl.polyhaven.org/file/ph-assets/Textures/png/1k/brown_leather/brown_leather_albedo_1k.png	brown_leather_Diffuse_1k.png sha256:24f8bf54ee3b436f3077eacefb710ab77f62772fb75c5298e862854b597cd664 (8-bit RGBA work image sha256:017f792c28a9b89b)	etcpak 0.9.15 (pip wheel: MIT wrapper over etcpak BSD-3-Clause); etcpak.compress_etc2_rgb(RGBA8, w, h) per level; own mip chain (Pillow BOX, padded to 4x4); payload wrapped by `ktx create --raw --format ETC2_R8G8B8_SRGB_BLOCK` (KTX-Software 4.4.2)	KTX2, VK_FORMAT_ETC2_R8G8B8_SRGB_BLOCK, 1024x1024, 11 levels, faces 1, KTX_SS_NONE
27-game-assets/textures-ktx2/ph_leather_diffuse_1k/ph_leather_diffuse_1k.etc2rgba.etcpak.ktx2	1398592	c3fc4966e32ff7390c0ad0b2484362582880715891d891d4d95780bbf0fbf85d	27-game-assets_textures-ktx2.zip	CC0-1.0	none required (courtesy credit in README)	https://dl.polyhaven.org/file/ph-assets/Textures/png/1k/brown_leather/brown_leather_albedo_1k.png	brown_leather_Diffuse_1k.png sha256:24f8bf54ee3b436f3077eacefb710ab77f62772fb75c5298e862854b597cd664 (8-bit RGBA work image sha256:017f792c28a9b89b)	etcpak 0.9.15 (pip wheel: MIT wrapper over etcpak BSD-3-Clause); etcpak.compress_etc2_rgba(RGBA8, w, h) per level; own mip chain (Pillow BOX, padded to 4x4); payload wrapped by `ktx create --raw --format ETC2_R8G8B8A8_SRGB_BLOCK` (KTX-Software 4.4.2)	KTX2, VK_FORMAT_ETC2_R8G8B8A8_SRGB_BLOCK, 1024x1024, 11 levels, faces 1, KTX_SS_NONE
27-game-assets/textures-ktx2/ph_leather_diffuse_2k/ph_leather_diffuse_2k.etc2rgb.etcpak.ktx2	2796680	ce3572c9bfd077907d546129f3d81ae595d766c1892f21facff432ba379b3500	27-game-assets_textures-ktx2.zip	CC0-1.0	none required (courtesy credit in README)	https://dl.polyhaven.org/file/ph-assets/Textures/png/2k/brown_leather/brown_leather_albedo_2k.png	brown_leather_Diffuse_2k.png sha256:e3d2b4be0c73560e7ca061743a803531bff565a50ba6eee3ad77c6001d775feb (8-bit RGBA work image sha256:6df47f3abe160f33)	etcpak 0.9.15 (pip wheel: MIT wrapper over etcpak BSD-3-Clause); etcpak.compress_etc2_rgb(RGBA8, w, h) per level; own mip chain (Pillow BOX, padded to 4x4); payload wrapped by `ktx create --raw --format ETC2_R8G8B8_SRGB_BLOCK` (KTX-Software 4.4.2)	KTX2, VK_FORMAT_ETC2_R8G8B8_SRGB_BLOCK, 2048x2048, 12 levels, faces 1, KTX_SS_NONE
27-game-assets/textures-ktx2/ph_leather_normal_1k/ph_leather_normal_1k.etc2rgb.etcpak.ktx2	699504	ef61d67a909d9289f8ad5c02ce8a0efd9e5f55e62cea7024d424f9002f447492	27-game-assets_textures-ktx2.zip	CC0-1.0	none required (courtesy credit in README)	https://dl.polyhaven.org/file/ph-assets/Textures/png/1k/brown_leather/brown_leather_nor_gl_1k.png	brown_leather_nor_gl_1k.png sha256:6354daff40330a2fcd6c1061912876ddc79889c960975adba336b013db5edcd5 (8-bit RGBA work image sha256:7891ca53399a6c69)	etcpak 0.9.15 (pip wheel: MIT wrapper over etcpak BSD-3-Clause); etcpak.compress_etc2_rgb(RGBA8, w, h) per level; own mip chain (Pillow BOX, padded to 4x4); payload wrapped by `ktx create --raw --format ETC2_R8G8B8_UNORM_BLOCK` (KTX-Software 4.4.2)	KTX2, VK_FORMAT_ETC2_R8G8B8_UNORM_BLOCK, 1024x1024, 11 levels, faces 1, KTX_SS_NONE
27-game-assets/textures-ktx2/ph_leather_normal_2k/ph_leather_normal_2k.etc2rgb.etcpak.ktx2	2796680	3d7827f96f2ed511e3364132a36269b98f4b34f75d149eabcb004d4182ae609a	27-game-assets_textures-ktx2.zip	CC0-1.0	none required (courtesy credit in README)	https://dl.polyhaven.org/file/ph-assets/Textures/png/2k/brown_leather/brown_leather_nor_gl_2k.png	brown_leather_nor_gl_2k.png sha256:a9a3f2bf3d04c0ffefc97fbe6aa7b9ed56992359a9a97e37571faa6a15aeefd3 (8-bit RGBA work image sha256:ac8c67bcb16912da)	etcpak 0.9.15 (pip wheel: MIT wrapper over etcpak BSD-3-Clause); etcpak.compress_etc2_rgb(RGBA8, w, h) per level; own mip chain (Pillow BOX, padded to 4x4); payload wrapped by `ktx create --raw --format ETC2_R8G8B8_UNORM_BLOCK` (KTX-Software 4.4.2)	KTX2, VK_FORMAT_ETC2_R8G8B8_UNORM_BLOCK, 2048x2048, 12 levels, faces 1, KTX_SS_NONE
27-game-assets/textures-ktx2/ph_metal_arm_1k/ph_metal_arm_1k.etc2rgb.etcpak.ktx2	699504	7b80885d5f2c0cd5d3e4835062e6f3deae715f75965a784193f0fc224ec7372c	27-game-assets_textures-ktx2.zip	CC0-1.0	none required (courtesy credit in README)	https://dl.polyhaven.org/file/ph-assets/Textures/png/1k/blue_metal_plate/blue_metal_plate_arm_1k.png	blue_metal_plate_arm_1k.png sha256:9d049e208e52f6bd702a80cfa804786b5ea3fa7f0c70c668636f9f0e7eeafa62 (8-bit RGBA work image sha256:f813f36f3d57de19)	etcpak 0.9.15 (pip wheel: MIT wrapper over etcpak BSD-3-Clause); etcpak.compress_etc2_rgb(RGBA8, w, h) per level; own mip chain (Pillow BOX, padded to 4x4); payload wrapped by `ktx create --raw --format ETC2_R8G8B8_UNORM_BLOCK` (KTX-Software 4.4.2)	KTX2, VK_FORMAT_ETC2_R8G8B8_UNORM_BLOCK, 1024x1024, 11 levels, faces 1, KTX_SS_NONE
27-game-assets/textures-ktx2/ph_metal_diffuse_1k/ph_metal_diffuse_1k.astc6x6.ktx-medium.ktx2	626784	06184b34fd56fb3c774382fd086b84c83b5ea23b431cb3ac6a9a03f8ad0f2079	27-game-assets_textures-ktx2.zip	CC0-1.0	none required (courtesy credit in README)	https://dl.polyhaven.org/file/ph-assets/Textures/png/1k/blue_metal_plate/blue_metal_plate_diff_1k.png	blue_metal_plate_Diffuse_1k.png sha256:90eaf269bbfb5a9b456bd414f6d270bb3eabb086ff326b5931f435d985e1a162 (8-bit RGBA work image sha256:6201fa533b477b7a)	KTX-Software ktx 4.4.2 (Apache-2.0); ktx create --format ASTC_6x6_SRGB_BLOCK --astc-quality medium --generate-mipmap --threads 4 (library astcenc, lanczos4 mips)	KTX2, VK_FORMAT_ASTC_6x6_SRGB_BLOCK, 1024x1024, 11 levels, faces 1, KTX_SS_NONE
27-game-assets/textures-ktx2/ph_metal_diffuse_1k/ph_metal_diffuse_1k.etc2rgb.etcpak.ktx2	699504	488421c5971b6b37327408830a99b26ef3bac2edac6711ca6f52ced327903843	27-game-assets_textures-ktx2.zip	CC0-1.0	none required (courtesy credit in README)	https://dl.polyhaven.org/file/ph-assets/Textures/png/1k/blue_metal_plate/blue_metal_plate_diff_1k.png	blue_metal_plate_Diffuse_1k.png sha256:90eaf269bbfb5a9b456bd414f6d270bb3eabb086ff326b5931f435d985e1a162 (8-bit RGBA work image sha256:6201fa533b477b7a)	etcpak 0.9.15 (pip wheel: MIT wrapper over etcpak BSD-3-Clause); etcpak.compress_etc2_rgb(RGBA8, w, h) per level; own mip chain (Pillow BOX, padded to 4x4); payload wrapped by `ktx create --raw --format ETC2_R8G8B8_SRGB_BLOCK` (KTX-Software 4.4.2)	KTX2, VK_FORMAT_ETC2_R8G8B8_SRGB_BLOCK, 1024x1024, 11 levels, faces 1, KTX_SS_NONE
27-game-assets/textures-ktx2/ph_metal_diffuse_1k/ph_metal_diffuse_1k.etc2rgba.etcpak.ktx2	1398592	1cb95898fc6c4d97133aef004dbcf1d37add583d25718de0c29a25766a904345	27-game-assets_textures-ktx2.zip	CC0-1.0	none required (courtesy credit in README)	https://dl.polyhaven.org/file/ph-assets/Textures/png/1k/blue_metal_plate/blue_metal_plate_diff_1k.png	blue_metal_plate_Diffuse_1k.png sha256:90eaf269bbfb5a9b456bd414f6d270bb3eabb086ff326b5931f435d985e1a162 (8-bit RGBA work image sha256:6201fa533b477b7a)	etcpak 0.9.15 (pip wheel: MIT wrapper over etcpak BSD-3-Clause); etcpak.compress_etc2_rgba(RGBA8, w, h) per level; own mip chain (Pillow BOX, padded to 4x4); payload wrapped by `ktx create --raw --format ETC2_R8G8B8A8_SRGB_BLOCK` (KTX-Software 4.4.2)	KTX2, VK_FORMAT_ETC2_R8G8B8A8_SRGB_BLOCK, 1024x1024, 11 levels, faces 1, KTX_SS_NONE
27-game-assets/textures-ktx2/ph_metal_diffuse_2k/ph_metal_diffuse_2k.etc2rgb.etcpak.ktx2	2796680	0c1663b4c6f1f87a41e0296293910a9ea4bb5f0eb83bca9f93af8e68d1a6729c	27-game-assets_textures-ktx2.zip	CC0-1.0	none required (courtesy credit in README)	https://dl.polyhaven.org/file/ph-assets/Textures/png/2k/blue_metal_plate/blue_metal_plate_diff_2k.png	blue_metal_plate_Diffuse_2k.png sha256:c37be7a33c50cd92308577132833bb1d1cc33688b6d3b1ffe68c976f5357ff02 (8-bit RGBA work image sha256:4b720b2944040629)	etcpak 0.9.15 (pip wheel: MIT wrapper over etcpak BSD-3-Clause); etcpak.compress_etc2_rgb(RGBA8, w, h) per level; own mip chain (Pillow BOX, padded to 4x4); payload wrapped by `ktx create --raw --format ETC2_R8G8B8_SRGB_BLOCK` (KTX-Software 4.4.2)	KTX2, VK_FORMAT_ETC2_R8G8B8_SRGB_BLOCK, 2048x2048, 12 levels, faces 1, KTX_SS_NONE
27-game-assets/textures-ktx2/ph_metal_normal_1k/ph_metal_normal_1k.etc2rgb.etcpak.ktx2	699504	fa914f8d4d1acf48f2691409738f2aeecb7a29c56ba716630d56381bab306f9f	27-game-assets_textures-ktx2.zip	CC0-1.0	none required (courtesy credit in README)	https://dl.polyhaven.org/file/ph-assets/Textures/png/1k/blue_metal_plate/blue_metal_plate_nor_gl_1k.png	blue_metal_plate_nor_gl_1k.png sha256:9f03852e15eadef3b0e6610ed6f040f2e8f0fd818ca31b76c94711e43b4c4e7a (8-bit RGBA work image sha256:0f86f73831f04b50)	etcpak 0.9.15 (pip wheel: MIT wrapper over etcpak BSD-3-Clause); etcpak.compress_etc2_rgb(RGBA8, w, h) per level; own mip chain (Pillow BOX, padded to 4x4); payload wrapped by `ktx create --raw --format ETC2_R8G8B8_UNORM_BLOCK` (KTX-Software 4.4.2)	KTX2, VK_FORMAT_ETC2_R8G8B8_UNORM_BLOCK, 1024x1024, 11 levels, faces 1, KTX_SS_NONE
27-game-assets/textures-ktx2/ph_metal_normal_2k/ph_metal_normal_2k.etc2rgb.etcpak.ktx2	2796680	ad68690805af44fbc048dea0d87ea101dc172955e6b34d665e6dc65110e2a0fc	27-game-assets_textures-ktx2.zip	CC0-1.0	none required (courtesy credit in README)	https://dl.polyhaven.org/file/ph-assets/Textures/png/2k/blue_metal_plate/blue_metal_plate_nor_gl_2k.png	blue_metal_plate_nor_gl_2k.png sha256:8c5701c09d71bbc7dffe97b45fde3c57b132c5fca8d39851695f7566f54b02e9 (8-bit RGBA work image sha256:7d9b81e7855047a2)	etcpak 0.9.15 (pip wheel: MIT wrapper over etcpak BSD-3-Clause); etcpak.compress_etc2_rgb(RGBA8, w, h) per level; own mip chain (Pillow BOX, padded to 4x4); payload wrapped by `ktx create --raw --format ETC2_R8G8B8_UNORM_BLOCK` (KTX-Software 4.4.2)	KTX2, VK_FORMAT_ETC2_R8G8B8_UNORM_BLOCK, 2048x2048, 12 levels, faces 1, KTX_SS_NONE
27-game-assets/textures-ktx2/ph_rock_ao_1k/ph_rock_ao_1k.etc2rgb.etcpak.ktx2	699504	d276ae03e90ab4286a50c85db40e872ac298c316a71e9fdabf975bfff9596f9b	27-game-assets_textures-ktx2.zip	CC0-1.0	none required (courtesy credit in README)	https://dl.polyhaven.org/file/ph-assets/Textures/png/1k/rock_boulder_cracked/rock_boulder_cracked_ao_1k.png	rock_boulder_cracked_AO_1k.png sha256:1b29f766a7e90b75f2f20ae461a7a2fed06bb9e9a67c34162081ec52109b3870 (8-bit RGBA work image sha256:5559fd7a75be062c)	etcpak 0.9.15 (pip wheel: MIT wrapper over etcpak BSD-3-Clause); etcpak.compress_etc2_rgb(RGBA8, w, h) per level; own mip chain (Pillow BOX, padded to 4x4); payload wrapped by `ktx create --raw --format ETC2_R8G8B8_UNORM_BLOCK` (KTX-Software 4.4.2)	KTX2, VK_FORMAT_ETC2_R8G8B8_UNORM_BLOCK, 1024x1024, 11 levels, faces 1, KTX_SS_NONE
27-game-assets/textures-ktx2/ph_rock_diffuse_1k/ph_rock_diffuse_1k.astc6x6.ktx-medium.ktx2	626784	0581f7ad9643f77bb937ee8a1919a45a6cf894c4a60d43002de6b32bf95376da	27-game-assets_textures-ktx2.zip	CC0-1.0	none required (courtesy credit in README)	https://dl.polyhaven.org/file/ph-assets/Textures/png/1k/rock_boulder_cracked/rock_boulder_cracked_diff_1k.png	rock_boulder_cracked_Diffuse_1k.png sha256:cb57c59ea319668148fb65e47eae114c9d9d8a81c5fcb877818a94743447f863 (8-bit RGBA work image sha256:6d842a04911b1015)	KTX-Software ktx 4.4.2 (Apache-2.0); ktx create --format ASTC_6x6_SRGB_BLOCK --astc-quality medium --generate-mipmap --threads 4 (library astcenc, lanczos4 mips)	KTX2, VK_FORMAT_ASTC_6x6_SRGB_BLOCK, 1024x1024, 11 levels, faces 1, KTX_SS_NONE
27-game-assets/textures-ktx2/ph_rock_diffuse_1k/ph_rock_diffuse_1k.etc2rgb.etcpak.ktx2	699504	b1cc558d5baefa9797c5c951f626eae7d54c185cd6899464a8ac452d355acb6c	27-game-assets_textures-ktx2.zip	CC0-1.0	none required (courtesy credit in README)	https://dl.polyhaven.org/file/ph-assets/Textures/png/1k/rock_boulder_cracked/rock_boulder_cracked_diff_1k.png	rock_boulder_cracked_Diffuse_1k.png sha256:cb57c59ea319668148fb65e47eae114c9d9d8a81c5fcb877818a94743447f863 (8-bit RGBA work image sha256:6d842a04911b1015)	etcpak 0.9.15 (pip wheel: MIT wrapper over etcpak BSD-3-Clause); etcpak.compress_etc2_rgb(RGBA8, w, h) per level; own mip chain (Pillow BOX, padded to 4x4); payload wrapped by `ktx create --raw --format ETC2_R8G8B8_SRGB_BLOCK` (KTX-Software 4.4.2)	KTX2, VK_FORMAT_ETC2_R8G8B8_SRGB_BLOCK, 1024x1024, 11 levels, faces 1, KTX_SS_NONE
27-game-assets/textures-ktx2/ph_rock_diffuse_1k/ph_rock_diffuse_1k.etc2rgba.etcpak.ktx2	1398592	1fbbe7e1026f8ded705a4f7ddf265d8a49197e69f798c1e678a093964a367b79	27-game-assets_textures-ktx2.zip	CC0-1.0	none required (courtesy credit in README)	https://dl.polyhaven.org/file/ph-assets/Textures/png/1k/rock_boulder_cracked/rock_boulder_cracked_diff_1k.png	rock_boulder_cracked_Diffuse_1k.png sha256:cb57c59ea319668148fb65e47eae114c9d9d8a81c5fcb877818a94743447f863 (8-bit RGBA work image sha256:6d842a04911b1015)	etcpak 0.9.15 (pip wheel: MIT wrapper over etcpak BSD-3-Clause); etcpak.compress_etc2_rgba(RGBA8, w, h) per level; own mip chain (Pillow BOX, padded to 4x4); payload wrapped by `ktx create --raw --format ETC2_R8G8B8A8_SRGB_BLOCK` (KTX-Software 4.4.2)	KTX2, VK_FORMAT_ETC2_R8G8B8A8_SRGB_BLOCK, 1024x1024, 11 levels, faces 1, KTX_SS_NONE
27-game-assets/textures-ktx2/ph_rock_diffuse_2k/ph_rock_diffuse_2k.etc2rgb.etcpak.ktx2	2796680	b9266af433c2ff473a53a238b068a1cc3f2dc420f08b66b32b3f3db85c55f72d	27-game-assets_textures-ktx2.zip	CC0-1.0	none required (courtesy credit in README)	https://dl.polyhaven.org/file/ph-assets/Textures/png/2k/rock_boulder_cracked/rock_boulder_cracked_diff_2k.png	rock_boulder_cracked_Diffuse_2k.png sha256:4cbb4b82b00f54074762f2b2fcc85d4c6b156e065adee3c1a74164fc5a0828d5 (8-bit RGBA work image sha256:d7a15dd8f19f2777)	etcpak 0.9.15 (pip wheel: MIT wrapper over etcpak BSD-3-Clause); etcpak.compress_etc2_rgb(RGBA8, w, h) per level; own mip chain (Pillow BOX, padded to 4x4); payload wrapped by `ktx create --raw --format ETC2_R8G8B8_SRGB_BLOCK` (KTX-Software 4.4.2)	KTX2, VK_FORMAT_ETC2_R8G8B8_SRGB_BLOCK, 2048x2048, 12 levels, faces 1, KTX_SS_NONE
27-game-assets/textures-ktx2/ph_rock_disp_1k/ph_rock_disp_1k.etc2rgb.etcpak.ktx2	699504	e9acbbbad8ae168e503c1c32d1c2549ff13eae22ff2c44e5f689da9432130fbc	27-game-assets_textures-ktx2.zip	CC0-1.0	none required (courtesy credit in README)	https://dl.polyhaven.org/file/ph-assets/Textures/png/1k/rock_boulder_cracked/rock_boulder_cracked_disp_1k.png	rock_boulder_cracked_Displacement_1k.png sha256:ac692236abaf9f9ec7a9e234cdb25af587a56d20f3a589ed5ea299626ca02a2f (8-bit RGBA work image sha256:d95271932c66be25)	etcpak 0.9.15 (pip wheel: MIT wrapper over etcpak BSD-3-Clause); etcpak.compress_etc2_rgb(RGBA8, w, h) per level; own mip chain (Pillow BOX, padded to 4x4); payload wrapped by `ktx create --raw --format ETC2_R8G8B8_UNORM_BLOCK` (KTX-Software 4.4.2)	KTX2, VK_FORMAT_ETC2_R8G8B8_UNORM_BLOCK, 1024x1024, 11 levels, faces 1, KTX_SS_NONE
27-game-assets/textures-ktx2/ph_rock_normal_1k/ph_rock_normal_1k.etc2rgb.etcpak.ktx2	699504	562dcf39146cabfb08f1af7af1fc7ecf79c1d3fee305cb7b642822cffc4352b1	27-game-assets_textures-ktx2.zip	CC0-1.0	none required (courtesy credit in README)	https://dl.polyhaven.org/file/ph-assets/Textures/png/1k/rock_boulder_cracked/rock_boulder_cracked_nor_gl_1k.png	rock_boulder_cracked_nor_gl_1k.png sha256:cfd4aa9e1c98a6e77cfb3918043e872abdb94bf7c2d0261f8c20f816b7c8b401 (8-bit RGBA work image sha256:42eefefce46943ca)	etcpak 0.9.15 (pip wheel: MIT wrapper over etcpak BSD-3-Clause); etcpak.compress_etc2_rgb(RGBA8, w, h) per level; own mip chain (Pillow BOX, padded to 4x4); payload wrapped by `ktx create --raw --format ETC2_R8G8B8_UNORM_BLOCK` (KTX-Software 4.4.2)	KTX2, VK_FORMAT_ETC2_R8G8B8_UNORM_BLOCK, 1024x1024, 11 levels, faces 1, KTX_SS_NONE
27-game-assets/textures-ktx2/ph_rock_normal_2k/ph_rock_normal_2k.etc2rgb.etcpak.ktx2	2796680	5fdbc5b3bb680022849c38d3920e5c8b2b59dffe877d0a57a7733264e24c1851	27-game-assets_textures-ktx2.zip	CC0-1.0	none required (courtesy credit in README)	https://dl.polyhaven.org/file/ph-assets/Textures/png/2k/rock_boulder_cracked/rock_boulder_cracked_nor_gl_2k.png	rock_boulder_cracked_nor_gl_2k.png sha256:46d354286488b5421313a2ff1948e6ab3c81778b7c1cbe332627206ee5c3b09a (8-bit RGBA work image sha256:50ef54656aa4d04f)	etcpak 0.9.15 (pip wheel: MIT wrapper over etcpak BSD-3-Clause); etcpak.compress_etc2_rgb(RGBA8, w, h) per level; own mip chain (Pillow BOX, padded to 4x4); payload wrapped by `ktx create --raw --format ETC2_R8G8B8_UNORM_BLOCK` (KTX-Software 4.4.2)	KTX2, VK_FORMAT_ETC2_R8G8B8_UNORM_BLOCK, 2048x2048, 12 levels, faces 1, KTX_SS_NONE
27-game-assets/textures-ktx2/ph_rock_rough_1k/ph_rock_rough_1k.etc2rgb.etcpak.ktx2	699504	7028815aa68b01a887dff104762d56b386721814f95d4849251df4e932df3509	27-game-assets_textures-ktx2.zip	CC0-1.0	none required (courtesy credit in README)	https://dl.polyhaven.org/file/ph-assets/Textures/png/1k/rock_boulder_cracked/rock_boulder_cracked_rough_1k.png	rock_boulder_cracked_Rough_1k.png sha256:ed6cf13f6b36a00965a856fdc69b064472b6f57257934404cbf11ac49046ee38 (8-bit RGBA work image sha256:4ed831bf1ea31c3f)	etcpak 0.9.15 (pip wheel: MIT wrapper over etcpak BSD-3-Clause); etcpak.compress_etc2_rgb(RGBA8, w, h) per level; own mip chain (Pillow BOX, padded to 4x4); payload wrapped by `ktx create --raw --format ETC2_R8G8B8_UNORM_BLOCK` (KTX-Software 4.4.2)	KTX2, VK_FORMAT_ETC2_R8G8B8_UNORM_BLOCK, 1024x1024, 11 levels, faces 1, KTX_SS_NONE
27-game-assets/textures-ktx2/ph_wood_arm_1k/ph_wood_arm_1k.etc2rgb.etcpak.ktx2	699504	37063aff19bb10f939ba38beefda80a06ceef94161879ae70314340fd02d7047	27-game-assets_textures-ktx2.zip	CC0-1.0	none required (courtesy credit in README)	https://dl.polyhaven.org/file/ph-assets/Textures/png/1k/wood_planks_grey/wood_planks_grey_arm_1k.png	wood_planks_grey_arm_1k.png sha256:9b81e9a0b4f9db0a920c4c2ce8ff13e0411b3624d4de455acdabe41e3fafe20e (8-bit RGBA work image sha256:0ee0b93ca3a8a832)	etcpak 0.9.15 (pip wheel: MIT wrapper over etcpak BSD-3-Clause); etcpak.compress_etc2_rgb(RGBA8, w, h) per level; own mip chain (Pillow BOX, padded to 4x4); payload wrapped by `ktx create --raw --format ETC2_R8G8B8_UNORM_BLOCK` (KTX-Software 4.4.2)	KTX2, VK_FORMAT_ETC2_R8G8B8_UNORM_BLOCK, 1024x1024, 11 levels, faces 1, KTX_SS_NONE
27-game-assets/textures-ktx2/ph_wood_diffuse_1k/ph_wood_diffuse_1k.astc6x6.ktx-medium.ktx2	626784	6c1d6f79e046ae163cdbf3bb4149420193d936dc4e5cfdd98d5465d90ff4d716	27-game-assets_textures-ktx2.zip	CC0-1.0	none required (courtesy credit in README)	https://dl.polyhaven.org/file/ph-assets/Textures/png/1k/wood_planks_grey/wood_planks_grey_diff_1k.png	wood_planks_grey_Diffuse_1k.png sha256:3e6aeb842edd813759fdc96a6ffe6b695c888280f42501de589442311749ac5d (8-bit RGBA work image sha256:88a5abb01bac4bce)	KTX-Software ktx 4.4.2 (Apache-2.0); ktx create --format ASTC_6x6_SRGB_BLOCK --astc-quality medium --generate-mipmap --threads 4 (library astcenc, lanczos4 mips)	KTX2, VK_FORMAT_ASTC_6x6_SRGB_BLOCK, 1024x1024, 11 levels, faces 1, KTX_SS_NONE
27-game-assets/textures-ktx2/ph_wood_diffuse_1k/ph_wood_diffuse_1k.etc2rgb.etcpak.ktx2	699504	6d7e869f759c3fb1bba1147dee2beb4aa96efa6a0a81b60eff902bdcf5cb414b	27-game-assets_textures-ktx2.zip	CC0-1.0	none required (courtesy credit in README)	https://dl.polyhaven.org/file/ph-assets/Textures/png/1k/wood_planks_grey/wood_planks_grey_diff_1k.png	wood_planks_grey_Diffuse_1k.png sha256:3e6aeb842edd813759fdc96a6ffe6b695c888280f42501de589442311749ac5d (8-bit RGBA work image sha256:88a5abb01bac4bce)	etcpak 0.9.15 (pip wheel: MIT wrapper over etcpak BSD-3-Clause); etcpak.compress_etc2_rgb(RGBA8, w, h) per level; own mip chain (Pillow BOX, padded to 4x4); payload wrapped by `ktx create --raw --format ETC2_R8G8B8_SRGB_BLOCK` (KTX-Software 4.4.2)	KTX2, VK_FORMAT_ETC2_R8G8B8_SRGB_BLOCK, 1024x1024, 11 levels, faces 1, KTX_SS_NONE
27-game-assets/textures-ktx2/ph_wood_diffuse_1k/ph_wood_diffuse_1k.etc2rgba.etcpak.ktx2	1398592	d89a2229bf93dad71eec5e9c30a2bc066a3a3c367ef48332d3f3dd88ae40d81f	27-game-assets_textures-ktx2.zip	CC0-1.0	none required (courtesy credit in README)	https://dl.polyhaven.org/file/ph-assets/Textures/png/1k/wood_planks_grey/wood_planks_grey_diff_1k.png	wood_planks_grey_Diffuse_1k.png sha256:3e6aeb842edd813759fdc96a6ffe6b695c888280f42501de589442311749ac5d (8-bit RGBA work image sha256:88a5abb01bac4bce)	etcpak 0.9.15 (pip wheel: MIT wrapper over etcpak BSD-3-Clause); etcpak.compress_etc2_rgba(RGBA8, w, h) per level; own mip chain (Pillow BOX, padded to 4x4); payload wrapped by `ktx create --raw --format ETC2_R8G8B8A8_SRGB_BLOCK` (KTX-Software 4.4.2)	KTX2, VK_FORMAT_ETC2_R8G8B8A8_SRGB_BLOCK, 1024x1024, 11 levels, faces 1, KTX_SS_NONE
27-game-assets/textures-ktx2/ph_wood_diffuse_2k/ph_wood_diffuse_2k.etc2rgb.etcpak.ktx2	2796680	61206f2b1a1115d29fb7f4b9e377037e85d23b4fa19fc53f606181617d188f8b	27-game-assets_textures-ktx2.zip	CC0-1.0	none required (courtesy credit in README)	https://dl.polyhaven.org/file/ph-assets/Textures/png/2k/wood_planks_grey/wood_planks_grey_diff_2k.png	wood_planks_grey_Diffuse_2k.png sha256:e0a6dfa443835f22a2e8a9475f25ca33e3e1ff8bde74b0b1e148050e7d7225a5 (8-bit RGBA work image sha256:d220ddb18008c9a1)	etcpak 0.9.15 (pip wheel: MIT wrapper over etcpak BSD-3-Clause); etcpak.compress_etc2_rgb(RGBA8, w, h) per level; own mip chain (Pillow BOX, padded to 4x4); payload wrapped by `ktx create --raw --format ETC2_R8G8B8_SRGB_BLOCK` (KTX-Software 4.4.2)	KTX2, VK_FORMAT_ETC2_R8G8B8_SRGB_BLOCK, 2048x2048, 12 levels, faces 1, KTX_SS_NONE
27-game-assets/textures-ktx2/ph_wood_normal_1k/ph_wood_normal_1k.etc2rgb.etcpak.ktx2	699504	a79e6d73fb051e2dcc0a1d2786fa4b75c0686f7dec8b96286d1796a012e43bba	27-game-assets_textures-ktx2.zip	CC0-1.0	none required (courtesy credit in README)	https://dl.polyhaven.org/file/ph-assets/Textures/png/1k/wood_planks_grey/wood_planks_grey_nor_gl_1k.png	wood_planks_grey_nor_gl_1k.png sha256:a9f2ad602eca2d59e84f203b1087e819e62ae517532bb25f7eb02a13c826e08b (8-bit RGBA work image sha256:bbf2d85fe2c26ca2)	etcpak 0.9.15 (pip wheel: MIT wrapper over etcpak BSD-3-Clause); etcpak.compress_etc2_rgb(RGBA8, w, h) per level; own mip chain (Pillow BOX, padded to 4x4); payload wrapped by `ktx create --raw --format ETC2_R8G8B8_UNORM_BLOCK` (KTX-Software 4.4.2)	KTX2, VK_FORMAT_ETC2_R8G8B8_UNORM_BLOCK, 1024x1024, 11 levels, faces 1, KTX_SS_NONE
27-game-assets/textures-ktx2/ph_wood_normal_2k/ph_wood_normal_2k.etc2rgb.etcpak.ktx2	2796680	4e44d300d6a160ee07aaf50f2880802f6c77e9648eea8b12c6b0dbb69f56c390	27-game-assets_textures-ktx2.zip	CC0-1.0	none required (courtesy credit in README)	https://dl.polyhaven.org/file/ph-assets/Textures/png/2k/wood_planks_grey/wood_planks_grey_nor_gl_2k.png	wood_planks_grey_nor_gl_2k.png sha256:c8cc509c74efa77bf9e2f09002b32dbf0cb12913494c664070d599a182fbcaf0 (8-bit RGBA work image sha256:91b1f6fc9bf06e7f)	etcpak 0.9.15 (pip wheel: MIT wrapper over etcpak BSD-3-Clause); etcpak.compress_etc2_rgb(RGBA8, w, h) per level; own mip chain (Pillow BOX, padded to 4x4); payload wrapped by `ktx create --raw --format ETC2_R8G8B8_UNORM_BLOCK` (KTX-Software 4.4.2)	KTX2, VK_FORMAT_ETC2_R8G8B8_UNORM_BLOCK, 2048x2048, 12 levels, faces 1, KTX_SS_NONE
27-game-assets/textures-ktx2/ui_atlas/ui_atlas.etc2rgb.etcpak.ktx2	2796680	22d2bab1162245fc44fe0c072c2013ec55e4ec41c80280a199f304f8b94f1e93	27-game-assets_textures-ktx2.zip	CC0-1.0	none required (courtesy credit in README)	https://kenney.nl/assets/ui-pack	kenney_ui-pack.zip sha256:a8a14a234911eb648c062622915c93e79e94e97cb7f9f375a70f6617f1174318 (129 PNG sprites shelf-packed into one 2048x2048 RGBA sheet; work image sha256:cb313b64f1f8b814)	etcpak 0.9.15 (pip wheel: MIT wrapper over etcpak BSD-3-Clause); etcpak.compress_etc2_rgb(RGBA8, w, h) per level; own mip chain (Pillow BOX, padded to 4x4); payload wrapped by `ktx create --raw --format ETC2_R8G8B8_SRGB_BLOCK` (KTX-Software 4.4.2)	KTX2, VK_FORMAT_ETC2_R8G8B8_SRGB_BLOCK, 2048x2048, 12 levels, faces 1, KTX_SS_NONE
27-game-assets/wrappers/noise_detail/noise_detail.astc6x6.ktx-medium.none.ktx2	626784	1cf0b5d54347c709d02eafff9bcfccae9b27ab4630f28c31681e0ad34d0da47e	27-game-assets_wrappers.zip	CC0-1.0	none required (courtesy credit in README)		generated: numpy fBm value noise 1024x1024 RGB, seed 20261001 (work image sha256:54d279a95e89ab07)	KTX-Software ktx 4.4.2 (Apache-2.0); ktx create --assign-tf linear --format ASTC_6x6_UNORM_BLOCK --astc-quality medium --generate-mipmap	KTX2, VK_FORMAT_ASTC_6x6_UNORM_BLOCK, 1024x1024, 11 levels, faces 1, KTX_SS_NONE
27-game-assets/wrappers/noise_detail/noise_detail.astc6x6.ktx-medium.zstd19.ktx2	518455	134a0e5c2c92c8b0bfc191022b26258c132e903b619ed8b21225d42c5d994a41	27-game-assets_wrappers.zip	CC0-1.0	none required (courtesy credit in README)		generated: numpy fBm value noise 1024x1024 RGB, seed 20261001 (work image sha256:54d279a95e89ab07)	KTX-Software ktx 4.4.2 (Apache-2.0); ktx create --assign-tf linear --format ASTC_6x6_UNORM_BLOCK --astc-quality medium --generate-mipmap --zstd 19	KTX2, VK_FORMAT_ASTC_6x6_UNORM_BLOCK, 1024x1024, 11 levels, faces 1, KTX_SS_ZSTD
27-game-assets/wrappers/noise_detail/noise_detail.astc6x6.ktx-medium.zstd5.ktx2	545303	bcccd21bae415d693fec12d55ebd41bcf250fe5bb1494862bc4c99fbbdaa5646	27-game-assets_wrappers.zip	CC0-1.0	none required (courtesy credit in README)		generated: numpy fBm value noise 1024x1024 RGB, seed 20261001 (work image sha256:54d279a95e89ab07)	KTX-Software ktx 4.4.2 (Apache-2.0); ktx create --assign-tf linear --format ASTC_6x6_UNORM_BLOCK --astc-quality medium --generate-mipmap --zstd 5	KTX2, VK_FORMAT_ASTC_6x6_UNORM_BLOCK, 1024x1024, 11 levels, faces 1, KTX_SS_ZSTD
27-game-assets/wrappers/noise_detail/noise_detail.basislz.c1q128.none.ktx2	112032	cbc499cec8e703f30c0e314ad5e139cbc07d18c69107e1d7adad4af9e60227a6	27-game-assets_wrappers.zip	CC0-1.0	none required (courtesy credit in README)		generated: numpy fBm value noise 1024x1024 RGB, seed 20261001 (work image sha256:54d279a95e89ab07)	KTX-Software ktx 4.4.2 (Apache-2.0); ktx create --assign-tf linear --format R8G8B8A8_UNORM --encode basis-lz --clevel 1 --qlevel 128 --generate-mipmap	KTX2, VK_FORMAT_UNDEFINED, 1024x1024, 11 levels, faces 1, KTX_SS_BASIS_LZ
27-game-assets/wrappers/noise_detail/noise_detail.bc7.bc7enc-u4.none.ktx2	1398576	4176eacfb7b400750b7c8b4b6680543644e180fb2d7f0bcb7f8d6eeee7e11df9	27-game-assets_wrappers.zip	CC0-1.0	none required (courtesy credit in README)		generated: numpy fBm value noise 1024x1024 RGB, seed 20261001 (work image sha256:54d279a95e89ab07)	KTX-Software ktx 4.4.2 (Apache-2.0); ktx create --assign-tf linear --raw --format BC7_UNORM_BLOCK (BC7 level payloads written by bc7enc_rdo -C -u4)	KTX2, VK_FORMAT_BC7_UNORM_BLOCK, 1024x1024, 11 levels, faces 1, KTX_SS_NONE
27-game-assets/wrappers/noise_detail/noise_detail.bc7.bc7enc-u4.zstd19.ktx2	1180251	1c44a1e5c539c6525c2721075f694f47fb014619a5fac05dfdadceaabb248f96	27-game-assets_wrappers.zip	CC0-1.0	none required (courtesy credit in README)		generated: numpy fBm value noise 1024x1024 RGB, seed 20261001 (work image sha256:54d279a95e89ab07)	KTX-Software ktx 4.4.2 (Apache-2.0); ktx create --assign-tf linear --raw --format BC7_UNORM_BLOCK (BC7 level payloads written by bc7enc_rdo -C -u4) --zstd 19	KTX2, VK_FORMAT_BC7_UNORM_BLOCK, 1024x1024, 11 levels, faces 1, KTX_SS_ZSTD
27-game-assets/wrappers/noise_detail/noise_detail.bc7.bc7enc-u4.zstd5.ktx2	1278288	75712211e0385807cc1b7f320fd223b8655640e242c08f81214de3b2d3d6f055	27-game-assets_wrappers.zip	CC0-1.0	none required (courtesy credit in README)		generated: numpy fBm value noise 1024x1024 RGB, seed 20261001 (work image sha256:54d279a95e89ab07)	KTX-Software ktx 4.4.2 (Apache-2.0); ktx create --assign-tf linear --raw --format BC7_UNORM_BLOCK (BC7 level payloads written by bc7enc_rdo -C -u4) --zstd 5	KTX2, VK_FORMAT_BC7_UNORM_BLOCK, 1024x1024, 11 levels, faces 1, KTX_SS_ZSTD
27-game-assets/wrappers/noise_detail/noise_detail.rgba8.none.ktx2	5592924	e25d0dd3e2a4f032a43f3c9034ace7f17ec73686a787bd8c0f9ff9e36b15452e	27-game-assets_wrappers.zip	CC0-1.0	none required (courtesy credit in README)		generated: numpy fBm value noise 1024x1024 RGB, seed 20261001 (work image sha256:54d279a95e89ab07)	KTX-Software ktx 4.4.2 (Apache-2.0); ktx create --assign-tf linear --format R8G8B8A8_UNORM --generate-mipmap	KTX2, VK_FORMAT_R8G8B8A8_UNORM, 1024x1024, 11 levels, faces 1, KTX_SS_NONE
27-game-assets/wrappers/noise_detail/noise_detail.rgba8.zstd19.ktx2	2875576	ca8738cb937e3bed3d5b88cfeac81a8038753f7c59aecb679c4954611da24c33	27-game-assets_wrappers.zip	CC0-1.0	none required (courtesy credit in README)		generated: numpy fBm value noise 1024x1024 RGB, seed 20261001 (work image sha256:54d279a95e89ab07)	KTX-Software ktx 4.4.2 (Apache-2.0); ktx create --assign-tf linear --format R8G8B8A8_UNORM --generate-mipmap --zstd 19	KTX2, VK_FORMAT_R8G8B8A8_UNORM, 1024x1024, 11 levels, faces 1, KTX_SS_ZSTD
27-game-assets/wrappers/noise_detail/noise_detail.rgba8.zstd5.ktx2	3552041	253704cb8bbd37c1ac8cd74de8ba1d93530de8aa513c8c2f2cc7f57e1614eb9e	27-game-assets_wrappers.zip	CC0-1.0	none required (courtesy credit in README)		generated: numpy fBm value noise 1024x1024 RGB, seed 20261001 (work image sha256:54d279a95e89ab07)	KTX-Software ktx 4.4.2 (Apache-2.0); ktx create --assign-tf linear --format R8G8B8A8_UNORM --generate-mipmap --zstd 5	KTX2, VK_FORMAT_R8G8B8A8_UNORM, 1024x1024, 11 levels, faces 1, KTX_SS_ZSTD
27-game-assets/wrappers/noise_detail/noise_detail.uastc.q2-rdo1.none.ktx2	1398656	7336ebfafccfa75e6a6a0150c592762d3ef9af4c9cd4f3d5b2ca0385696c7643	27-game-assets_wrappers.zip	CC0-1.0	none required (courtesy credit in README)		generated: numpy fBm value noise 1024x1024 RGB, seed 20261001 (work image sha256:54d279a95e89ab07)	KTX-Software ktx 4.4.2 (Apache-2.0); ktx create --assign-tf linear --format R8G8B8A8_UNORM --encode uastc --uastc-quality 2 --uastc-rdo --uastc-rdo-l 1.0 --generate-mipmap	KTX2, VK_FORMAT_UNDEFINED, 1024x1024, 11 levels, faces 1, KTX_SS_NONE
27-game-assets/wrappers/noise_detail/noise_detail.uastc.q2-rdo1.zstd5.ktx2	715268	99a8478312a0aa928f4c6d1625feb9c383f8339b25cfadfee5265f786379e7ea	27-game-assets_wrappers.zip	CC0-1.0	none required (courtesy credit in README)		generated: numpy fBm value noise 1024x1024 RGB, seed 20261001 (work image sha256:54d279a95e89ab07)	KTX-Software ktx 4.4.2 (Apache-2.0); ktx create --assign-tf linear --format R8G8B8A8_UNORM --encode uastc --uastc-quality 2 --uastc-rdo --uastc-rdo-l 1.0 --generate-mipmap --zstd 5	KTX2, VK_FORMAT_UNDEFINED, 1024x1024, 11 levels, faces 1, KTX_SS_ZSTD
27-game-assets/wrappers/noise_detail/noise_detail.uastc.q2.none.ktx2	1398624	dc4ecb828e8ca8c2206164bb22d6207d71118b12c4b16b21ed72693502099e00	27-game-assets_wrappers.zip	CC0-1.0	none required (courtesy credit in README)		generated: numpy fBm value noise 1024x1024 RGB, seed 20261001 (work image sha256:54d279a95e89ab07)	KTX-Software ktx 4.4.2 (Apache-2.0); ktx create --assign-tf linear --format R8G8B8A8_UNORM --encode uastc --uastc-quality 2 --generate-mipmap	KTX2, VK_FORMAT_UNDEFINED, 1024x1024, 11 levels, faces 1, KTX_SS_NONE
27-game-assets/wrappers/noise_detail/noise_detail.uastc.q2.zstd19.ktx2	1175521	fb7f217e25d943dd7f35400401caf9365d66abcae0f72177c1b2259bc3526fbb	27-game-assets_wrappers.zip	CC0-1.0	none required (courtesy credit in README)		generated: numpy fBm value noise 1024x1024 RGB, seed 20261001 (work image sha256:54d279a95e89ab07)	KTX-Software ktx 4.4.2 (Apache-2.0); ktx create --assign-tf linear --format R8G8B8A8_UNORM --encode uastc --uastc-quality 2 --generate-mipmap --zstd 19	KTX2, VK_FORMAT_UNDEFINED, 1024x1024, 11 levels, faces 1, KTX_SS_ZSTD
27-game-assets/wrappers/noise_detail/noise_detail.uastc.q2.zstd5.ktx2	1263879	f6b06f4f54438d6b2814a3a4d674e67024fe1ec3f6cce42de75c20ba04d8b81a	27-game-assets_wrappers.zip	CC0-1.0	none required (courtesy credit in README)		generated: numpy fBm value noise 1024x1024 RGB, seed 20261001 (work image sha256:54d279a95e89ab07)	KTX-Software ktx 4.4.2 (Apache-2.0); ktx create --assign-tf linear --format R8G8B8A8_UNORM --encode uastc --uastc-quality 2 --generate-mipmap --zstd 5	KTX2, VK_FORMAT_UNDEFINED, 1024x1024, 11 levels, faces 1, KTX_SS_ZSTD
27-game-assets/wrappers/ph_brick_diffuse_1k/ph_brick_diffuse_1k.astc6x6.ktx-medium.none.ktx2	626784	770cec0affe4587eec51a67ee2e0714c2b361efbf698c681f7cad658b32b5742	27-game-assets_wrappers.zip	CC0-1.0	none required (courtesy credit in README)	https://dl.polyhaven.org/file/ph-assets/Textures/png/1k/brick_wall_005/brick_wall_005_diff_1k.png	brick_wall_005_Diffuse_1k.png sha256:2523a2c48e97ed9bfddb0f977b693afe7aa675da8c7a43ae77e8237e14ec7725 (8-bit RGBA work image sha256:00f00ec18188edb6)	KTX-Software ktx 4.4.2 (Apache-2.0); ktx create --format ASTC_6x6_SRGB_BLOCK --astc-quality medium --generate-mipmap	KTX2, VK_FORMAT_ASTC_6x6_SRGB_BLOCK, 1024x1024, 11 levels, faces 1, KTX_SS_NONE
27-game-assets/wrappers/ph_brick_diffuse_1k/ph_brick_diffuse_1k.astc6x6.ktx-medium.zstd19.ktx2	605462	6145d0a008893331b37158be0dda0a3898ff7c92b0d4547b773e5de1749f13bd	27-game-assets_wrappers.zip	CC0-1.0	none required (courtesy credit in README)	https://dl.polyhaven.org/file/ph-assets/Textures/png/1k/brick_wall_005/brick_wall_005_diff_1k.png	brick_wall_005_Diffuse_1k.png sha256:2523a2c48e97ed9bfddb0f977b693afe7aa675da8c7a43ae77e8237e14ec7725 (8-bit RGBA work image sha256:00f00ec18188edb6)	KTX-Software ktx 4.4.2 (Apache-2.0); ktx create --format ASTC_6x6_SRGB_BLOCK --astc-quality medium --generate-mipmap --zstd 19	KTX2, VK_FORMAT_ASTC_6x6_SRGB_BLOCK, 1024x1024, 11 levels, faces 1, KTX_SS_ZSTD
27-game-assets/wrappers/ph_brick_diffuse_1k/ph_brick_diffuse_1k.astc6x6.ktx-medium.zstd5.ktx2	626910	adc91af8cb15a56bab23222defc408ab281bb89cf368897fa149f602023b810a	27-game-assets_wrappers.zip	CC0-1.0	none required (courtesy credit in README)	https://dl.polyhaven.org/file/ph-assets/Textures/png/1k/brick_wall_005/brick_wall_005_diff_1k.png	brick_wall_005_Diffuse_1k.png sha256:2523a2c48e97ed9bfddb0f977b693afe7aa675da8c7a43ae77e8237e14ec7725 (8-bit RGBA work image sha256:00f00ec18188edb6)	KTX-Software ktx 4.4.2 (Apache-2.0); ktx create --format ASTC_6x6_SRGB_BLOCK --astc-quality medium --generate-mipmap --zstd 5	KTX2, VK_FORMAT_ASTC_6x6_SRGB_BLOCK, 1024x1024, 11 levels, faces 1, KTX_SS_ZSTD
27-game-assets/wrappers/ph_brick_diffuse_1k/ph_brick_diffuse_1k.basislz.c1q128.none.ktx2	195180	019fd324e2253f9df2df65c9fbe0b165f3c565f927d7866d26fb477189f15312	27-game-assets_wrappers.zip	CC0-1.0	none required (courtesy credit in README)	https://dl.polyhaven.org/file/ph-assets/Textures/png/1k/brick_wall_005/brick_wall_005_diff_1k.png	brick_wall_005_Diffuse_1k.png sha256:2523a2c48e97ed9bfddb0f977b693afe7aa675da8c7a43ae77e8237e14ec7725 (8-bit RGBA work image sha256:00f00ec18188edb6)	KTX-Software ktx 4.4.2 (Apache-2.0); ktx create --format R8G8B8A8_SRGB --encode basis-lz --clevel 1 --qlevel 128 --generate-mipmap	KTX2, VK_FORMAT_UNDEFINED, 1024x1024, 11 levels, faces 1, KTX_SS_BASIS_LZ
27-game-assets/wrappers/ph_brick_diffuse_1k/ph_brick_diffuse_1k.bc7.bc7enc-u4.none.ktx2	1398576	34e1907b0fc15de9e9a268658641d39d6dc107083163f44e036e25b043a967eb	27-game-assets_wrappers.zip	CC0-1.0	none required (courtesy credit in README)	https://dl.polyhaven.org/file/ph-assets/Textures/png/1k/brick_wall_005/brick_wall_005_diff_1k.png	brick_wall_005_Diffuse_1k.png sha256:2523a2c48e97ed9bfddb0f977b693afe7aa675da8c7a43ae77e8237e14ec7725 (8-bit RGBA work image sha256:00f00ec18188edb6)	KTX-Software ktx 4.4.2 (Apache-2.0); ktx create --raw --format BC7_SRGB_BLOCK (BC7 level payloads written by bc7enc_rdo -C -u4)	KTX2, VK_FORMAT_BC7_SRGB_BLOCK, 1024x1024, 11 levels, faces 1, KTX_SS_NONE
27-game-assets/wrappers/ph_brick_diffuse_1k/ph_brick_diffuse_1k.bc7.bc7enc-u4.zstd19.ktx2	1355212	f55d9e6d4a150b5c4c986fcfaf780d25fd7a89c0283cec504452a32d6890f241	27-game-assets_wrappers.zip	CC0-1.0	none required (courtesy credit in README)	https://dl.polyhaven.org/file/ph-assets/Textures/png/1k/brick_wall_005/brick_wall_005_diff_1k.png	brick_wall_005_Diffuse_1k.png sha256:2523a2c48e97ed9bfddb0f977b693afe7aa675da8c7a43ae77e8237e14ec7725 (8-bit RGBA work image sha256:00f00ec18188edb6)	KTX-Software ktx 4.4.2 (Apache-2.0); ktx create --raw --format BC7_SRGB_BLOCK (BC7 level payloads written by bc7enc_rdo -C -u4) --zstd 19	KTX2, VK_FORMAT_BC7_SRGB_BLOCK, 1024x1024, 11 levels, faces 1, KTX_SS_ZSTD
27-game-assets/wrappers/ph_brick_diffuse_1k/ph_brick_diffuse_1k.bc7.bc7enc-u4.zstd5.ktx2	1392233	1a7b787fd2777ac323ebb28a6da4e7de3de338a13d531c2a66423378309030a9	27-game-assets_wrappers.zip	CC0-1.0	none required (courtesy credit in README)	https://dl.polyhaven.org/file/ph-assets/Textures/png/1k/brick_wall_005/brick_wall_005_diff_1k.png	brick_wall_005_Diffuse_1k.png sha256:2523a2c48e97ed9bfddb0f977b693afe7aa675da8c7a43ae77e8237e14ec7725 (8-bit RGBA work image sha256:00f00ec18188edb6)	KTX-Software ktx 4.4.2 (Apache-2.0); ktx create --raw --format BC7_SRGB_BLOCK (BC7 level payloads written by bc7enc_rdo -C -u4) --zstd 5	KTX2, VK_FORMAT_BC7_SRGB_BLOCK, 1024x1024, 11 levels, faces 1, KTX_SS_ZSTD
27-game-assets/wrappers/ph_brick_diffuse_1k/ph_brick_diffuse_1k.rgba8.none.ktx2	5592924	a83f5a038511ea9982464f563c745cb9ee15efabab3eaf6c052e03bc11d5de35	27-game-assets_wrappers.zip	CC0-1.0	none required (courtesy credit in README)	https://dl.polyhaven.org/file/ph-assets/Textures/png/1k/brick_wall_005/brick_wall_005_diff_1k.png	brick_wall_005_Diffuse_1k.png sha256:2523a2c48e97ed9bfddb0f977b693afe7aa675da8c7a43ae77e8237e14ec7725 (8-bit RGBA work image sha256:00f00ec18188edb6)	KTX-Software ktx 4.4.2 (Apache-2.0); ktx create --format R8G8B8A8_SRGB --generate-mipmap	KTX2, VK_FORMAT_R8G8B8A8_SRGB, 1024x1024, 11 levels, faces 1, KTX_SS_NONE
27-game-assets/wrappers/ph_brick_diffuse_1k/ph_brick_diffuse_1k.rgba8.zstd19.ktx2	3477305	0cb10d59163dc04860715af08f60ffa5305803dd6d7031eb7172031b1a8faf28	27-game-assets_wrappers.zip	CC0-1.0	none required (courtesy credit in README)	https://dl.polyhaven.org/file/ph-assets/Textures/png/1k/brick_wall_005/brick_wall_005_diff_1k.png	brick_wall_005_Diffuse_1k.png sha256:2523a2c48e97ed9bfddb0f977b693afe7aa675da8c7a43ae77e8237e14ec7725 (8-bit RGBA work image sha256:00f00ec18188edb6)	KTX-Software ktx 4.4.2 (Apache-2.0); ktx create --format R8G8B8A8_SRGB --generate-mipmap --zstd 19	KTX2, VK_FORMAT_R8G8B8A8_SRGB, 1024x1024, 11 levels, faces 1, KTX_SS_ZSTD
27-game-assets/wrappers/ph_brick_diffuse_1k/ph_brick_diffuse_1k.rgba8.zstd5.ktx2	3730769	00fffe9f928a8722c552be4b5b2c664fd02be7cb4c6c49e660d004503022d8de	27-game-assets_wrappers.zip	CC0-1.0	none required (courtesy credit in README)	https://dl.polyhaven.org/file/ph-assets/Textures/png/1k/brick_wall_005/brick_wall_005_diff_1k.png	brick_wall_005_Diffuse_1k.png sha256:2523a2c48e97ed9bfddb0f977b693afe7aa675da8c7a43ae77e8237e14ec7725 (8-bit RGBA work image sha256:00f00ec18188edb6)	KTX-Software ktx 4.4.2 (Apache-2.0); ktx create --format R8G8B8A8_SRGB --generate-mipmap --zstd 5	KTX2, VK_FORMAT_R8G8B8A8_SRGB, 1024x1024, 11 levels, faces 1, KTX_SS_ZSTD
27-game-assets/wrappers/ph_brick_diffuse_1k/ph_brick_diffuse_1k.uastc.q2-rdo1.none.ktx2	1398656	ab3c3a03c8cfb1e7038eefdce33680e0fbfcbc04877697f07eddd527cad39365	27-game-assets_wrappers.zip	CC0-1.0	none required (courtesy credit in README)	https://dl.polyhaven.org/file/ph-assets/Textures/png/1k/brick_wall_005/brick_wall_005_diff_1k.png	brick_wall_005_Diffuse_1k.png sha256:2523a2c48e97ed9bfddb0f977b693afe7aa675da8c7a43ae77e8237e14ec7725 (8-bit RGBA work image sha256:00f00ec18188edb6)	KTX-Software ktx 4.4.2 (Apache-2.0); ktx create --format R8G8B8A8_SRGB --encode uastc --uastc-quality 2 --uastc-rdo --uastc-rdo-l 1.0 --generate-mipmap	KTX2, VK_FORMAT_UNDEFINED, 1024x1024, 11 levels, faces 1, KTX_SS_NONE
27-game-assets/wrappers/ph_brick_diffuse_1k/ph_brick_diffuse_1k.uastc.q2-rdo1.zstd5.ktx2	1300466	c22e99a2f9f4c35ff2e971b652a2186acfbe022f042e08890a61ea8d4663f70d	27-game-assets_wrappers.zip	CC0-1.0	none required (courtesy credit in README)	https://dl.polyhaven.org/file/ph-assets/Textures/png/1k/brick_wall_005/brick_wall_005_diff_1k.png	brick_wall_005_Diffuse_1k.png sha256:2523a2c48e97ed9bfddb0f977b693afe7aa675da8c7a43ae77e8237e14ec7725 (8-bit RGBA work image sha256:00f00ec18188edb6)	KTX-Software ktx 4.4.2 (Apache-2.0); ktx create --format R8G8B8A8_SRGB --encode uastc --uastc-quality 2 --uastc-rdo --uastc-rdo-l 1.0 --generate-mipmap --zstd 5	KTX2, VK_FORMAT_UNDEFINED, 1024x1024, 11 levels, faces 1, KTX_SS_ZSTD
27-game-assets/wrappers/ph_brick_diffuse_1k/ph_brick_diffuse_1k.uastc.q2.none.ktx2	1398624	f5ed9c49b61f860e0fda7882072725af6377f244da75c494b9c2a56a58c4bb4a	27-game-assets_wrappers.zip	CC0-1.0	none required (courtesy credit in README)	https://dl.polyhaven.org/file/ph-assets/Textures/png/1k/brick_wall_005/brick_wall_005_diff_1k.png	brick_wall_005_Diffuse_1k.png sha256:2523a2c48e97ed9bfddb0f977b693afe7aa675da8c7a43ae77e8237e14ec7725 (8-bit RGBA work image sha256:00f00ec18188edb6)	KTX-Software ktx 4.4.2 (Apache-2.0); ktx create --format R8G8B8A8_SRGB --encode uastc --uastc-quality 2 --generate-mipmap	KTX2, VK_FORMAT_UNDEFINED, 1024x1024, 11 levels, faces 1, KTX_SS_NONE
27-game-assets/wrappers/ph_brick_diffuse_1k/ph_brick_diffuse_1k.uastc.q2.zstd19.ktx2	1305177	e612966394dce9deb59ff1c2a1a556c02582b6cb2b7f76eac42055b66ff63ae6	27-game-assets_wrappers.zip	CC0-1.0	none required (courtesy credit in README)	https://dl.polyhaven.org/file/ph-assets/Textures/png/1k/brick_wall_005/brick_wall_005_diff_1k.png	brick_wall_005_Diffuse_1k.png sha256:2523a2c48e97ed9bfddb0f977b693afe7aa675da8c7a43ae77e8237e14ec7725 (8-bit RGBA work image sha256:00f00ec18188edb6)	KTX-Software ktx 4.4.2 (Apache-2.0); ktx create --format R8G8B8A8_SRGB --encode uastc --uastc-quality 2 --generate-mipmap --zstd 19	KTX2, VK_FORMAT_UNDEFINED, 1024x1024, 11 levels, faces 1, KTX_SS_ZSTD
27-game-assets/wrappers/ph_brick_diffuse_1k/ph_brick_diffuse_1k.uastc.q2.zstd5.ktx2	1357773	d1e9e7a630942db67931efc1ba28609b5906d0ef713961bde53a659a7e440334	27-game-assets_wrappers.zip	CC0-1.0	none required (courtesy credit in README)	https://dl.polyhaven.org/file/ph-assets/Textures/png/1k/brick_wall_005/brick_wall_005_diff_1k.png	brick_wall_005_Diffuse_1k.png sha256:2523a2c48e97ed9bfddb0f977b693afe7aa675da8c7a43ae77e8237e14ec7725 (8-bit RGBA work image sha256:00f00ec18188edb6)	KTX-Software ktx 4.4.2 (Apache-2.0); ktx create --format R8G8B8A8_SRGB --encode uastc --uastc-quality 2 --generate-mipmap --zstd 5	KTX2, VK_FORMAT_UNDEFINED, 1024x1024, 11 levels, faces 1, KTX_SS_ZSTD
27-game-assets/wrappers/ph_rock_normal_1k/ph_rock_normal_1k.astc6x6.ktx-medium.none.ktx2	626784	d3f4b3126e45a98f83c4b5fdfbfc2bab4a534e52d2eaf65049662c74ce2339a6	27-game-assets_wrappers.zip	CC0-1.0	none required (courtesy credit in README)	https://dl.polyhaven.org/file/ph-assets/Textures/png/1k/rock_boulder_cracked/rock_boulder_cracked_nor_gl_1k.png	rock_boulder_cracked_nor_gl_1k.png sha256:cfd4aa9e1c98a6e77cfb3918043e872abdb94bf7c2d0261f8c20f816b7c8b401 (8-bit RGBA work image sha256:42eefefce46943ca)	KTX-Software ktx 4.4.2 (Apache-2.0); ktx create --assign-tf linear --format ASTC_6x6_UNORM_BLOCK --astc-quality medium --generate-mipmap	KTX2, VK_FORMAT_ASTC_6x6_UNORM_BLOCK, 1024x1024, 11 levels, faces 1, KTX_SS_NONE
27-game-assets/wrappers/ph_rock_normal_1k/ph_rock_normal_1k.astc6x6.ktx-medium.zstd19.ktx2	589608	39f1c59f90e469323a7957e73cec55778b3a1c20cb6c278f787325e7c889e108	27-game-assets_wrappers.zip	CC0-1.0	none required (courtesy credit in README)	https://dl.polyhaven.org/file/ph-assets/Textures/png/1k/rock_boulder_cracked/rock_boulder_cracked_nor_gl_1k.png	rock_boulder_cracked_nor_gl_1k.png sha256:cfd4aa9e1c98a6e77cfb3918043e872abdb94bf7c2d0261f8c20f816b7c8b401 (8-bit RGBA work image sha256:42eefefce46943ca)	KTX-Software ktx 4.4.2 (Apache-2.0); ktx create --assign-tf linear --format ASTC_6x6_UNORM_BLOCK --astc-quality medium --generate-mipmap --zstd 19	KTX2, VK_FORMAT_ASTC_6x6_UNORM_BLOCK, 1024x1024, 11 levels, faces 1, KTX_SS_ZSTD
27-game-assets/wrappers/ph_rock_normal_1k/ph_rock_normal_1k.astc6x6.ktx-medium.zstd5.ktx2	610944	778d526d3653454114127c4d105b39db04e301e58153ef50a6e30adc727fd2cb	27-game-assets_wrappers.zip	CC0-1.0	none required (courtesy credit in README)	https://dl.polyhaven.org/file/ph-assets/Textures/png/1k/rock_boulder_cracked/rock_boulder_cracked_nor_gl_1k.png	rock_boulder_cracked_nor_gl_1k.png sha256:cfd4aa9e1c98a6e77cfb3918043e872abdb94bf7c2d0261f8c20f816b7c8b401 (8-bit RGBA work image sha256:42eefefce46943ca)	KTX-Software ktx 4.4.2 (Apache-2.0); ktx create --assign-tf linear --format ASTC_6x6_UNORM_BLOCK --astc-quality medium --generate-mipmap --zstd 5	KTX2, VK_FORMAT_ASTC_6x6_UNORM_BLOCK, 1024x1024, 11 levels, faces 1, KTX_SS_ZSTD
27-game-assets/wrappers/ph_rock_normal_1k/ph_rock_normal_1k.basislz.c1q128.none.ktx2	378370	44e8f7b6a2399ceb4f0a2d61e8100ce5d01ff10e8f42a1ec64bdc67f871e57bc	27-game-assets_wrappers.zip	CC0-1.0	none required (courtesy credit in README)	https://dl.polyhaven.org/file/ph-assets/Textures/png/1k/rock_boulder_cracked/rock_boulder_cracked_nor_gl_1k.png	rock_boulder_cracked_nor_gl_1k.png sha256:cfd4aa9e1c98a6e77cfb3918043e872abdb94bf7c2d0261f8c20f816b7c8b401 (8-bit RGBA work image sha256:42eefefce46943ca)	KTX-Software ktx 4.4.2 (Apache-2.0); ktx create --assign-tf linear --format R8G8B8A8_UNORM --encode basis-lz --clevel 1 --qlevel 128 --generate-mipmap --normal-mode	KTX2, VK_FORMAT_UNDEFINED, 1024x1024, 11 levels, faces 1, KTX_SS_BASIS_LZ
27-game-assets/wrappers/ph_rock_normal_1k/ph_rock_normal_1k.bc7.bc7enc-u4.none.ktx2	1398576	22bdbbf212e2359b82c953c0da1d4d213cb1c9f634977b268f842d73468f700b	27-game-assets_wrappers.zip	CC0-1.0	none required (courtesy credit in README)	https://dl.polyhaven.org/file/ph-assets/Textures/png/1k/rock_boulder_cracked/rock_boulder_cracked_nor_gl_1k.png	rock_boulder_cracked_nor_gl_1k.png sha256:cfd4aa9e1c98a6e77cfb3918043e872abdb94bf7c2d0261f8c20f816b7c8b401 (8-bit RGBA work image sha256:42eefefce46943ca)	KTX-Software ktx 4.4.2 (Apache-2.0); ktx create --assign-tf linear --raw --format BC7_UNORM_BLOCK (BC7 level payloads written by bc7enc_rdo -C -u4)	KTX2, VK_FORMAT_BC7_UNORM_BLOCK, 1024x1024, 11 levels, faces 1, KTX_SS_NONE
27-game-assets/wrappers/ph_rock_normal_1k/ph_rock_normal_1k.bc7.bc7enc-u4.zstd19.ktx2	1322498	50441b4ef9bc8b187e39ecd21c254b6aac308e4c58a1e5e2dedb493df039c16b	27-game-assets_wrappers.zip	CC0-1.0	none required (courtesy credit in README)	https://dl.polyhaven.org/file/ph-assets/Textures/png/1k/rock_boulder_cracked/rock_boulder_cracked_nor_gl_1k.png	rock_boulder_cracked_nor_gl_1k.png sha256:cfd4aa9e1c98a6e77cfb3918043e872abdb94bf7c2d0261f8c20f816b7c8b401 (8-bit RGBA work image sha256:42eefefce46943ca)	KTX-Software ktx 4.4.2 (Apache-2.0); ktx create --assign-tf linear --raw --format BC7_UNORM_BLOCK (BC7 level payloads written by bc7enc_rdo -C -u4) --zstd 19	KTX2, VK_FORMAT_BC7_UNORM_BLOCK, 1024x1024, 11 levels, faces 1, KTX_SS_ZSTD
27-game-assets/wrappers/ph_rock_normal_1k/ph_rock_normal_1k.bc7.bc7enc-u4.zstd5.ktx2	1346850	a4acc52659131dd037bb7159fcd444f402b146b836bdfaa180be277670626372	27-game-assets_wrappers.zip	CC0-1.0	none required (courtesy credit in README)	https://dl.polyhaven.org/file/ph-assets/Textures/png/1k/rock_boulder_cracked/rock_boulder_cracked_nor_gl_1k.png	rock_boulder_cracked_nor_gl_1k.png sha256:cfd4aa9e1c98a6e77cfb3918043e872abdb94bf7c2d0261f8c20f816b7c8b401 (8-bit RGBA work image sha256:42eefefce46943ca)	KTX-Software ktx 4.4.2 (Apache-2.0); ktx create --assign-tf linear --raw --format BC7_UNORM_BLOCK (BC7 level payloads written by bc7enc_rdo -C -u4) --zstd 5	KTX2, VK_FORMAT_BC7_UNORM_BLOCK, 1024x1024, 11 levels, faces 1, KTX_SS_ZSTD
27-game-assets/wrappers/ph_rock_normal_1k/ph_rock_normal_1k.rgba8.none.ktx2	5592924	1153fa60f14a1002cbfa902db142b3d4f5f0dd01bd1d6448edd2abcbb6f55be1	27-game-assets_wrappers.zip	CC0-1.0	none required (courtesy credit in README)	https://dl.polyhaven.org/file/ph-assets/Textures/png/1k/rock_boulder_cracked/rock_boulder_cracked_nor_gl_1k.png	rock_boulder_cracked_nor_gl_1k.png sha256:cfd4aa9e1c98a6e77cfb3918043e872abdb94bf7c2d0261f8c20f816b7c8b401 (8-bit RGBA work image sha256:42eefefce46943ca)	KTX-Software ktx 4.4.2 (Apache-2.0); ktx create --assign-tf linear --format R8G8B8A8_UNORM --generate-mipmap	KTX2, VK_FORMAT_R8G8B8A8_UNORM, 1024x1024, 11 levels, faces 1, KTX_SS_NONE
27-game-assets/wrappers/ph_rock_normal_1k/ph_rock_normal_1k.rgba8.zstd19.ktx2	3509918	f7c8c51a68b5a3be72c4b4a26697d8f95be00609158d3bd2571fd1d7b33b9603	27-game-assets_wrappers.zip	CC0-1.0	none required (courtesy credit in README)	https://dl.polyhaven.org/file/ph-assets/Textures/png/1k/rock_boulder_cracked/rock_boulder_cracked_nor_gl_1k.png	rock_boulder_cracked_nor_gl_1k.png sha256:cfd4aa9e1c98a6e77cfb3918043e872abdb94bf7c2d0261f8c20f816b7c8b401 (8-bit RGBA work image sha256:42eefefce46943ca)	KTX-Software ktx 4.4.2 (Apache-2.0); ktx create --assign-tf linear --format R8G8B8A8_UNORM --generate-mipmap --zstd 19	KTX2, VK_FORMAT_R8G8B8A8_UNORM, 1024x1024, 11 levels, faces 1, KTX_SS_ZSTD
27-game-assets/wrappers/ph_rock_normal_1k/ph_rock_normal_1k.rgba8.zstd5.ktx2	3859059	1cd0db5a02bf1706805064f88125ace4c9a8959dde3161ff5bd90a7ab125e71a	27-game-assets_wrappers.zip	CC0-1.0	none required (courtesy credit in README)	https://dl.polyhaven.org/file/ph-assets/Textures/png/1k/rock_boulder_cracked/rock_boulder_cracked_nor_gl_1k.png	rock_boulder_cracked_nor_gl_1k.png sha256:cfd4aa9e1c98a6e77cfb3918043e872abdb94bf7c2d0261f8c20f816b7c8b401 (8-bit RGBA work image sha256:42eefefce46943ca)	KTX-Software ktx 4.4.2 (Apache-2.0); ktx create --assign-tf linear --format R8G8B8A8_UNORM --generate-mipmap --zstd 5	KTX2, VK_FORMAT_R8G8B8A8_UNORM, 1024x1024, 11 levels, faces 1, KTX_SS_ZSTD
27-game-assets/wrappers/ph_rock_normal_1k/ph_rock_normal_1k.uastc.q2-rdo1.none.ktx2	1398672	7f5fcd92699f154e4be1bf5b07df8d3e9f701e9d5b50016b344dae9051eb55cc	27-game-assets_wrappers.zip	CC0-1.0	none required (courtesy credit in README)	https://dl.polyhaven.org/file/ph-assets/Textures/png/1k/rock_boulder_cracked/rock_boulder_cracked_nor_gl_1k.png	rock_boulder_cracked_nor_gl_1k.png sha256:cfd4aa9e1c98a6e77cfb3918043e872abdb94bf7c2d0261f8c20f816b7c8b401 (8-bit RGBA work image sha256:42eefefce46943ca)	KTX-Software ktx 4.4.2 (Apache-2.0); ktx create --assign-tf linear --format R8G8B8A8_UNORM --encode uastc --uastc-quality 2 --uastc-rdo --uastc-rdo-l 1.0 --generate-mipmap --normal-mode	KTX2, VK_FORMAT_UNDEFINED, 1024x1024, 11 levels, faces 1, KTX_SS_NONE
27-game-assets/wrappers/ph_rock_normal_1k/ph_rock_normal_1k.uastc.q2-rdo1.zstd5.ktx2	1284319	36497d1f9c70eee100f7eb8dc3d9bf40f00f2484c9c1d726a3a4063b12514857	27-game-assets_wrappers.zip	CC0-1.0	none required (courtesy credit in README)	https://dl.polyhaven.org/file/ph-assets/Textures/png/1k/rock_boulder_cracked/rock_boulder_cracked_nor_gl_1k.png	rock_boulder_cracked_nor_gl_1k.png sha256:cfd4aa9e1c98a6e77cfb3918043e872abdb94bf7c2d0261f8c20f816b7c8b401 (8-bit RGBA work image sha256:42eefefce46943ca)	KTX-Software ktx 4.4.2 (Apache-2.0); ktx create --assign-tf linear --format R8G8B8A8_UNORM --encode uastc --uastc-quality 2 --uastc-rdo --uastc-rdo-l 1.0 --generate-mipmap --normal-mode --zstd 5	KTX2, VK_FORMAT_UNDEFINED, 1024x1024, 11 levels, faces 1, KTX_SS_ZSTD
27-game-assets/wrappers/ph_rock_normal_1k/ph_rock_normal_1k.uastc.q2.none.ktx2	1398640	a589a7beb976b340779ec2aa7fe94e0f1cd1762636ec9e9faf3abb14a83cd852	27-game-assets_wrappers.zip	CC0-1.0	none required (courtesy credit in README)	https://dl.polyhaven.org/file/ph-assets/Textures/png/1k/rock_boulder_cracked/rock_boulder_cracked_nor_gl_1k.png	rock_boulder_cracked_nor_gl_1k.png sha256:cfd4aa9e1c98a6e77cfb3918043e872abdb94bf7c2d0261f8c20f816b7c8b401 (8-bit RGBA work image sha256:42eefefce46943ca)	KTX-Software ktx 4.4.2 (Apache-2.0); ktx create --assign-tf linear --format R8G8B8A8_UNORM --encode uastc --uastc-quality 2 --generate-mipmap --normal-mode	KTX2, VK_FORMAT_UNDEFINED, 1024x1024, 11 levels, faces 1, KTX_SS_NONE
27-game-assets/wrappers/ph_rock_normal_1k/ph_rock_normal_1k.uastc.q2.zstd19.ktx2	1236789	6f770f222167be77da556223f533b62951ca4f2002d182d93d18679c40d6e9d4	27-game-assets_wrappers.zip	CC0-1.0	none required (courtesy credit in README)	https://dl.polyhaven.org/file/ph-assets/Textures/png/1k/rock_boulder_cracked/rock_boulder_cracked_nor_gl_1k.png	rock_boulder_cracked_nor_gl_1k.png sha256:cfd4aa9e1c98a6e77cfb3918043e872abdb94bf7c2d0261f8c20f816b7c8b401 (8-bit RGBA work image sha256:42eefefce46943ca)	KTX-Software ktx 4.4.2 (Apache-2.0); ktx create --assign-tf linear --format R8G8B8A8_UNORM --encode uastc --uastc-quality 2 --generate-mipmap --normal-mode --zstd 19	KTX2, VK_FORMAT_UNDEFINED, 1024x1024, 11 levels, faces 1, KTX_SS_ZSTD
27-game-assets/wrappers/ph_rock_normal_1k/ph_rock_normal_1k.uastc.q2.zstd5.ktx2	1287544	5612de674fe248888aebc8c6ee322ad9d4ef8d1b2de7f83cf7917116e373f564	27-game-assets_wrappers.zip	CC0-1.0	none required (courtesy credit in README)	https://dl.polyhaven.org/file/ph-assets/Textures/png/1k/rock_boulder_cracked/rock_boulder_cracked_nor_gl_1k.png	rock_boulder_cracked_nor_gl_1k.png sha256:cfd4aa9e1c98a6e77cfb3918043e872abdb94bf7c2d0261f8c20f816b7c8b401 (8-bit RGBA work image sha256:42eefefce46943ca)	KTX-Software ktx 4.4.2 (Apache-2.0); ktx create --assign-tf linear --format R8G8B8A8_UNORM --encode uastc --uastc-quality 2 --generate-mipmap --normal-mode --zstd 5	KTX2, VK_FORMAT_UNDEFINED, 1024x1024, 11 levels, faces 1, KTX_SS_ZSTD
27-game-assets/wrappers/ph_wood_arm_1k/ph_wood_arm_1k.astc6x6.ktx-medium.none.ktx2	626784	85b212f0e67404c9624b073be59ba1f7a6c431bc32d75c15b23413795132e132	27-game-assets_wrappers.zip	CC0-1.0	none required (courtesy credit in README)	https://dl.polyhaven.org/file/ph-assets/Textures/png/1k/wood_planks_grey/wood_planks_grey_arm_1k.png	wood_planks_grey_arm_1k.png sha256:9b81e9a0b4f9db0a920c4c2ce8ff13e0411b3624d4de455acdabe41e3fafe20e (8-bit RGBA work image sha256:0ee0b93ca3a8a832)	KTX-Software ktx 4.4.2 (Apache-2.0); ktx create --assign-tf linear --format ASTC_6x6_UNORM_BLOCK --astc-quality medium --generate-mipmap	KTX2, VK_FORMAT_ASTC_6x6_UNORM_BLOCK, 1024x1024, 11 levels, faces 1, KTX_SS_NONE
27-game-assets/wrappers/ph_wood_arm_1k/ph_wood_arm_1k.astc6x6.ktx-medium.zstd19.ktx2	484728	0744580306267f346abc89cfb5b48451c0ae54099189580983242860d071462f	27-game-assets_wrappers.zip	CC0-1.0	none required (courtesy credit in README)	https://dl.polyhaven.org/file/ph-assets/Textures/png/1k/wood_planks_grey/wood_planks_grey_arm_1k.png	wood_planks_grey_arm_1k.png sha256:9b81e9a0b4f9db0a920c4c2ce8ff13e0411b3624d4de455acdabe41e3fafe20e (8-bit RGBA work image sha256:0ee0b93ca3a8a832)	KTX-Software ktx 4.4.2 (Apache-2.0); ktx create --assign-tf linear --format ASTC_6x6_UNORM_BLOCK --astc-quality medium --generate-mipmap --zstd 19	KTX2, VK_FORMAT_ASTC_6x6_UNORM_BLOCK, 1024x1024, 11 levels, faces 1, KTX_SS_ZSTD
27-game-assets/wrappers/ph_wood_arm_1k/ph_wood_arm_1k.astc6x6.ktx-medium.zstd5.ktx2	515359	a1fc0f2f94fe8b814bf56bb6eeac320f4fbdbea222714ce259c613ec361931ae	27-game-assets_wrappers.zip	CC0-1.0	none required (courtesy credit in README)	https://dl.polyhaven.org/file/ph-assets/Textures/png/1k/wood_planks_grey/wood_planks_grey_arm_1k.png	wood_planks_grey_arm_1k.png sha256:9b81e9a0b4f9db0a920c4c2ce8ff13e0411b3624d4de455acdabe41e3fafe20e (8-bit RGBA work image sha256:0ee0b93ca3a8a832)	KTX-Software ktx 4.4.2 (Apache-2.0); ktx create --assign-tf linear --format ASTC_6x6_UNORM_BLOCK --astc-quality medium --generate-mipmap --zstd 5	KTX2, VK_FORMAT_ASTC_6x6_UNORM_BLOCK, 1024x1024, 11 levels, faces 1, KTX_SS_ZSTD
27-game-assets/wrappers/ph_wood_arm_1k/ph_wood_arm_1k.basislz.c1q128.none.ktx2	103193	6e3bc9628df41b21e63f0995085af6c4075d5b69acdd19082d11e2cc3c78f1e1	27-game-assets_wrappers.zip	CC0-1.0	none required (courtesy credit in README)	https://dl.polyhaven.org/file/ph-assets/Textures/png/1k/wood_planks_grey/wood_planks_grey_arm_1k.png	wood_planks_grey_arm_1k.png sha256:9b81e9a0b4f9db0a920c4c2ce8ff13e0411b3624d4de455acdabe41e3fafe20e (8-bit RGBA work image sha256:0ee0b93ca3a8a832)	KTX-Software ktx 4.4.2 (Apache-2.0); ktx create --assign-tf linear --format R8G8B8A8_UNORM --encode basis-lz --clevel 1 --qlevel 128 --generate-mipmap	KTX2, VK_FORMAT_UNDEFINED, 1024x1024, 11 levels, faces 1, KTX_SS_BASIS_LZ
27-game-assets/wrappers/ph_wood_arm_1k/ph_wood_arm_1k.bc7.bc7enc-u4.none.ktx2	1398576	134e6eeb41a0f6aa78f092232c4192049e9378bd7abd45f5b0453d990e554e41	27-game-assets_wrappers.zip	CC0-1.0	none required (courtesy credit in README)	https://dl.polyhaven.org/file/ph-assets/Textures/png/1k/wood_planks_grey/wood_planks_grey_arm_1k.png	wood_planks_grey_arm_1k.png sha256:9b81e9a0b4f9db0a920c4c2ce8ff13e0411b3624d4de455acdabe41e3fafe20e (8-bit RGBA work image sha256:0ee0b93ca3a8a832)	KTX-Software ktx 4.4.2 (Apache-2.0); ktx create --assign-tf linear --raw --format BC7_UNORM_BLOCK (BC7 level payloads written by bc7enc_rdo -C -u4)	KTX2, VK_FORMAT_BC7_UNORM_BLOCK, 1024x1024, 11 levels, faces 1, KTX_SS_NONE
27-game-assets/wrappers/ph_wood_arm_1k/ph_wood_arm_1k.bc7.bc7enc-u4.zstd19.ktx2	930392	379c5a8c5704ecf84fb793b7cf7fc8e9a0ce1fb3a0ca6400ea2e573c6947893e	27-game-assets_wrappers.zip	CC0-1.0	none required (courtesy credit in README)	https://dl.polyhaven.org/file/ph-assets/Textures/png/1k/wood_planks_grey/wood_planks_grey_arm_1k.png	wood_planks_grey_arm_1k.png sha256:9b81e9a0b4f9db0a920c4c2ce8ff13e0411b3624d4de455acdabe41e3fafe20e (8-bit RGBA work image sha256:0ee0b93ca3a8a832)	KTX-Software ktx 4.4.2 (Apache-2.0); ktx create --assign-tf linear --raw --format BC7_UNORM_BLOCK (BC7 level payloads written by bc7enc_rdo -C -u4) --zstd 19	KTX2, VK_FORMAT_BC7_UNORM_BLOCK, 1024x1024, 11 levels, faces 1, KTX_SS_ZSTD
27-game-assets/wrappers/ph_wood_arm_1k/ph_wood_arm_1k.bc7.bc7enc-u4.zstd5.ktx2	965574	a112b03b7c07c2e9d720809bf89a5f9eae312ca909631e0973f350b61ee9a9c5	27-game-assets_wrappers.zip	CC0-1.0	none required (courtesy credit in README)	https://dl.polyhaven.org/file/ph-assets/Textures/png/1k/wood_planks_grey/wood_planks_grey_arm_1k.png	wood_planks_grey_arm_1k.png sha256:9b81e9a0b4f9db0a920c4c2ce8ff13e0411b3624d4de455acdabe41e3fafe20e (8-bit RGBA work image sha256:0ee0b93ca3a8a832)	KTX-Software ktx 4.4.2 (Apache-2.0); ktx create --assign-tf linear --raw --format BC7_UNORM_BLOCK (BC7 level payloads written by bc7enc_rdo -C -u4) --zstd 5	KTX2, VK_FORMAT_BC7_UNORM_BLOCK, 1024x1024, 11 levels, faces 1, KTX_SS_ZSTD
27-game-assets/wrappers/ph_wood_arm_1k/ph_wood_arm_1k.rgba8.none.ktx2	5592924	7f505dcaaca789f3c40b2f8776f37e91207fcbc90c4c243caf9ee98b8f9d3f49	27-game-assets_wrappers.zip	CC0-1.0	none required (courtesy credit in README)	https://dl.polyhaven.org/file/ph-assets/Textures/png/1k/wood_planks_grey/wood_planks_grey_arm_1k.png	wood_planks_grey_arm_1k.png sha256:9b81e9a0b4f9db0a920c4c2ce8ff13e0411b3624d4de455acdabe41e3fafe20e (8-bit RGBA work image sha256:0ee0b93ca3a8a832)	KTX-Software ktx 4.4.2 (Apache-2.0); ktx create --assign-tf linear --format R8G8B8A8_UNORM --generate-mipmap	KTX2, VK_FORMAT_R8G8B8A8_UNORM, 1024x1024, 11 levels, faces 1, KTX_SS_NONE
27-game-assets/wrappers/ph_wood_arm_1k/ph_wood_arm_1k.rgba8.zstd19.ktx2	1437691	1a9e85200bab918fdd89eb593161a8e62799c743a4366684ac0628522305557b	27-game-assets_wrappers.zip	CC0-1.0	none required (courtesy credit in README)	https://dl.polyhaven.org/file/ph-assets/Textures/png/1k/wood_planks_grey/wood_planks_grey_arm_1k.png	wood_planks_grey_arm_1k.png sha256:9b81e9a0b4f9db0a920c4c2ce8ff13e0411b3624d4de455acdabe41e3fafe20e (8-bit RGBA work image sha256:0ee0b93ca3a8a832)	KTX-Software ktx 4.4.2 (Apache-2.0); ktx create --assign-tf linear --format R8G8B8A8_UNORM --generate-mipmap --zstd 19	KTX2, VK_FORMAT_R8G8B8A8_UNORM, 1024x1024, 11 levels, faces 1, KTX_SS_ZSTD
27-game-assets/wrappers/ph_wood_arm_1k/ph_wood_arm_1k.rgba8.zstd5.ktx2	1637034	030e8f5dabeaa4ec47bf43e4b86140c5707937cea3b0100d2dd5339331a09bc9	27-game-assets_wrappers.zip	CC0-1.0	none required (courtesy credit in README)	https://dl.polyhaven.org/file/ph-assets/Textures/png/1k/wood_planks_grey/wood_planks_grey_arm_1k.png	wood_planks_grey_arm_1k.png sha256:9b81e9a0b4f9db0a920c4c2ce8ff13e0411b3624d4de455acdabe41e3fafe20e (8-bit RGBA work image sha256:0ee0b93ca3a8a832)	KTX-Software ktx 4.4.2 (Apache-2.0); ktx create --assign-tf linear --format R8G8B8A8_UNORM --generate-mipmap --zstd 5	KTX2, VK_FORMAT_R8G8B8A8_UNORM, 1024x1024, 11 levels, faces 1, KTX_SS_ZSTD
27-game-assets/wrappers/ph_wood_arm_1k/ph_wood_arm_1k.uastc.q2-rdo1.none.ktx2	1398656	158c63114a5132799efced8e0e4367f78ada7707966b955e013109d222239093	27-game-assets_wrappers.zip	CC0-1.0	none required (courtesy credit in README)	https://dl.polyhaven.org/file/ph-assets/Textures/png/1k/wood_planks_grey/wood_planks_grey_arm_1k.png	wood_planks_grey_arm_1k.png sha256:9b81e9a0b4f9db0a920c4c2ce8ff13e0411b3624d4de455acdabe41e3fafe20e (8-bit RGBA work image sha256:0ee0b93ca3a8a832)	KTX-Software ktx 4.4.2 (Apache-2.0); ktx create --assign-tf linear --format R8G8B8A8_UNORM --encode uastc --uastc-quality 2 --uastc-rdo --uastc-rdo-l 1.0 --generate-mipmap	KTX2, VK_FORMAT_UNDEFINED, 1024x1024, 11 levels, faces 1, KTX_SS_NONE
27-game-assets/wrappers/ph_wood_arm_1k/ph_wood_arm_1k.uastc.q2-rdo1.zstd5.ktx2	678504	5aca7b21fc9e3c8d90ce82ce04769e7921e1886351044b76b6a4435c708d6a56	27-game-assets_wrappers.zip	CC0-1.0	none required (courtesy credit in README)	https://dl.polyhaven.org/file/ph-assets/Textures/png/1k/wood_planks_grey/wood_planks_grey_arm_1k.png	wood_planks_grey_arm_1k.png sha256:9b81e9a0b4f9db0a920c4c2ce8ff13e0411b3624d4de455acdabe41e3fafe20e (8-bit RGBA work image sha256:0ee0b93ca3a8a832)	KTX-Software ktx 4.4.2 (Apache-2.0); ktx create --assign-tf linear --format R8G8B8A8_UNORM --encode uastc --uastc-quality 2 --uastc-rdo --uastc-rdo-l 1.0 --generate-mipmap --zstd 5	KTX2, VK_FORMAT_UNDEFINED, 1024x1024, 11 levels, faces 1, KTX_SS_ZSTD
27-game-assets/wrappers/ph_wood_arm_1k/ph_wood_arm_1k.uastc.q2.none.ktx2	1398624	4662d77549caff414a396751b6e803f28fd8dc5f98f7f9544766ccc7d96bb79c	27-game-assets_wrappers.zip	CC0-1.0	none required (courtesy credit in README)	https://dl.polyhaven.org/file/ph-assets/Textures/png/1k/wood_planks_grey/wood_planks_grey_arm_1k.png	wood_planks_grey_arm_1k.png sha256:9b81e9a0b4f9db0a920c4c2ce8ff13e0411b3624d4de455acdabe41e3fafe20e (8-bit RGBA work image sha256:0ee0b93ca3a8a832)	KTX-Software ktx 4.4.2 (Apache-2.0); ktx create --assign-tf linear --format R8G8B8A8_UNORM --encode uastc --uastc-quality 2 --generate-mipmap	KTX2, VK_FORMAT_UNDEFINED, 1024x1024, 11 levels, faces 1, KTX_SS_NONE
27-game-assets/wrappers/ph_wood_arm_1k/ph_wood_arm_1k.uastc.q2.zstd19.ktx2	988525	2e238b631d96d1443f1d35221dd04f6f73b561ce8e19ad8348acb395ecd1c745	27-game-assets_wrappers.zip	CC0-1.0	none required (courtesy credit in README)	https://dl.polyhaven.org/file/ph-assets/Textures/png/1k/wood_planks_grey/wood_planks_grey_arm_1k.png	wood_planks_grey_arm_1k.png sha256:9b81e9a0b4f9db0a920c4c2ce8ff13e0411b3624d4de455acdabe41e3fafe20e (8-bit RGBA work image sha256:0ee0b93ca3a8a832)	KTX-Software ktx 4.4.2 (Apache-2.0); ktx create --assign-tf linear --format R8G8B8A8_UNORM --encode uastc --uastc-quality 2 --generate-mipmap --zstd 19	KTX2, VK_FORMAT_UNDEFINED, 1024x1024, 11 levels, faces 1, KTX_SS_ZSTD
27-game-assets/wrappers/ph_wood_arm_1k/ph_wood_arm_1k.uastc.q2.zstd5.ktx2	1069867	460557f4e4c57973765def82bb66399916d990882f60aaca71d4e4eef0a2e65d	27-game-assets_wrappers.zip	CC0-1.0	none required (courtesy credit in README)	https://dl.polyhaven.org/file/ph-assets/Textures/png/1k/wood_planks_grey/wood_planks_grey_arm_1k.png	wood_planks_grey_arm_1k.png sha256:9b81e9a0b4f9db0a920c4c2ce8ff13e0411b3624d4de455acdabe41e3fafe20e (8-bit RGBA work image sha256:0ee0b93ca3a8a832)	KTX-Software ktx 4.4.2 (Apache-2.0); ktx create --assign-tf linear --format R8G8B8A8_UNORM --encode uastc --uastc-quality 2 --generate-mipmap --zstd 5	KTX2, VK_FORMAT_UNDEFINED, 1024x1024, 11 levels, faces 1, KTX_SS_ZSTD
27-game-assets/wrappers/ui_atlas/ui_atlas.astc6x6.ktx-medium.none.ktx2	2498240	3b842642e5f18246de6ad07a5b1ef34c5563907e5f91bfb9f62db7d025727c19	27-game-assets_wrappers.zip	CC0-1.0	none required (courtesy credit in README)	https://kenney.nl/assets/ui-pack	kenney_ui-pack.zip sha256:a8a14a234911eb648c062622915c93e79e94e97cb7f9f375a70f6617f1174318 (129 PNG sprites shelf-packed into one 2048x2048 RGBA sheet; work image sha256:cb313b64f1f8b814)	KTX-Software ktx 4.4.2 (Apache-2.0); ktx create --format ASTC_6x6_SRGB_BLOCK --astc-quality medium --generate-mipmap	KTX2, VK_FORMAT_ASTC_6x6_SRGB_BLOCK, 2048x2048, 12 levels, faces 1, KTX_SS_NONE
27-game-assets/wrappers/ui_atlas/ui_atlas.astc6x6.ktx-medium.zstd19.ktx2	199765	0086f20648a6a6f416609f462af0b8e74b70d752e45fc64187530199c76f3c0b	27-game-assets_wrappers.zip	CC0-1.0	none required (courtesy credit in README)	https://kenney.nl/assets/ui-pack	kenney_ui-pack.zip sha256:a8a14a234911eb648c062622915c93e79e94e97cb7f9f375a70f6617f1174318 (129 PNG sprites shelf-packed into one 2048x2048 RGBA sheet; work image sha256:cb313b64f1f8b814)	KTX-Software ktx 4.4.2 (Apache-2.0); ktx create --format ASTC_6x6_SRGB_BLOCK --astc-quality medium --generate-mipmap --zstd 19	KTX2, VK_FORMAT_ASTC_6x6_SRGB_BLOCK, 2048x2048, 12 levels, faces 1, KTX_SS_ZSTD
27-game-assets/wrappers/ui_atlas/ui_atlas.astc6x6.ktx-medium.zstd5.ktx2	213481	a62cbeb812980630181dd181c2424ccfb18e18f4fc26873ac192a9000468312b	27-game-assets_wrappers.zip	CC0-1.0	none required (courtesy credit in README)	https://kenney.nl/assets/ui-pack	kenney_ui-pack.zip sha256:a8a14a234911eb648c062622915c93e79e94e97cb7f9f375a70f6617f1174318 (129 PNG sprites shelf-packed into one 2048x2048 RGBA sheet; work image sha256:cb313b64f1f8b814)	KTX-Software ktx 4.4.2 (Apache-2.0); ktx create --format ASTC_6x6_SRGB_BLOCK --astc-quality medium --generate-mipmap --zstd 5	KTX2, VK_FORMAT_ASTC_6x6_SRGB_BLOCK, 2048x2048, 12 levels, faces 1, KTX_SS_ZSTD
27-game-assets/wrappers/ui_atlas/ui_atlas.basislz.c1q128.none.ktx2	147352	b8e231f953769f91947204f4cca402814783a5c8e6dd276502c09e50e4b7d119	27-game-assets_wrappers.zip	CC0-1.0	none required (courtesy credit in README)	https://kenney.nl/assets/ui-pack	kenney_ui-pack.zip sha256:a8a14a234911eb648c062622915c93e79e94e97cb7f9f375a70f6617f1174318 (129 PNG sprites shelf-packed into one 2048x2048 RGBA sheet; work image sha256:cb313b64f1f8b814)	KTX-Software ktx 4.4.2 (Apache-2.0); ktx create --format R8G8B8A8_SRGB --encode basis-lz --clevel 1 --qlevel 128 --generate-mipmap	KTX2, VK_FORMAT_UNDEFINED, 2048x2048, 12 levels, faces 1, KTX_SS_BASIS_LZ
27-game-assets/wrappers/ui_atlas/ui_atlas.bc7.bc7enc-u4.none.ktx2	5592896	9bd023ad8d2452da755a13946f58e32056196b13c68c7fca039311294ca01df4	27-game-assets_wrappers.zip	CC0-1.0	none required (courtesy credit in README)	https://kenney.nl/assets/ui-pack	kenney_ui-pack.zip sha256:a8a14a234911eb648c062622915c93e79e94e97cb7f9f375a70f6617f1174318 (129 PNG sprites shelf-packed into one 2048x2048 RGBA sheet; work image sha256:cb313b64f1f8b814)	KTX-Software ktx 4.4.2 (Apache-2.0); ktx create --raw --format BC7_SRGB_BLOCK (BC7 level payloads written by bc7enc_rdo -C -u4)	KTX2, VK_FORMAT_BC7_SRGB_BLOCK, 2048x2048, 12 levels, faces 1, KTX_SS_NONE
27-game-assets/wrappers/ui_atlas/ui_atlas.bc7.bc7enc-u4.zstd19.ktx2	142383	18d564af571ecbf1eed075d380a2eefd0fc9b72affdbae8aaff68bbca2b9f6ca	27-game-assets_wrappers.zip	CC0-1.0	none required (courtesy credit in README)	https://kenney.nl/assets/ui-pack	kenney_ui-pack.zip sha256:a8a14a234911eb648c062622915c93e79e94e97cb7f9f375a70f6617f1174318 (129 PNG sprites shelf-packed into one 2048x2048 RGBA sheet; work image sha256:cb313b64f1f8b814)	KTX-Software ktx 4.4.2 (Apache-2.0); ktx create --raw --format BC7_SRGB_BLOCK (BC7 level payloads written by bc7enc_rdo -C -u4) --zstd 19	KTX2, VK_FORMAT_BC7_SRGB_BLOCK, 2048x2048, 12 levels, faces 1, KTX_SS_ZSTD
27-game-assets/wrappers/ui_atlas/ui_atlas.bc7.bc7enc-u4.zstd5.ktx2	157658	709bd81cbb2095cc442b3256fc0346191f4160ac4ed6b170f4d7cb49ee5b52a1	27-game-assets_wrappers.zip	CC0-1.0	none required (courtesy credit in README)	https://kenney.nl/assets/ui-pack	kenney_ui-pack.zip sha256:a8a14a234911eb648c062622915c93e79e94e97cb7f9f375a70f6617f1174318 (129 PNG sprites shelf-packed into one 2048x2048 RGBA sheet; work image sha256:cb313b64f1f8b814)	KTX-Software ktx 4.4.2 (Apache-2.0); ktx create --raw --format BC7_SRGB_BLOCK (BC7 level payloads written by bc7enc_rdo -C -u4) --zstd 5	KTX2, VK_FORMAT_BC7_SRGB_BLOCK, 2048x2048, 12 levels, faces 1, KTX_SS_ZSTD
27-game-assets/wrappers/ui_atlas/ui_atlas.rgba8.none.ktx2	22370164	8e3260faa9dbebab2583534e37d86de20f81e5e72c24201e4d4c8ba6e6df715c	27-game-assets_wrappers.zip	CC0-1.0	none required (courtesy credit in README)	https://kenney.nl/assets/ui-pack	kenney_ui-pack.zip sha256:a8a14a234911eb648c062622915c93e79e94e97cb7f9f375a70f6617f1174318 (129 PNG sprites shelf-packed into one 2048x2048 RGBA sheet; work image sha256:cb313b64f1f8b814)	KTX-Software ktx 4.4.2 (Apache-2.0); ktx create --format R8G8B8A8_SRGB --generate-mipmap	KTX2, VK_FORMAT_R8G8B8A8_SRGB, 2048x2048, 12 levels, faces 1, KTX_SS_NONE
27-game-assets/wrappers/ui_atlas/ui_atlas.rgba8.zstd19.ktx2	393344	e0093e897f1bc3b477095a884515e9890e8b6fbfb7436a5aedd3bafd2c21f31e	27-game-assets_wrappers.zip	CC0-1.0	none required (courtesy credit in README)	https://kenney.nl/assets/ui-pack	kenney_ui-pack.zip sha256:a8a14a234911eb648c062622915c93e79e94e97cb7f9f375a70f6617f1174318 (129 PNG sprites shelf-packed into one 2048x2048 RGBA sheet; work image sha256:cb313b64f1f8b814)	KTX-Software ktx 4.4.2 (Apache-2.0); ktx create --format R8G8B8A8_SRGB --generate-mipmap --zstd 19	KTX2, VK_FORMAT_R8G8B8A8_SRGB, 2048x2048, 12 levels, faces 1, KTX_SS_ZSTD
27-game-assets/wrappers/ui_atlas/ui_atlas.rgba8.zstd5.ktx2	498850	b980e450b6011d1a4574d37f1ea4eb6b0eaa0e2f58a8b29ed52a8329284ce55d	27-game-assets_wrappers.zip	CC0-1.0	none required (courtesy credit in README)	https://kenney.nl/assets/ui-pack	kenney_ui-pack.zip sha256:a8a14a234911eb648c062622915c93e79e94e97cb7f9f375a70f6617f1174318 (129 PNG sprites shelf-packed into one 2048x2048 RGBA sheet; work image sha256:cb313b64f1f8b814)	KTX-Software ktx 4.4.2 (Apache-2.0); ktx create --format R8G8B8A8_SRGB --generate-mipmap --zstd 5	KTX2, VK_FORMAT_R8G8B8A8_SRGB, 2048x2048, 12 levels, faces 1, KTX_SS_ZSTD
27-game-assets/wrappers/ui_atlas/ui_atlas.uastc.q2-rdo1.none.ktx2	5592976	fdeca11f0ec59dfb5eaae0e3b5cf2ae7633238581024e0e9c60e3a7698bc8e9a	27-game-assets_wrappers.zip	CC0-1.0	none required (courtesy credit in README)	https://kenney.nl/assets/ui-pack	kenney_ui-pack.zip sha256:a8a14a234911eb648c062622915c93e79e94e97cb7f9f375a70f6617f1174318 (129 PNG sprites shelf-packed into one 2048x2048 RGBA sheet; work image sha256:cb313b64f1f8b814)	KTX-Software ktx 4.4.2 (Apache-2.0); ktx create --format R8G8B8A8_SRGB --encode uastc --uastc-quality 2 --uastc-rdo --uastc-rdo-l 1.0 --generate-mipmap	KTX2, VK_FORMAT_UNDEFINED, 2048x2048, 12 levels, faces 1, KTX_SS_NONE
27-game-assets/wrappers/ui_atlas/ui_atlas.uastc.q2-rdo1.zstd5.ktx2	210439	fcba1f41bb6e900e028a86440fe32cd314ee301d1456c25105da749ba7a409c1	27-game-assets_wrappers.zip	CC0-1.0	none required (courtesy credit in README)	https://kenney.nl/assets/ui-pack	kenney_ui-pack.zip sha256:a8a14a234911eb648c062622915c93e79e94e97cb7f9f375a70f6617f1174318 (129 PNG sprites shelf-packed into one 2048x2048 RGBA sheet; work image sha256:cb313b64f1f8b814)	KTX-Software ktx 4.4.2 (Apache-2.0); ktx create --format R8G8B8A8_SRGB --encode uastc --uastc-quality 2 --uastc-rdo --uastc-rdo-l 1.0 --generate-mipmap --zstd 5	KTX2, VK_FORMAT_UNDEFINED, 2048x2048, 12 levels, faces 1, KTX_SS_ZSTD
27-game-assets/wrappers/ui_atlas/ui_atlas.uastc.q2.none.ktx2	5592944	0ab6181c3fabe20416ef6d7d6ff1420f4acce6de808af2a28f1df6f235e4fe42	27-game-assets_wrappers.zip	CC0-1.0	none required (courtesy credit in README)	https://kenney.nl/assets/ui-pack	kenney_ui-pack.zip sha256:a8a14a234911eb648c062622915c93e79e94e97cb7f9f375a70f6617f1174318 (129 PNG sprites shelf-packed into one 2048x2048 RGBA sheet; work image sha256:cb313b64f1f8b814)	KTX-Software ktx 4.4.2 (Apache-2.0); ktx create --format R8G8B8A8_SRGB --encode uastc --uastc-quality 2 --generate-mipmap	KTX2, VK_FORMAT_UNDEFINED, 2048x2048, 12 levels, faces 1, KTX_SS_NONE
27-game-assets/wrappers/ui_atlas/ui_atlas.uastc.q2.zstd19.ktx2	195142	bb1bfb0e6f684b0e5d4aa862c4e3473ea6455fc0debb51660841fa14b180b69c	27-game-assets_wrappers.zip	CC0-1.0	none required (courtesy credit in README)	https://kenney.nl/assets/ui-pack	kenney_ui-pack.zip sha256:a8a14a234911eb648c062622915c93e79e94e97cb7f9f375a70f6617f1174318 (129 PNG sprites shelf-packed into one 2048x2048 RGBA sheet; work image sha256:cb313b64f1f8b814)	KTX-Software ktx 4.4.2 (Apache-2.0); ktx create --format R8G8B8A8_SRGB --encode uastc --uastc-quality 2 --generate-mipmap --zstd 19	KTX2, VK_FORMAT_UNDEFINED, 2048x2048, 12 levels, faces 1, KTX_SS_ZSTD
27-game-assets/wrappers/ui_atlas/ui_atlas.uastc.q2.zstd5.ktx2	215242	3e5a09e20ae0b39421ee308bf994a9d3b95cf640d4c83c1d3b238c30c38926f0	27-game-assets_wrappers.zip	CC0-1.0	none required (courtesy credit in README)	https://kenney.nl/assets/ui-pack	kenney_ui-pack.zip sha256:a8a14a234911eb648c062622915c93e79e94e97cb7f9f375a70f6617f1174318 (129 PNG sprites shelf-packed into one 2048x2048 RGBA sheet; work image sha256:cb313b64f1f8b814)	KTX-Software ktx 4.4.2 (Apache-2.0); ktx create --format R8G8B8A8_SRGB --encode uastc --uastc-quality 2 --generate-mipmap --zstd 5	KTX2, VK_FORMAT_UNDEFINED, 2048x2048, 12 levels, faces 1, KTX_SS_ZSTD
